homestatecode,salestatecode,month,year,txn_count,salestatename,homestatename
08,27,1,2020,1,MAHARASHTRA,RAJASTHAN
24,27,1,2020,9,MAHARASHTRA,GUJARAT
36,27,1,2020,2,MAHARASHTRA,TELANGANA
27,30,1,2020,6,GOA,MAHARASHTRA
27,32,1,2020,4,KERALA,MAHARASHTRA
27,36,1,2020,68,TELANGANA,MAHARASHTRA
08,06,2,2020,3,HARYANA,RAJASTHAN
30,06,2,2020,1,HARYANA,GOA
06,11,2,2020,2,SIKKIM,HARYANA
23,24,2,2020,6,GUJARAT,MADHYA PRADESH
27,24,2,2020,2,GUJARAT,MAHARASHTRA
03,06,3,2020,1,HARYANA,PUNJAB
06,08,3,2020,3,RAJASTHAN,HARYANA
09,10,3,2020,1,BIHAR,UTTAR PRADESH
08,24,3,2020,1,GUJARAT,RAJASTHAN
28,36,3,2020,345,TELANGANA,ANDHRA PRADESH
27,20,4,2020,1,JHARKHAND,MAHARASHTRA
29,28,4,2020,1,ANDHRA PRADESH,KARNATAKA
27,29,4,2020,1,KARNATAKA,MAHARASHTRA
27,36,4,2020,61,TELANGANA,MAHARASHTRA
11,05,5,2020,22,UTTARAKHAND,SIKKIM
10,20,5,2020,3,JHARKHAND,BIHAR
11,21,5,2020,5,ODISHA,SIKKIM
09,27,5,2020,15,MAHARASHTRA,UTTAR PRADESH
36,28,5,2020,29,ANDHRA PRADESH,TELANGANA
11,30,5,2020,1,GOA,SIKKIM
13,30,5,2020,2,GOA,NAGALAND
27,30,5,2020,3,GOA,MAHARASHTRA
09,32,5,2020,1,KERALA,UTTAR PRADESH
06,01,6,2020,1,JAMMU AND KASHMIR,HARYANA
23,09,6,2020,2,UTTAR PRADESH,MADHYA PRADESH
36,09,6,2020,4,UTTAR PRADESH,TELANGANA
09,23,6,2020,1,MADHYA PRADESH,UTTAR PRADESH
23,24,6,2020,2,GUJARAT,MADHYA PRADESH
09,29,6,2020,2,KARNATAKA,UTTAR PRADESH
29,32,6,2020,89,KERALA,KARNATAKA
09,01,7,2020,391,JAMMU AND KASHMIR,UTTAR PRADESH
23,01,7,2020,6,JAMMU AND KASHMIR,MADHYA PRADESH
06,05,7,2020,1,UTTARAKHAND,HARYANA
09,05,7,2020,25,UTTARAKHAND,UTTAR PRADESH
09,06,7,2020,80,HARYANA,UTTAR PRADESH
10,06,7,2020,25,HARYANA,BIHAR
06,09,7,2020,57,UTTAR PRADESH,HARYANA
24,09,7,2020,20,UTTAR PRADESH,GUJARAT
27,09,7,2020,469,UTTAR PRADESH,MAHARASHTRA
06,22,7,2020,12,CHHATTISGARH,HARYANA
06,24,7,2020,1,GUJARAT,HARYANA
08,24,7,2020,5,GUJARAT,RAJASTHAN
09,27,7,2020,28,MAHARASHTRA,UTTAR PRADESH
09,30,7,2020,17,GOA,UTTAR PRADESH
06,31,7,2020,16,LAKSHADWEEP,HARYANA
24,32,7,2020,1,KERALA,GUJARAT
20,35,7,2020,1,ANDAMAN AND NICOBAR ISLANDS,JHARKHAND
27,36,7,2020,12,TELANGANA,MAHARASHTRA
09,01,8,2020,164,JAMMU AND KASHMIR,UTTAR PRADESH
10,01,8,2020,14,JAMMU AND KASHMIR,BIHAR
06,03,8,2020,3,PUNJAB,HARYANA
20,06,8,2020,1,HARYANA,JHARKHAND
24,09,8,2020,22,UTTAR PRADESH,GUJARAT
27,20,8,2020,1,JHARKHAND,MAHARASHTRA
20,24,8,2020,1,GUJARAT,JHARKHAND
32,30,8,2020,1,GOA,KERALA
06,37,8,2020,2,LADAKH,HARYANA
10,01,9,2020,14,JAMMU AND KASHMIR,BIHAR
01,03,9,2020,1,PUNJAB,JAMMU AND KASHMIR
10,05,9,2020,1,UTTARAKHAND,BIHAR
08,06,9,2020,1,HARYANA,RAJASTHAN
10,06,9,2020,63,HARYANA,BIHAR
20,06,9,2020,2,HARYANA,JHARKHAND
06,09,9,2020,56,UTTAR PRADESH,HARYANA
27,09,9,2020,470,UTTAR PRADESH,MAHARASHTRA
29,09,9,2020,4,UTTAR PRADESH,KARNATAKA
36,09,9,2020,3,UTTAR PRADESH,TELANGANA
06,10,9,2020,2,BIHAR,HARYANA
10,14,9,2020,2,MANIPUR,BIHAR
12,14,9,2020,1,MANIPUR,ARUNACHAL PRADESH
10,20,9,2020,145,JHARKHAND,BIHAR
10,27,9,2020,55,MAHARASHTRA,BIHAR
29,27,9,2020,9,MAHARASHTRA,KARNATAKA
32,29,9,2020,2,KARNATAKA,KERALA
10,30,9,2020,15,GOA,BIHAR
27,30,9,2020,27,GOA,MAHARASHTRA
24,32,9,2020,1,KERALA,GUJARAT
10,35,9,2020,1,ANDAMAN AND NICOBAR ISLANDS,BIHAR
27,36,9,2020,15,TELANGANA,MAHARASHTRA
06,04,10,2020,2,CHANDIGARH,HARYANA
09,05,10,2020,12,UTTARAKHAND,UTTAR PRADESH
10,05,10,2020,1,UTTARAKHAND,BIHAR
20,06,10,2020,1,HARYANA,JHARKHAND
24,09,10,2020,19,UTTAR PRADESH,GUJARAT
10,13,10,2020,16,NAGALAND,BIHAR
10,23,10,2020,19,MADHYA PRADESH,BIHAR
23,24,10,2020,62,GUJARAT,MADHYA PRADESH
27,24,10,2020,42,GUJARAT,MAHARASHTRA
09,28,10,2020,4,ANDHRA PRADESH,UTTAR PRADESH
10,28,10,2020,5,ANDHRA PRADESH,BIHAR
09,29,10,2020,1,KARNATAKA,UTTAR PRADESH
28,29,10,2020,2,KARNATAKA,ANDHRA PRADESH
32,29,10,2020,3,KARNATAKA,KERALA
29,30,10,2020,139,GOA,KARNATAKA
12,33,10,2020,1,TAMIL NADU,ARUNACHAL PRADESH
09,05,11,2020,9,UTTARAKHAND,UTTAR PRADESH
20,06,11,2020,3,HARYANA,JHARKHAND
23,08,11,2020,6,RAJASTHAN,MADHYA PRADESH
06,09,11,2020,52,UTTAR PRADESH,HARYANA
08,09,11,2020,14,UTTAR PRADESH,RAJASTHAN
20,09,11,2020,19,UTTAR PRADESH,JHARKHAND
23,09,11,2020,16,UTTAR PRADESH,MADHYA PRADESH
20,10,11,2020,2,BIHAR,JHARKHAND
06,24,11,2020,3,GUJARAT,HARYANA
20,24,11,2020,6,GUJARAT,JHARKHAND
09,27,11,2020,166,MAHARASHTRA,UTTAR PRADESH
10,27,11,2020,163,MAHARASHTRA,BIHAR
09,28,11,2020,5,ANDHRA PRADESH,UTTAR PRADESH
29,28,11,2020,19,ANDHRA PRADESH,KARNATAKA
33,28,11,2020,1,ANDHRA PRADESH,TAMIL NADU
33,29,11,2020,7,KARNATAKA,TAMIL NADU
32,30,11,2020,1,GOA,KERALA
09,32,11,2020,7,KERALA,UTTAR PRADESH
23,32,11,2020,5,KERALA,MADHYA PRADESH
24,32,11,2020,2,KERALA,GUJARAT
29,32,11,2020,113,KERALA,KARNATAKA
36,32,11,2020,1,KERALA,TELANGANA
20,01,12,2020,1,JAMMU AND KASHMIR,JHARKHAND
20,06,12,2020,3,HARYANA,JHARKHAND
10,08,12,2020,1,RAJASTHAN,BIHAR
29,08,12,2020,1,RAJASTHAN,KARNATAKA
06,09,12,2020,52,UTTAR PRADESH,HARYANA
10,09,12,2020,10,UTTAR PRADESH,BIHAR
23,09,12,2020,12,UTTAR PRADESH,MADHYA PRADESH
20,10,12,2020,2,BIHAR,JHARKHAND
08,23,12,2020,2,MADHYA PRADESH,RAJASTHAN
24,23,12,2020,1,MADHYA PRADESH,GUJARAT
06,24,12,2020,1,GUJARAT,HARYANA
08,24,12,2020,22,GUJARAT,RAJASTHAN
09,24,12,2020,240,GUJARAT,UTTAR PRADESH
20,24,12,2020,7,GUJARAT,JHARKHAND
27,24,12,2020,60,GUJARAT,MAHARASHTRA
29,24,12,2020,1,GUJARAT,KARNATAKA
24,27,12,2020,1,MAHARASHTRA,GUJARAT
09,29,12,2020,4,KARNATAKA,UTTAR PRADESH
10,29,12,2020,6,KARNATAKA,BIHAR
23,30,12,2020,1,GOA,MADHYA PRADESH
06,32,12,2020,1,KERALA,HARYANA
24,32,12,2020,3,KERALA,GUJARAT
27,32,12,2020,27,KERALA,MAHARASHTRA
36,32,12,2020,1,KERALA,TELANGANA
06,33,12,2020,10,TAMIL NADU,HARYANA
29,36,12,2020,41,TELANGANA,KARNATAKA
08,06,1,2021,2,HARYANA,RAJASTHAN
36,06,1,2021,1,HARYANA,TELANGANA
27,08,1,2021,2,RAJASTHAN,MAHARASHTRA
09,23,1,2021,30,MADHYA PRADESH,UTTAR PRADESH
23,24,1,2021,60,GUJARAT,MADHYA PRADESH
32,29,1,2021,1,KARNATAKA,KERALA
32,30,1,2021,1,GOA,KERALA
24,32,1,2021,3,KERALA,GUJARAT
27,32,1,2021,31,KERALA,MAHARASHTRA
27,36,1,2021,29,TELANGANA,MAHARASHTRA
27,01,2,2021,3,JAMMU AND KASHMIR,MAHARASHTRA
33,02,2,2021,1,HIMACHAL PRADESH,TAMIL NADU
20,06,2,2021,1,HARYANA,JHARKHAND
23,06,2,2021,7,HARYANA,MADHYA PRADESH
06,08,2,2021,14,RAJASTHAN,HARYANA
10,08,2,2021,7,RAJASTHAN,BIHAR
08,09,2,2021,16,UTTAR PRADESH,RAJASTHAN
20,09,2,2021,30,UTTAR PRADESH,JHARKHAND
23,09,2,2021,4,UTTAR PRADESH,MADHYA PRADESH
06,10,2,2021,2,BIHAR,HARYANA
10,20,2,2021,158,JHARKHAND,BIHAR
29,20,2,2021,1,JHARKHAND,KARNATAKA
27,23,2,2021,1,MADHYA PRADESH,MAHARASHTRA
08,24,2,2021,72,GUJARAT,RAJASTHAN
20,24,2,2021,7,GUJARAT,JHARKHAND
10,27,2,2021,105,MAHARASHTRA,BIHAR
28,27,2,2021,1,MAHARASHTRA,ANDHRA PRADESH
06,32,2,2021,1,KERALA,HARYANA
33,32,2,2021,19,KERALA,TAMIL NADU
36,32,2,2021,2,KERALA,TELANGANA
09,33,2,2021,1,TAMIL NADU,UTTAR PRADESH
27,36,2,2021,29,TELANGANA,MAHARASHTRA
20,01,3,2021,5,JAMMU AND KASHMIR,JHARKHAND
27,01,3,2021,4,JAMMU AND KASHMIR,MAHARASHTRA
10,02,3,2021,1,HIMACHAL PRADESH,BIHAR
10,03,3,2021,21,PUNJAB,BIHAR
23,06,3,2021,72,HARYANA,MADHYA PRADESH
06,08,3,2021,27,RAJASTHAN,HARYANA
23,08,3,2021,44,RAJASTHAN,MADHYA PRADESH
27,08,3,2021,4,RAJASTHAN,MAHARASHTRA
06,09,3,2021,55,UTTAR PRADESH,HARYANA
10,09,3,2021,56,UTTAR PRADESH,BIHAR
24,09,3,2021,19,UTTAR PRADESH,GUJARAT
29,09,3,2021,2,UTTAR PRADESH,KARNATAKA
06,10,3,2021,4,BIHAR,HARYANA
36,10,3,2021,3,BIHAR,TELANGANA
29,20,3,2021,1,JHARKHAND,KARNATAKA
09,23,3,2021,71,MADHYA PRADESH,UTTAR PRADESH
10,23,3,2021,28,MADHYA PRADESH,BIHAR
28,23,3,2021,1,MADHYA PRADESH,ANDHRA PRADESH
08,24,3,2021,101,GUJARAT,RAJASTHAN
29,28,3,2021,1,ANDHRA PRADESH,KARNATAKA
33,29,3,2021,25,KARNATAKA,TAMIL NADU
27,33,3,2021,1,TAMIL NADU,MAHARASHTRA
10,35,3,2021,1,ANDAMAN AND NICOBAR ISLANDS,BIHAR
28,36,3,2021,119,TELANGANA,ANDHRA PRADESH
06,01,4,2021,6,JAMMU AND KASHMIR,HARYANA
20,02,4,2021,3,HIMACHAL PRADESH,JHARKHAND
03,06,4,2021,9,HARYANA,PUNJAB
08,06,4,2021,47,HARYANA,RAJASTHAN
09,06,4,2021,1312,HARYANA,UTTAR PRADESH
20,06,4,2021,16,HARYANA,JHARKHAND
21,06,4,2021,1,HARYANA,ODISHA
23,08,4,2021,104,RAJASTHAN,MADHYA PRADESH
27,08,4,2021,6,RAJASTHAN,MAHARASHTRA
06,10,4,2021,18,BIHAR,HARYANA
09,10,4,2021,52,BIHAR,UTTAR PRADESH
21,10,4,2021,2,BIHAR,ODISHA
23,10,4,2021,1,BIHAR,MADHYA PRADESH
10,20,4,2021,139,JHARKHAND,BIHAR
08,23,4,2021,4,MADHYA PRADESH,RAJASTHAN
10,27,4,2021,793,MAHARASHTRA,BIHAR
21,27,4,2021,8,MAHARASHTRA,ODISHA
23,27,4,2021,47,MAHARASHTRA,MADHYA PRADESH
09,28,4,2021,83,ANDHRA PRADESH,UTTAR PRADESH
19,35,1,2022,8,ANDAMAN AND NICOBAR ISLANDS,WEST BENGAL
33,35,1,2022,1,ANDAMAN AND NICOBAR ISLANDS,TAMIL NADU
20,01,2,2022,16,JAMMU AND KASHMIR,JHARKHAND
23,01,2,2022,77,JAMMU AND KASHMIR,MADHYA PRADESH
03,02,2,2022,5,HIMACHAL PRADESH,PUNJAB
08,02,2,2022,5,HIMACHAL PRADESH,RAJASTHAN
09,02,2,2022,2085,HIMACHAL PRADESH,UTTAR PRADESH
10,02,2,2022,547,HIMACHAL PRADESH,BIHAR
23,02,2,2022,19,HIMACHAL PRADESH,MADHYA PRADESH
01,03,2,2022,1,PUNJAB,JAMMU AND KASHMIR
05,03,2,2022,9,PUNJAB,UTTARAKHAND
06,03,2,2022,19,PUNJAB,HARYANA
08,03,2,2022,15,PUNJAB,RAJASTHAN
06,05,2,2022,15,UTTARAKHAND,HARYANA
27,05,2,2022,1,UTTARAKHAND,MAHARASHTRA
01,06,2,2022,7,HARYANA,JAMMU AND KASHMIR
02,06,2,2022,5,HARYANA,HIMACHAL PRADESH
07,06,2,2022,257,HARYANA,DELHI
02,07,2,2022,135,DELHI,HIMACHAL PRADESH
08,07,2,2022,1218,DELHI,RAJASTHAN
06,08,2,2022,152,RAJASTHAN,HARYANA
06,09,2,2022,198,UTTAR PRADESH,HARYANA
20,09,2,2022,138,UTTAR PRADESH,JHARKHAND
29,09,2,2022,11,UTTAR PRADESH,KARNATAKA
06,15,2,2022,2,MIZORAM,HARYANA
19,16,2,2022,15,TRIPURA,WEST BENGAL
27,16,2,2022,1,TRIPURA,MAHARASHTRA
21,20,2,2022,3,JHARKHAND,ODISHA
09,21,2,2022,1,ODISHA,UTTAR PRADESH
09,23,2,2022,638,MADHYA PRADESH,UTTAR PRADESH
27,23,2,2022,233,MADHYA PRADESH,MAHARASHTRA
05,24,2,2022,2,GUJARAT,UTTARAKHAND
32,24,2,2022,1,GUJARAT,KERALA
07,27,2,2022,7,MAHARASHTRA,DELHI
13,27,2,2022,1,MAHARASHTRA,NAGALAND
19,27,2,2022,45,MAHARASHTRA,WEST BENGAL
36,27,2,2022,11,MAHARASHTRA,TELANGANA
09,29,2,2022,267,KARNATAKA,UTTAR PRADESH
19,29,2,2022,1,KARNATAKA,WEST BENGAL
30,29,2,2022,5,KARNATAKA,GOA
36,29,2,2022,12,KARNATAKA,TELANGANA
08,30,2,2022,1,GOA,RAJASTHAN
27,30,2,2022,46,GOA,MAHARASHTRA
33,30,2,2022,2,GOA,TAMIL NADU
06,32,2,2022,1,KERALA,HARYANA
09,32,2,2022,122,KERALA,UTTAR PRADESH
19,32,2,2022,10,KERALA,WEST BENGAL
24,32,2,2022,2,KERALA,GUJARAT
27,32,2,2022,52,KERALA,MAHARASHTRA
29,32,2,2022,299,KERALA,KARNATAKA
08,33,2,2022,1,TAMIL NADU,RAJASTHAN
20,33,2,2022,86,TAMIL NADU,JHARKHAND
27,33,2,2022,3,TAMIL NADU,MAHARASHTRA
29,33,2,2022,3,TAMIL NADU,KARNATAKA
06,36,2,2022,2,TELANGANA,HARYANA
08,36,2,2022,6,TELANGANA,RAJASTHAN
22,36,2,2022,4,TELANGANA,CHHATTISGARH
27,36,2,2022,135,TELANGANA,MAHARASHTRA
29,36,2,2022,176,TELANGANA,KARNATAKA
10,37,2,2022,1,LADAKH,BIHAR
07,01,3,2022,14,JAMMU AND KASHMIR,DELHI
10,01,3,2022,238,JAMMU AND KASHMIR,BIHAR
20,01,3,2022,16,JAMMU AND KASHMIR,JHARKHAND
05,02,3,2022,26,HIMACHAL PRADESH,UTTARAKHAND
08,02,3,2022,2,HIMACHAL PRADESH,RAJASTHAN
23,02,3,2022,34,HIMACHAL PRADESH,MADHYA PRADESH
05,03,3,2022,14,PUNJAB,UTTARAKHAND
07,03,3,2022,7,PUNJAB,DELHI
08,03,3,2022,13,PUNJAB,RAJASTHAN
10,03,3,2022,1304,PUNJAB,BIHAR
27,05,3,2022,2,UTTARAKHAND,MAHARASHTRA
19,06,3,2022,57,HARYANA,WEST BENGAL
30,06,3,2022,2,HARYANA,GOA
02,07,3,2022,70,DELHI,HIMACHAL PRADESH
10,07,3,2022,86001,DELHI,BIHAR
16,07,3,2022,1,DELHI,TRIPURA
21,08,3,2022,2,RAJASTHAN,ODISHA
27,08,3,2022,7,RAJASTHAN,MAHARASHTRA
08,09,3,2022,26,UTTAR PRADESH,RAJASTHAN
21,09,3,2022,34,UTTAR PRADESH,ODISHA
32,09,3,2022,1,UTTAR PRADESH,KERALA
06,10,3,2022,137,BIHAR,HARYANA
11,10,3,2022,3,BIHAR,SIKKIM
24,10,3,2022,12,BIHAR,GUJARAT
21,11,3,2022,1,SIKKIM,ODISHA
09,12,3,2022,2,ARUNACHAL PRADESH,UTTAR PRADESH
10,16,3,2022,1005,TRIPURA,BIHAR
10,17,3,2022,4,MEGHALAYA,BIHAR
06,20,3,2022,2,JHARKHAND,HARYANA
07,20,3,2022,10,JHARKHAND,DELHI
06,22,3,2022,4,CHHATTISGARH,HARYANA
21,22,3,2022,5,CHHATTISGARH,ODISHA
23,22,3,2022,31,CHHATTISGARH,MADHYA PRADESH
05,23,3,2022,3,MADHYA PRADESH,UTTARAKHAND
08,23,3,2022,52,MADHYA PRADESH,RAJASTHAN
10,23,3,2022,361,MADHYA PRADESH,BIHAR
21,23,3,2022,6,MADHYA PRADESH,ODISHA
29,23,3,2022,3,MADHYA PRADESH,KARNATAKA
32,23,3,2022,1,MADHYA PRADESH,KERALA
06,24,3,2022,38,GUJARAT,HARYANA
08,24,3,2022,352,GUJARAT,RAJASTHAN
10,24,3,2022,1926,GUJARAT,BIHAR
19,24,3,2022,11,GUJARAT,WEST BENGAL
20,24,3,2022,83,GUJARAT,JHARKHAND
09,27,3,2022,9892,MAHARASHTRA,UTTAR PRADESH
10,28,3,2022,26,ANDHRA PRADESH,BIHAR
20,28,3,2022,4,ANDHRA PRADESH,JHARKHAND
23,28,3,2022,12,ANDHRA PRADESH,MADHYA PRADESH
29,28,3,2022,25,ANDHRA PRADESH,KARNATAKA
09,29,3,2022,245,KARNATAKA,UTTAR PRADESH
16,29,3,2022,5,KARNATAKA,TRIPURA
23,29,3,2022,8,KARNATAKA,MADHYA PRADESH
28,29,3,2022,35,KARNATAKA,ANDHRA PRADESH
06,30,3,2022,2,GOA,HARYANA
09,30,3,2022,122,GOA,UTTAR PRADESH
19,30,3,2022,6,GOA,WEST BENGAL
21,30,3,2022,4,GOA,ODISHA
33,30,3,2022,1,GOA,TAMIL NADU
24,32,3,2022,2,KERALA,GUJARAT
28,32,3,2022,1,KERALA,ANDHRA PRADESH
10,33,3,2022,112,TAMIL NADU,BIHAR
22,33,3,2022,13,TAMIL NADU,CHHATTISGARH
23,33,3,2022,2,TAMIL NADU,MADHYA PRADESH
23,36,3,2022,9,TELANGANA,MADHYA PRADESH
27,36,3,2022,39,TELANGANA,MAHARASHTRA
30,36,3,2022,2,TELANGANA,GOA
33,36,3,2022,3,TELANGANA,TAMIL NADU
05,01,4,2022,7,JAMMU AND KASHMIR,UTTARAKHAND
07,01,4,2022,18,JAMMU AND KASHMIR,DELHI
08,01,4,2022,8,JAMMU AND KASHMIR,RAJASTHAN
10,01,4,2022,367,JAMMU AND KASHMIR,BIHAR
27,01,4,2022,5,JAMMU AND KASHMIR,MAHARASHTRA
05,02,4,2022,31,HIMACHAL PRADESH,UTTARAKHAND
10,02,4,2022,734,HIMACHAL PRADESH,BIHAR
19,02,4,2022,2,HIMACHAL PRADESH,WEST BENGAL
05,03,4,2022,8,PUNJAB,UTTARAKHAND
16,03,4,2022,1,PUNJAB,TRIPURA
21,05,4,2022,4,UTTARAKHAND,ODISHA
24,05,4,2022,1,UTTARAKHAND,GUJARAT
27,05,4,2022,1,UTTARAKHAND,MAHARASHTRA
29,06,4,2022,3,HARYANA,KARNATAKA
36,06,4,2022,1,HARYANA,TELANGANA
03,07,4,2022,21,DELHI,PUNJAB
10,07,4,2022,78960,DELHI,BIHAR
24,07,4,2022,63,DELHI,GUJARAT
27,07,4,2022,61,DELHI,MAHARASHTRA
03,08,4,2022,7,RAJASTHAN,PUNJAB
09,08,4,2022,2777,RAJASTHAN,UTTAR PRADESH
10,08,4,2022,611,RAJASTHAN,BIHAR
19,09,4,2022,3,UTTAR PRADESH,WEST BENGAL
01,10,4,2022,1,BIHAR,JAMMU AND KASHMIR
06,17,4,2022,2,MEGHALAYA,HARYANA
10,19,4,2022,10,WEST BENGAL,BIHAR
23,19,4,2022,1,WEST BENGAL,MADHYA PRADESH
23,22,4,2022,19,CHHATTISGARH,MADHYA PRADESH
06,23,4,2022,10,MADHYA PRADESH,HARYANA
08,23,4,2022,73,MADHYA PRADESH,RAJASTHAN
09,23,4,2022,1132,MADHYA PRADESH,UTTAR PRADESH
20,23,4,2022,37,MADHYA PRADESH,JHARKHAND
27,23,4,2022,80,MADHYA PRADESH,MAHARASHTRA
29,23,4,2022,6,MADHYA PRADESH,KARNATAKA
05,24,4,2022,5,GUJARAT,UTTARAKHAND
06,24,4,2022,34,GUJARAT,HARYANA
29,24,4,2022,9,GUJARAT,KARNATAKA
08,27,4,2022,65,MAHARASHTRA,RAJASTHAN
23,27,4,2022,188,MAHARASHTRA,MADHYA PRADESH
32,27,4,2022,3,MAHARASHTRA,KERALA
05,29,4,2022,1,KARNATAKA,UTTARAKHAND
06,29,4,2022,1,KARNATAKA,HARYANA
10,29,4,2022,357,KARNATAKA,BIHAR
20,29,4,2022,8,KARNATAKA,JHARKHAND
24,29,4,2022,3,KARNATAKA,GUJARAT
27,29,4,2022,79,KARNATAKA,MAHARASHTRA
36,29,4,2022,2,KARNATAKA,TELANGANA
08,30,4,2022,2,GOA,RAJASTHAN
21,30,4,2022,5,GOA,ODISHA
23,30,4,2022,8,GOA,MADHYA PRADESH
27,30,4,2022,43,GOA,MAHARASHTRA
07,32,4,2022,7,KERALA,DELHI
09,32,4,2022,115,KERALA,UTTAR PRADESH
24,32,4,2022,1,KERALA,GUJARAT
28,32,4,2022,7,KERALA,ANDHRA PRADESH
08,33,4,2022,2,TAMIL NADU,RAJASTHAN
09,33,4,2022,35,TAMIL NADU,UTTAR PRADESH
16,33,4,2022,4,TAMIL NADU,TRIPURA
20,33,4,2022,75,TAMIL NADU,JHARKHAND
27,33,4,2022,3,TAMIL NADU,MAHARASHTRA
32,33,4,2022,4,TAMIL NADU,KERALA
32,35,4,2022,2,ANDAMAN AND NICOBAR ISLANDS,KERALA
27,36,4,2022,21,TELANGANA,MAHARASHTRA
01,37,4,2022,5,LADAKH,JAMMU AND KASHMIR
19,01,5,2022,3,JAMMU AND KASHMIR,WEST BENGAL
06,02,5,2022,38,HIMACHAL PRADESH,HARYANA
20,02,5,2022,23,HIMACHAL PRADESH,JHARKHAND
02,03,5,2022,1,PUNJAB,HIMACHAL PRADESH
08,03,5,2022,2,PUNJAB,RAJASTHAN
07,05,5,2022,24,UTTARAKHAND,DELHI
10,05,5,2022,436,UTTARAKHAND,BIHAR
05,06,5,2022,130,HARYANA,UTTARAKHAND
08,06,5,2022,505,HARYANA,RAJASTHAN
24,06,5,2022,6,HARYANA,GUJARAT
27,06,5,2022,20,HARYANA,MAHARASHTRA
02,07,5,2022,52,DELHI,HIMACHAL PRADESH
09,07,5,2022,62495,DELHI,UTTAR PRADESH
27,07,5,2022,60,DELHI,MAHARASHTRA
28,07,5,2022,3,DELHI,ANDHRA PRADESH
33,07,5,2022,158,DELHI,TAMIL NADU
10,08,5,2022,601,RAJASTHAN,BIHAR
06,10,5,2022,178,BIHAR,HARYANA
19,10,5,2022,51,BIHAR,WEST BENGAL
21,10,5,2022,22,BIHAR,ODISHA
27,37,9,2021,1,LADAKH,MAHARASHTRA
03,01,10,2021,2,JAMMU AND KASHMIR,PUNJAB
05,01,10,2021,2,JAMMU AND KASHMIR,UTTARAKHAND
08,01,10,2021,1,JAMMU AND KASHMIR,RAJASTHAN
21,01,10,2021,2,JAMMU AND KASHMIR,ODISHA
20,03,10,2021,2,PUNJAB,JHARKHAND
10,04,10,2021,8,CHANDIGARH,BIHAR
27,06,10,2021,10,HARYANA,MAHARASHTRA
36,06,10,2021,1,HARYANA,TELANGANA
01,07,10,2021,15,DELHI,JAMMU AND KASHMIR
03,07,10,2021,3,DELHI,PUNJAB
10,07,10,2021,45615,DELHI,BIHAR
20,07,10,2021,658,DELHI,JHARKHAND
28,07,10,2021,2,DELHI,ANDHRA PRADESH
29,07,10,2021,1,DELHI,KARNATAKA
33,07,10,2021,43,DELHI,TAMIL NADU
24,08,10,2021,16,RAJASTHAN,GUJARAT
29,08,10,2021,1,RAJASTHAN,KARNATAKA
36,08,10,2021,1,RAJASTHAN,TELANGANA
24,09,10,2021,14,UTTAR PRADESH,GUJARAT
28,10,10,2021,3,BIHAR,ANDHRA PRADESH
29,10,10,2021,3,BIHAR,KARNATAKA
06,20,10,2021,3,JHARKHAND,HARYANA
21,20,10,2021,8,JHARKHAND,ODISHA
07,23,10,2021,5,MADHYA PRADESH,DELHI
27,24,10,2021,579,GUJARAT,MAHARASHTRA
32,27,10,2021,2,MAHARASHTRA,KERALA
27,28,10,2021,1,ANDHRA PRADESH,MAHARASHTRA
09,29,10,2021,181,KARNATAKA,UTTAR PRADESH
23,29,10,2021,6,KARNATAKA,MADHYA PRADESH
32,29,10,2021,22,KARNATAKA,KERALA
09,30,10,2021,105,GOA,UTTAR PRADESH
29,30,10,2021,198,GOA,KARNATAKA
33,30,10,2021,1,GOA,TAMIL NADU
08,32,10,2021,1,KERALA,RAJASTHAN
19,32,10,2021,4,KERALA,WEST BENGAL
21,32,10,2021,5,KERALA,ODISHA
24,32,10,2021,1,KERALA,GUJARAT
33,32,10,2021,171,KERALA,TAMIL NADU
16,33,10,2021,2,TAMIL NADU,TRIPURA
20,33,10,2021,110,TAMIL NADU,JHARKHAND
10,35,10,2021,2,ANDAMAN AND NICOBAR ISLANDS,BIHAR
28,35,10,2021,1,ANDAMAN AND NICOBAR ISLANDS,ANDHRA PRADESH
27,36,10,2021,40,TELANGANA,MAHARASHTRA
32,36,10,2021,1,TELANGANA,KERALA
33,36,10,2021,1,TELANGANA,TAMIL NADU
01,37,10,2021,5,LADAKH,JAMMU AND KASHMIR
10,37,10,2021,4,LADAKH,BIHAR
09,01,11,2021,537,JAMMU AND KASHMIR,UTTAR PRADESH
03,02,11,2021,1,HIMACHAL PRADESH,PUNJAB
33,02,11,2021,2,HIMACHAL PRADESH,TAMIL NADU
20,03,11,2021,4,PUNJAB,JHARKHAND
09,04,11,2021,1,CHANDIGARH,UTTAR PRADESH
02,05,11,2021,1,UTTARAKHAND,HIMACHAL PRADESH
09,05,11,2021,2487,UTTARAKHAND,UTTAR PRADESH
10,05,11,2021,203,UTTARAKHAND,BIHAR
23,05,11,2021,21,UTTARAKHAND,MADHYA PRADESH
24,06,11,2021,8,HARYANA,GUJARAT
01,07,11,2021,10,DELHI,JAMMU AND KASHMIR
06,08,11,2021,109,RAJASTHAN,HARYANA
21,09,11,2021,14,UTTAR PRADESH,ODISHA
27,09,11,2021,750,UTTAR PRADESH,MAHARASHTRA
29,09,11,2021,21,UTTAR PRADESH,KARNATAKA
03,10,11,2021,1,BIHAR,PUNJAB
23,10,11,2021,10,BIHAR,MADHYA PRADESH
09,11,11,2021,1,SIKKIM,UTTAR PRADESH
13,16,11,2021,1,TRIPURA,NAGALAND
21,20,11,2021,9,JHARKHAND,ODISHA
07,21,11,2021,3,ODISHA,DELHI
08,21,11,2021,1,ODISHA,RAJASTHAN
09,21,11,2021,22,ODISHA,UTTAR PRADESH
23,21,11,2021,4,ODISHA,MADHYA PRADESH
07,23,11,2021,1,MADHYA PRADESH,DELHI
20,23,11,2021,17,MADHYA PRADESH,JHARKHAND
21,23,11,2021,4,MADHYA PRADESH,ODISHA
24,23,11,2021,9,MADHYA PRADESH,GUJARAT
27,23,11,2021,40,MADHYA PRADESH,MAHARASHTRA
09,24,11,2021,3108,GUJARAT,UTTAR PRADESH
06,27,11,2021,11,MAHARASHTRA,HARYANA
09,27,11,2021,4722,MAHARASHTRA,UTTAR PRADESH
10,27,11,2021,2431,MAHARASHTRA,BIHAR
21,27,11,2021,1,MAHARASHTRA,ODISHA
06,28,11,2021,9,ANDHRA PRADESH,HARYANA
10,29,11,2021,296,KARNATAKA,BIHAR
30,29,11,2021,5,KARNATAKA,GOA
36,29,11,2021,11,KARNATAKA,TELANGANA
09,32,11,2021,87,KERALA,UTTAR PRADESH
10,32,11,2021,105,KERALA,BIHAR
21,32,11,2021,8,KERALA,ODISHA
29,32,11,2021,232,KERALA,KARNATAKA
33,32,11,2021,172,KERALA,TAMIL NADU
36,32,11,2021,1,KERALA,TELANGANA
07,33,11,2021,1,TAMIL NADU,DELHI
10,33,11,2021,326,TAMIL NADU,BIHAR
23,33,11,2021,2,TAMIL NADU,MADHYA PRADESH
27,33,11,2021,9,TAMIL NADU,MAHARASHTRA
28,36,11,2021,334,TELANGANA,ANDHRA PRADESH
01,02,12,2021,3,HIMACHAL PRADESH,JAMMU AND KASHMIR
03,02,12,2021,1,HIMACHAL PRADESH,PUNJAB
05,02,12,2021,17,HIMACHAL PRADESH,UTTARAKHAND
08,02,12,2021,7,HIMACHAL PRADESH,RAJASTHAN
09,02,12,2021,1701,HIMACHAL PRADESH,UTTAR PRADESH
05,03,12,2021,1,PUNJAB,UTTARAKHAND
10,03,12,2021,268,PUNJAB,BIHAR
09,04,12,2021,2,CHANDIGARH,UTTAR PRADESH
23,06,12,2021,1157,HARYANA,MADHYA PRADESH
02,07,12,2021,45,DELHI,HIMACHAL PRADESH
05,07,12,2021,1327,DELHI,UTTARAKHAND
09,07,12,2021,93205,DELHI,UTTAR PRADESH
19,07,12,2021,432,DELHI,WEST BENGAL
20,07,12,2021,1401,DELHI,JHARKHAND
21,07,12,2021,206,DELHI,ODISHA
09,08,12,2021,300,RAJASTHAN,UTTAR PRADESH
01,09,12,2021,2,UTTAR PRADESH,JAMMU AND KASHMIR
10,09,12,2021,3860,UTTAR PRADESH,BIHAR
21,09,12,2021,9,UTTAR PRADESH,ODISHA
23,09,12,2021,210,UTTAR PRADESH,MADHYA PRADESH
03,10,12,2021,4,BIHAR,PUNJAB
05,10,12,2021,3,BIHAR,UTTARAKHAND
21,10,12,2021,8,BIHAR,ODISHA
10,12,12,2021,3,ARUNACHAL PRADESH,BIHAR
20,12,12,2021,1,ARUNACHAL PRADESH,JHARKHAND
23,16,12,2021,1,TRIPURA,MADHYA PRADESH
07,20,12,2021,2,JHARKHAND,DELHI
09,20,12,2021,61,JHARKHAND,UTTAR PRADESH
10,20,12,2021,567,JHARKHAND,BIHAR
20,21,12,2021,13,ODISHA,JHARKHAND
29,21,12,2021,1,ODISHA,KARNATAKA
07,23,12,2021,3,MADHYA PRADESH,DELHI
09,23,12,2021,1090,MADHYA PRADESH,UTTAR PRADESH
20,23,12,2021,29,MADHYA PRADESH,JHARKHAND
24,23,12,2021,8,MADHYA PRADESH,GUJARAT
19,24,12,2021,7,GUJARAT,WEST BENGAL
23,24,12,2021,914,GUJARAT,MADHYA PRADESH
27,24,12,2021,620,GUJARAT,MAHARASHTRA
29,24,12,2021,10,GUJARAT,KARNATAKA
32,24,12,2021,3,GUJARAT,KERALA
01,27,12,2021,1,MAHARASHTRA,JAMMU AND KASHMIR
09,27,12,2021,6878,MAHARASHTRA,UTTAR PRADESH
19,27,12,2021,26,MAHARASHTRA,WEST BENGAL
08,28,12,2021,1,ANDHRA PRADESH,RAJASTHAN
10,28,12,2021,21,ANDHRA PRADESH,BIHAR
23,28,12,2021,3,ANDHRA PRADESH,MADHYA PRADESH
20,29,12,2021,9,KARNATAKA,JHARKHAND
24,29,12,2021,4,KARNATAKA,GUJARAT
28,29,12,2021,22,KARNATAKA,ANDHRA PRADESH
33,29,12,2021,53,KARNATAKA,TAMIL NADU
05,32,12,2021,1,KERALA,UTTARAKHAND
08,32,12,2021,1,KERALA,RAJASTHAN
09,32,12,2021,100,KERALA,UTTAR PRADESH
19,32,12,2021,8,KERALA,WEST BENGAL
20,32,12,2021,11,KERALA,JHARKHAND
23,32,12,2021,66,KERALA,MADHYA PRADESH
24,32,12,2021,1,KERALA,GUJARAT
08,33,12,2021,5,TAMIL NADU,RAJASTHAN
23,36,12,2021,8,TELANGANA,MADHYA PRADESH
27,36,12,2021,85,TELANGANA,MAHARASHTRA
29,36,12,2021,152,TELANGANA,KARNATAKA
09,01,1,2022,310,JAMMU AND KASHMIR,UTTAR PRADESH
19,01,1,2022,6,JAMMU AND KASHMIR,WEST BENGAL
19,02,1,2022,2,HIMACHAL PRADESH,WEST BENGAL
05,03,1,2022,4,PUNJAB,UTTARAKHAND
06,03,1,2022,15,PUNJAB,HARYANA
20,03,1,2022,7,PUNJAB,JHARKHAND
09,04,1,2022,1,CHANDIGARH,UTTAR PRADESH
09,05,1,2022,3764,UTTARAKHAND,UTTAR PRADESH
19,05,1,2022,1,UTTARAKHAND,WEST BENGAL
21,05,1,2022,1,UTTARAKHAND,ODISHA
02,06,1,2022,6,HARYANA,HIMACHAL PRADESH
20,06,1,2022,118,HARYANA,JHARKHAND
30,06,1,2022,1,HARYANA,GOA
16,07,1,2022,1,DELHI,TRIPURA
19,07,1,2022,659,DELHI,WEST BENGAL
33,07,1,2022,68,DELHI,TAMIL NADU
03,08,1,2022,14,RAJASTHAN,PUNJAB
09,08,1,2022,1387,RAJASTHAN,UTTAR PRADESH
21,08,1,2022,1,RAJASTHAN,ODISHA
19,09,1,2022,1,UTTAR PRADESH,WEST BENGAL
06,10,1,2022,99,BIHAR,HARYANA
20,10,1,2022,374,BIHAR,JHARKHAND
21,10,1,2022,16,BIHAR,ODISHA
09,16,1,2022,5,TRIPURA,UTTAR PRADESH
20,16,1,2022,142,TRIPURA,JHARKHAND
27,16,1,2022,1,TRIPURA,MAHARASHTRA
10,17,1,2022,4,MEGHALAYA,BIHAR
19,23,1,2022,1,MADHYA PRADESH,WEST BENGAL
20,23,1,2022,27,MADHYA PRADESH,JHARKHAND
24,23,1,2022,11,MADHYA PRADESH,GUJARAT
27,23,1,2022,126,MADHYA PRADESH,MAHARASHTRA
21,24,1,2022,162,GUJARAT,ODISHA
06,27,1,2022,19,MAHARASHTRA,HARYANA
10,27,1,2022,4084,MAHARASHTRA,BIHAR
21,27,1,2022,1,MAHARASHTRA,ODISHA
24,27,1,2022,49,MAHARASHTRA,GUJARAT
27,28,1,2022,2,ANDHRA PRADESH,MAHARASHTRA
09,29,1,2022,265,KARNATAKA,UTTAR PRADESH
30,29,1,2022,1,KARNATAKA,GOA
32,29,1,2022,34,KARNATAKA,KERALA
06,30,1,2022,3,GOA,HARYANA
23,30,1,2022,14,GOA,MADHYA PRADESH
19,32,1,2022,7,KERALA,WEST BENGAL
33,32,1,2022,152,KERALA,TAMIL NADU
01,07,12,2022,501,DELHI,JAMMU AND KASHMIR
06,07,12,2022,2844,DELHI,HARYANA
08,07,12,2022,2477,DELHI,RAJASTHAN
18,07,12,2022,69,DELHI,ASSAM
28,07,12,2022,7,DELHI,ANDHRA PRADESH
09,08,12,2022,3519,RAJASTHAN,UTTAR PRADESH
36,08,12,2022,1,RAJASTHAN,TELANGANA
22,10,12,2022,45,BIHAR,CHHATTISGARH
28,10,12,2022,3,BIHAR,ANDHRA PRADESH
10,19,12,2022,700,WEST BENGAL,BIHAR
23,19,12,2022,3,WEST BENGAL,MADHYA PRADESH
33,19,12,2022,1,WEST BENGAL,TAMIL NADU
19,20,12,2022,1,JHARKHAND,WEST BENGAL
22,20,12,2022,14,JHARKHAND,CHHATTISGARH
20,21,12,2022,3,ODISHA,JHARKHAND
28,21,12,2022,1,ODISHA,ANDHRA PRADESH
29,21,12,2022,1,ODISHA,KARNATAKA
01,23,12,2022,2,MADHYA PRADESH,JAMMU AND KASHMIR
05,23,12,2022,2,MADHYA PRADESH,UTTARAKHAND
06,23,12,2022,17,MADHYA PRADESH,HARYANA
08,23,12,2022,88,MADHYA PRADESH,RAJASTHAN
10,23,12,2022,613,MADHYA PRADESH,BIHAR
20,23,12,2022,43,MADHYA PRADESH,JHARKHAND
24,23,12,2022,16,MADHYA PRADESH,GUJARAT
29,23,12,2022,1,MADHYA PRADESH,KARNATAKA
06,24,12,2022,55,GUJARAT,HARYANA
23,24,12,2022,2629,GUJARAT,MADHYA PRADESH
27,24,12,2022,869,GUJARAT,MAHARASHTRA
28,24,12,2022,1,GUJARAT,ANDHRA PRADESH
01,27,12,2022,4,MAHARASHTRA,JAMMU AND KASHMIR
06,27,12,2022,35,MAHARASHTRA,HARYANA
33,27,12,2022,488,MAHARASHTRA,TAMIL NADU
21,28,12,2022,25,ANDHRA PRADESH,ODISHA
23,28,12,2022,2,ANDHRA PRADESH,MADHYA PRADESH
36,28,12,2022,9,ANDHRA PRADESH,TELANGANA
10,29,12,2022,510,KARNATAKA,BIHAR
30,29,12,2022,6,KARNATAKA,GOA
19,30,12,2022,13,GOA,WEST BENGAL
24,30,12,2022,1,GOA,GUJARAT
29,30,12,2022,231,GOA,KARNATAKA
22,32,12,2022,4,KERALA,CHHATTISGARH
18,33,12,2022,43,TAMIL NADU,ASSAM
29,33,12,2022,33,TAMIL NADU,KARNATAKA
19,35,12,2022,7,ANDAMAN AND NICOBAR ISLANDS,WEST BENGAL
32,35,12,2022,2,ANDAMAN AND NICOBAR ISLANDS,KERALA
06,36,12,2022,2,TELANGANA,HARYANA
22,36,12,2022,30,TELANGANA,CHHATTISGARH
08,01,1,2023,1,JAMMU AND KASHMIR,RAJASTHAN
18,01,1,2023,1,JAMMU AND KASHMIR,ASSAM
08,02,1,2023,2,HIMACHAL PRADESH,RAJASTHAN
08,05,1,2023,2,UTTARAKHAND,RAJASTHAN
19,05,1,2023,2,UTTARAKHAND,WEST BENGAL
24,05,1,2023,1,UTTARAKHAND,GUJARAT
20,06,1,2023,256,HARYANA,JHARKHAND
27,06,1,2023,6,HARYANA,MAHARASHTRA
08,07,1,2023,1111,DELHI,RAJASTHAN
05,08,1,2023,9,RAJASTHAN,UTTARAKHAND
10,08,1,2023,1680,RAJASTHAN,BIHAR
19,08,1,2023,10,RAJASTHAN,WEST BENGAL
29,08,1,2023,3,RAJASTHAN,KARNATAKA
09,11,1,2023,2,SIKKIM,UTTAR PRADESH
10,11,1,2023,47,SIKKIM,BIHAR
09,16,1,2023,4,TRIPURA,UTTAR PRADESH
22,16,1,2023,1,TRIPURA,CHHATTISGARH
09,17,1,2023,1,MEGHALAYA,UTTAR PRADESH
10,17,1,2023,6,MEGHALAYA,BIHAR
18,19,1,2023,2,WEST BENGAL,ASSAM
22,19,1,2023,9,WEST BENGAL,CHHATTISGARH
07,20,1,2023,9,JHARKHAND,DELHI
01,23,1,2023,3,MADHYA PRADESH,JAMMU AND KASHMIR
22,23,1,2023,242,MADHYA PRADESH,CHHATTISGARH
07,24,1,2023,21,GUJARAT,DELHI
09,24,1,2023,3210,GUJARAT,UTTAR PRADESH
19,24,1,2023,10,GUJARAT,WEST BENGAL
22,24,1,2023,444,GUJARAT,CHHATTISGARH
08,27,1,2023,111,MAHARASHTRA,RAJASTHAN
19,27,1,2023,140,MAHARASHTRA,WEST BENGAL
28,27,1,2023,20,MAHARASHTRA,ANDHRA PRADESH
27,29,1,2023,9,KARNATAKA,MAHARASHTRA
07,30,1,2023,1,GOA,DELHI
22,30,1,2023,4,GOA,CHHATTISGARH
27,30,1,2023,25,GOA,MAHARASHTRA
10,32,1,2023,362,KERALA,BIHAR
20,32,1,2023,55,KERALA,JHARKHAND
21,32,1,2023,6,KERALA,ODISHA
27,32,1,2023,45,KERALA,MAHARASHTRA
28,32,1,2023,6,KERALA,ANDHRA PRADESH
30,32,1,2023,1,KERALA,GOA
16,33,1,2023,1,TAMIL NADU,TRIPURA
20,33,1,2023,9,TAMIL NADU,JHARKHAND
23,33,1,2023,4,TAMIL NADU,MADHYA PRADESH
28,33,1,2023,5,TAMIL NADU,ANDHRA PRADESH
28,34,1,2023,1,PUDUCHERRY,ANDHRA PRADESH
32,34,1,2023,1,PUDUCHERRY,KERALA
10,35,1,2023,5,ANDAMAN AND NICOBAR ISLANDS,BIHAR
33,35,1,2023,6,ANDAMAN AND NICOBAR ISLANDS,TAMIL NADU
01,36,1,2023,1,TELANGANA,JAMMU AND KASHMIR
08,36,1,2023,5,TELANGANA,RAJASTHAN
22,36,1,2023,58,TELANGANA,CHHATTISGARH
23,36,1,2023,54,TELANGANA,MADHYA PRADESH
32,36,1,2023,1,TELANGANA,KERALA
02,05,2,2023,1,UTTARAKHAND,HIMACHAL PRADESH
08,05,2,2023,1,UTTARAKHAND,RAJASTHAN
09,05,2,2023,3900,UTTARAKHAND,UTTAR PRADESH
10,05,2,2023,835,UTTARAKHAND,BIHAR
05,06,2,2023,111,HARYANA,UTTARAKHAND
07,06,2,2023,293,HARYANA,DELHI
16,06,2,2023,1,HARYANA,TRIPURA
08,07,2,2023,847,DELHI,RAJASTHAN
16,07,2,2023,1,DELHI,TRIPURA
22,07,2,2023,208,DELHI,CHHATTISGARH
23,07,2,2023,9744,DELHI,MADHYA PRADESH
32,07,2,2023,30,DELHI,KERALA
33,07,2,2023,739,DELHI,TAMIL NADU
02,08,2,2023,1,RAJASTHAN,HIMACHAL PRADESH
05,08,2,2023,9,RAJASTHAN,UTTARAKHAND
10,08,2,2023,1620,RAJASTHAN,BIHAR
18,08,2,2023,3,RAJASTHAN,ASSAM
07,09,2,2023,2,UTTAR PRADESH,DELHI
22,09,2,2023,10,UTTAR PRADESH,CHHATTISGARH
19,10,2,2023,46,BIHAR,WEST BENGAL
28,10,2,2023,6,BIHAR,ANDHRA PRADESH
09,16,2,2023,1,TRIPURA,UTTAR PRADESH
24,19,2,2023,1,WEST BENGAL,GUJARAT
19,20,2,2023,1,JHARKHAND,WEST BENGAL
09,21,2,2023,1,ODISHA,UTTAR PRADESH
10,21,2,2023,2,ODISHA,BIHAR
28,21,2,2023,2,ODISHA,ANDHRA PRADESH
27,23,2,2023,127,MADHYA PRADESH,MAHARASHTRA
33,23,2,2023,1,MADHYA PRADESH,TAMIL NADU
10,24,2,2023,2430,GUJARAT,BIHAR
19,24,2,2023,4,GUJARAT,WEST BENGAL
27,24,2,2023,808,GUJARAT,MAHARASHTRA
29,24,2,2023,12,GUJARAT,KARNATAKA
19,27,2,2023,11,MAHARASHTRA,WEST BENGAL
29,28,2,2023,2,ANDHRA PRADESH,KARNATAKA
05,29,2,2023,1,KARNATAKA,UTTARAKHAND
07,29,2,2023,1,KARNATAKA,DELHI
22,29,2,2023,12,KARNATAKA,CHHATTISGARH
30,29,2,2023,6,KARNATAKA,GOA
32,29,2,2023,23,KARNATAKA,KERALA
33,29,2,2023,97,KARNATAKA,TAMIL NADU
08,30,2,2023,1,GOA,RAJASTHAN
19,30,2,2023,2,GOA,WEST BENGAL
29,30,2,2023,167,GOA,KARNATAKA
32,30,2,2023,1,GOA,KERALA
10,32,2,2023,328,KERALA,BIHAR
16,32,2,2023,1,KERALA,TRIPURA
30,32,2,2023,2,KERALA,GOA
36,33,2,2023,1,TAMIL NADU,TELANGANA
09,34,2,2023,2,PUDUCHERRY,UTTAR PRADESH
21,34,2,2023,22,PUDUCHERRY,ODISHA
01,36,2,2023,2,TELANGANA,JAMMU AND KASHMIR
18,36,2,2023,1,TELANGANA,ASSAM
19,36,2,2023,23,TELANGANA,WEST BENGAL
24,36,2,2023,1,TELANGANA,GUJARAT
07,01,3,2023,6,JAMMU AND KASHMIR,DELHI
23,01,3,2023,379,JAMMU AND KASHMIR,MADHYA PRADESH
07,02,3,2023,11,HIMACHAL PRADESH,DELHI
27,02,3,2023,2,HIMACHAL PRADESH,MAHARASHTRA
10,03,3,2023,107,PUNJAB,BIHAR
05,04,3,2023,2,CHANDIGARH,UTTARAKHAND
02,06,3,2023,11,HARYANA,HIMACHAL PRADESH
07,06,3,2023,476,HARYANA,DELHI
22,06,3,2023,164,HARYANA,CHHATTISGARH
29,06,3,2023,1,HARYANA,KARNATAKA
01,07,3,2023,113,DELHI,JAMMU AND KASHMIR
10,07,3,2023,118879,DELHI,BIHAR
33,07,3,2023,1597,DELHI,TAMIL NADU
02,08,3,2023,2,RAJASTHAN,HIMACHAL PRADESH
22,08,3,2023,50,RAJASTHAN,CHHATTISGARH
20,09,3,2023,2,UTTAR PRADESH,JHARKHAND
22,09,3,2023,22,UTTAR PRADESH,CHHATTISGARH
07,10,3,2023,935,BIHAR,DELHI
08,10,3,2023,6,BIHAR,RAJASTHAN
29,10,3,2023,15,BIHAR,KARNATAKA
10,11,3,2023,60,SIKKIM,BIHAR
18,16,3,2023,10,TRIPURA,ASSAM
18,17,3,2023,4,MEGHALAYA,ASSAM
07,19,3,2023,20,WEST BENGAL,DELHI
22,19,3,2023,8,WEST BENGAL,CHHATTISGARH
19,20,3,2023,1,JHARKHAND,WEST BENGAL
22,20,3,2023,22,JHARKHAND,CHHATTISGARH
28,20,3,2023,2,JHARKHAND,ANDHRA PRADESH
30,20,3,2023,1,JHARKHAND,GOA
20,22,3,2023,4,CHHATTISGARH,JHARKHAND
07,23,3,2023,36,MADHYA PRADESH,DELHI
09,23,3,2023,321,MADHYA PRADESH,UTTAR PRADESH
27,23,3,2023,100,MADHYA PRADESH,MAHARASHTRA
05,24,3,2023,10,GUJARAT,UTTARAKHAND
07,24,3,2023,26,GUJARAT,DELHI
20,24,3,2023,114,GUJARAT,JHARKHAND
28,24,3,2023,1,GUJARAT,ANDHRA PRADESH
32,24,3,2023,4,GUJARAT,KERALA
01,27,3,2023,1,MAHARASHTRA,JAMMU AND KASHMIR
10,27,3,2023,7610,MAHARASHTRA,BIHAR
19,27,3,2023,65,MAHARASHTRA,WEST BENGAL
24,27,3,2023,134,MAHARASHTRA,GUJARAT
28,29,3,2023,42,KARNATAKA,ANDHRA PRADESH
30,29,3,2023,4,KARNATAKA,GOA
33,29,3,2023,90,KARNATAKA,TAMIL NADU
32,30,3,2023,1,GOA,KERALA
10,32,3,2023,397,KERALA,BIHAR
16,32,3,2023,1,KERALA,TRIPURA
23,10,5,2022,22,BIHAR,MADHYA PRADESH
09,12,5,2022,3,ARUNACHAL PRADESH,UTTAR PRADESH
20,13,5,2022,1,NAGALAND,JHARKHAND
32,13,5,2022,1,NAGALAND,KERALA
13,16,5,2022,2,TRIPURA,NAGALAND
19,16,5,2022,1,TRIPURA,WEST BENGAL
08,21,5,2022,1,ODISHA,RAJASTHAN
23,21,5,2022,1,ODISHA,MADHYA PRADESH
09,22,5,2022,33,CHHATTISGARH,UTTAR PRADESH
10,23,5,2022,393,MADHYA PRADESH,BIHAR
05,24,5,2022,7,GUJARAT,UTTARAKHAND
16,24,5,2022,1,GUJARAT,TRIPURA
23,24,5,2022,704,GUJARAT,MADHYA PRADESH
27,24,5,2022,766,GUJARAT,MAHARASHTRA
28,24,5,2022,1,GUJARAT,ANDHRA PRADESH
16,27,5,2022,2,MAHARASHTRA,TRIPURA
23,27,5,2022,192,MAHARASHTRA,MADHYA PRADESH
32,27,5,2022,5,MAHARASHTRA,KERALA
22,28,5,2022,11,ANDHRA PRADESH,CHHATTISGARH
36,28,5,2022,38,ANDHRA PRADESH,TELANGANA
07,29,5,2022,1,KARNATAKA,DELHI
22,29,5,2022,3,KARNATAKA,CHHATTISGARH
24,29,5,2022,2,KARNATAKA,GUJARAT
33,29,5,2022,58,KARNATAKA,TAMIL NADU
21,30,5,2022,5,GOA,ODISHA
27,30,5,2022,32,GOA,MAHARASHTRA
28,30,5,2022,1,GOA,ANDHRA PRADESH
01,32,5,2022,1,KERALA,JAMMU AND KASHMIR
07,32,5,2022,3,KERALA,DELHI
19,32,5,2022,9,KERALA,WEST BENGAL
20,32,5,2022,29,KERALA,JHARKHAND
29,32,5,2022,317,KERALA,KARNATAKA
09,33,5,2022,13,TAMIL NADU,UTTAR PRADESH
10,33,5,2022,219,TAMIL NADU,BIHAR
20,33,5,2022,48,TAMIL NADU,JHARKHAND
23,33,5,2022,6,TAMIL NADU,MADHYA PRADESH
32,35,5,2022,2,ANDAMAN AND NICOBAR ISLANDS,KERALA
33,35,5,2022,2,ANDAMAN AND NICOBAR ISLANDS,TAMIL NADU
27,36,5,2022,8,TELANGANA,MAHARASHTRA
29,36,5,2022,44,TELANGANA,KARNATAKA
03,01,6,2022,7,JAMMU AND KASHMIR,PUNJAB
08,01,6,2022,5,JAMMU AND KASHMIR,RAJASTHAN
07,02,6,2022,10,HIMACHAL PRADESH,DELHI
22,02,6,2022,4,HIMACHAL PRADESH,CHHATTISGARH
05,03,6,2022,2,PUNJAB,UTTARAKHAND
08,03,6,2022,9,PUNJAB,RAJASTHAN
08,05,6,2022,5,UTTARAKHAND,RAJASTHAN
21,05,6,2022,2,UTTARAKHAND,ODISHA
27,05,6,2022,1,UTTARAKHAND,MAHARASHTRA
33,05,6,2022,1,UTTARAKHAND,TAMIL NADU
01,06,6,2022,4,HARYANA,JAMMU AND KASHMIR
29,06,6,2022,1,HARYANA,KARNATAKA
05,07,6,2022,1895,DELHI,UTTARAKHAND
08,07,6,2022,1482,DELHI,RAJASTHAN
10,07,6,2022,77403,DELHI,BIHAR
07,08,6,2022,20,RAJASTHAN,DELHI
24,08,6,2022,27,RAJASTHAN,GUJARAT
21,10,6,2022,14,BIHAR,ODISHA
22,10,6,2022,31,BIHAR,CHHATTISGARH
24,10,6,2022,26,BIHAR,GUJARAT
27,10,6,2022,114,BIHAR,MAHARASHTRA
28,10,6,2022,3,BIHAR,ANDHRA PRADESH
10,12,6,2022,17,ARUNACHAL PRADESH,BIHAR
10,18,6,2022,4,ASSAM,BIHAR
20,21,6,2022,4,ODISHA,JHARKHAND
22,21,6,2022,4,ODISHA,CHHATTISGARH
36,21,6,2022,1,ODISHA,TELANGANA
07,22,6,2022,3,CHHATTISGARH,DELHI
23,22,6,2022,45,CHHATTISGARH,MADHYA PRADESH
32,22,6,2022,1,CHHATTISGARH,KERALA
05,23,6,2022,2,MADHYA PRADESH,UTTARAKHAND
07,23,6,2022,35,MADHYA PRADESH,DELHI
08,23,6,2022,97,MADHYA PRADESH,RAJASTHAN
19,23,6,2022,3,MADHYA PRADESH,WEST BENGAL
21,23,6,2022,8,MADHYA PRADESH,ODISHA
22,23,6,2022,67,MADHYA PRADESH,CHHATTISGARH
32,23,6,2022,1,MADHYA PRADESH,KERALA
05,24,6,2022,9,GUJARAT,UTTARAKHAND
08,24,6,2022,437,GUJARAT,RAJASTHAN
19,24,6,2022,10,GUJARAT,WEST BENGAL
20,24,6,2022,107,GUJARAT,JHARKHAND
05,27,6,2022,4,MAHARASHTRA,UTTARAKHAND
07,27,6,2022,10,MAHARASHTRA,DELHI
19,27,6,2022,48,MAHARASHTRA,WEST BENGAL
20,27,6,2022,125,MAHARASHTRA,JHARKHAND
29,27,6,2022,112,MAHARASHTRA,KARNATAKA
32,27,6,2022,2,MAHARASHTRA,KERALA
05,29,6,2022,3,KARNATAKA,UTTARAKHAND
19,29,6,2022,5,KARNATAKA,WEST BENGAL
24,29,6,2022,5,KARNATAKA,GUJARAT
32,29,6,2022,29,KARNATAKA,KERALA
21,30,6,2022,3,GOA,ODISHA
27,30,6,2022,34,GOA,MAHARASHTRA
29,30,6,2022,201,GOA,KARNATAKA
32,30,6,2022,1,GOA,KERALA
19,32,6,2022,8,KERALA,WEST BENGAL
21,32,6,2022,8,KERALA,ODISHA
28,33,6,2022,4,TAMIL NADU,ANDHRA PRADESH
29,33,6,2022,10,TAMIL NADU,KARNATAKA
32,33,6,2022,3,TAMIL NADU,KERALA
03,36,6,2022,1,TELANGANA,PUNJAB
08,36,6,2022,2,TELANGANA,RAJASTHAN
27,36,6,2022,32,TELANGANA,MAHARASHTRA
29,36,6,2022,69,TELANGANA,KARNATAKA
33,36,6,2022,1,TELANGANA,TAMIL NADU
22,37,6,2022,11,LADAKH,CHHATTISGARH
23,01,7,2022,123,JAMMU AND KASHMIR,MADHYA PRADESH
05,02,7,2022,25,HIMACHAL PRADESH,UTTARAKHAND
06,02,7,2022,48,HIMACHAL PRADESH,HARYANA
22,02,7,2022,8,HIMACHAL PRADESH,CHHATTISGARH
05,03,7,2022,3,PUNJAB,UTTARAKHAND
09,03,7,2022,81,PUNJAB,UTTAR PRADESH
08,05,7,2022,4,UTTARAKHAND,RAJASTHAN
05,06,7,2022,168,HARYANA,UTTARAKHAND
21,06,7,2022,43,HARYANA,ODISHA
29,06,7,2022,3,HARYANA,KARNATAKA
36,06,7,2022,1,HARYANA,TELANGANA
03,07,7,2022,3,DELHI,PUNJAB
08,07,7,2022,1601,DELHI,RAJASTHAN
09,07,7,2022,55548,DELHI,UTTAR PRADESH
20,07,7,2022,1886,DELHI,JHARKHAND
23,07,7,2022,8918,DELHI,MADHYA PRADESH
27,07,7,2022,98,DELHI,MAHARASHTRA
09,08,7,2022,276,RAJASTHAN,UTTAR PRADESH
29,08,7,2022,1,RAJASTHAN,KARNATAKA
06,09,7,2022,11,UTTAR PRADESH,HARYANA
23,10,7,2022,34,BIHAR,MADHYA PRADESH
24,10,7,2022,23,BIHAR,GUJARAT
09,11,7,2022,1,SIKKIM,UTTAR PRADESH
10,13,7,2022,6,NAGALAND,BIHAR
13,16,7,2022,1,TRIPURA,NAGALAND
10,17,7,2022,5,MEGHALAYA,BIHAR
06,18,7,2022,2,ASSAM,HARYANA
10,19,7,2022,30,WEST BENGAL,BIHAR
22,19,7,2022,1,WEST BENGAL,CHHATTISGARH
28,21,7,2022,2,ODISHA,ANDHRA PRADESH
20,22,7,2022,20,CHHATTISGARH,JHARKHAND
05,23,7,2022,1,MADHYA PRADESH,UTTARAKHAND
27,23,7,2022,105,MADHYA PRADESH,MAHARASHTRA
21,24,7,2022,278,GUJARAT,ODISHA
22,24,7,2022,37,GUJARAT,CHHATTISGARH
27,24,7,2022,823,GUJARAT,MAHARASHTRA
10,27,7,2022,1572,MAHARASHTRA,BIHAR
21,27,7,2022,1,MAHARASHTRA,ODISHA
32,27,7,2022,1,MAHARASHTRA,KERALA
06,28,7,2022,5,ANDHRA PRADESH,HARYANA
08,28,7,2022,1,ANDHRA PRADESH,RAJASTHAN
21,28,7,2022,1,ANDHRA PRADESH,ODISHA
10,29,7,2022,461,KARNATAKA,BIHAR
19,29,7,2022,4,KARNATAKA,WEST BENGAL
20,29,7,2022,13,KARNATAKA,JHARKHAND
21,29,7,2022,64,KARNATAKA,ODISHA
06,30,7,2022,3,GOA,HARYANA
08,30,7,2022,2,GOA,RAJASTHAN
19,30,7,2022,3,GOA,WEST BENGAL
23,30,7,2022,13,GOA,MADHYA PRADESH
32,30,7,2022,1,GOA,KERALA
05,32,7,2022,1,KERALA,UTTARAKHAND
06,32,7,2022,3,KERALA,HARYANA
18,32,7,2022,1,KERALA,ASSAM
20,32,7,2022,41,KERALA,JHARKHAND
33,32,7,2022,232,KERALA,TAMIL NADU
20,33,7,2022,43,TAMIL NADU,JHARKHAND
23,33,7,2022,17,TAMIL NADU,MADHYA PRADESH
32,33,7,2022,4,TAMIL NADU,KERALA
18,35,7,2022,7,ANDAMAN AND NICOBAR ISLANDS,ASSAM
06,36,7,2022,4,TELANGANA,HARYANA
08,36,7,2022,2,TELANGANA,RAJASTHAN
18,36,7,2022,1,TELANGANA,ASSAM
33,36,7,2022,2,TELANGANA,TAMIL NADU
27,37,7,2022,2,LADAKH,MAHARASHTRA
05,02,8,2022,7,HIMACHAL PRADESH,UTTARAKHAND
06,04,8,2022,1,CHANDIGARH,HARYANA
02,05,8,2022,2,UTTARAKHAND,HIMACHAL PRADESH
08,05,8,2022,2,UTTARAKHAND,RAJASTHAN
23,05,8,2022,14,UTTARAKHAND,MADHYA PRADESH
02,06,8,2022,6,HARYANA,HIMACHAL PRADESH
08,06,8,2022,595,HARYANA,RAJASTHAN
10,06,8,2022,13139,HARYANA,BIHAR
36,06,8,2022,1,HARYANA,TELANGANA
21,07,8,2022,310,DELHI,ODISHA
06,08,8,2022,222,RAJASTHAN,HARYANA
21,08,8,2022,1,RAJASTHAN,ODISHA
05,10,8,2022,3,BIHAR,UTTARAKHAND
06,10,8,2022,178,BIHAR,HARYANA
36,10,8,2022,16,BIHAR,TELANGANA
09,11,8,2022,2,SIKKIM,UTTAR PRADESH
08,16,8,2022,1,TRIPURA,RAJASTHAN
10,16,8,2022,44,TRIPURA,BIHAR
20,16,8,2022,4,TRIPURA,JHARKHAND
21,19,8,2022,1,WEST BENGAL,ODISHA
06,20,8,2022,3,JHARKHAND,HARYANA
29,20,8,2022,1,JHARKHAND,KARNATAKA
10,22,8,2022,72,CHHATTISGARH,BIHAR
18,22,8,2022,1,CHHATTISGARH,ASSAM
20,22,8,2022,18,CHHATTISGARH,JHARKHAND
23,22,8,2022,56,CHHATTISGARH,MADHYA PRADESH
08,23,8,2022,85,MADHYA PRADESH,RAJASTHAN
09,23,8,2022,757,MADHYA PRADESH,UTTAR PRADESH
06,24,8,2022,40,GUJARAT,HARYANA
32,24,8,2022,8,GUJARAT,KERALA
24,27,8,2022,30,MAHARASHTRA,GUJARAT
10,29,8,2022,509,KARNATAKA,BIHAR
28,29,8,2022,30,KARNATAKA,ANDHRA PRADESH
18,32,3,2023,22,KERALA,ASSAM
21,32,3,2023,8,KERALA,ODISHA
22,32,3,2023,3,KERALA,CHHATTISGARH
23,32,3,2023,50,KERALA,MADHYA PRADESH
29,32,3,2023,349,KERALA,KARNATAKA
07,33,3,2023,3,TAMIL NADU,DELHI
20,33,3,2023,16,TAMIL NADU,JHARKHAND
22,33,3,2023,13,TAMIL NADU,CHHATTISGARH
27,33,3,2023,14,TAMIL NADU,MAHARASHTRA
01,36,3,2023,1,TELANGANA,JAMMU AND KASHMIR
23,36,3,2023,51,TELANGANA,MADHYA PRADESH
33,36,3,2023,6,TELANGANA,TAMIL NADU
10,04,4,2023,13,CHANDIGARH,BIHAR
08,06,4,2023,657,HARYANA,RAJASTHAN
23,06,4,2023,2300,HARYANA,MADHYA PRADESH
27,06,4,2023,13,HARYANA,MAHARASHTRA
05,07,4,2023,2567,DELHI,UTTARAKHAND
08,07,4,2023,1271,DELHI,RAJASTHAN
24,07,4,2023,85,DELHI,GUJARAT
32,07,4,2023,29,DELHI,KERALA
22,08,4,2023,49,RAJASTHAN,CHHATTISGARH
05,10,4,2023,7,BIHAR,UTTARAKHAND
18,10,4,2023,44,BIHAR,ASSAM
23,10,4,2023,65,BIHAR,MADHYA PRADESH
28,10,4,2023,1,BIHAR,ANDHRA PRADESH
09,11,4,2023,1,SIKKIM,UTTAR PRADESH
18,17,4,2023,4,MEGHALAYA,ASSAM
10,19,4,2023,688,WEST BENGAL,BIHAR
27,19,4,2023,2,WEST BENGAL,MAHARASHTRA
10,22,4,2023,85,CHHATTISGARH,BIHAR
20,22,4,2023,9,CHHATTISGARH,JHARKHAND
08,23,4,2023,91,MADHYA PRADESH,RAJASTHAN
29,23,4,2023,1,MADHYA PRADESH,KARNATAKA
08,24,4,2023,357,GUJARAT,RAJASTHAN
22,24,4,2023,17,GUJARAT,CHHATTISGARH
08,27,4,2023,110,MAHARASHTRA,RAJASTHAN
10,30,4,2023,173,GOA,BIHAR
19,30,4,2023,4,GOA,WEST BENGAL
22,30,4,2023,6,GOA,CHHATTISGARH
23,30,4,2023,15,GOA,MADHYA PRADESH
07,32,4,2023,2,KERALA,DELHI
24,32,4,2023,1,KERALA,GUJARAT
29,32,4,2023,152,KERALA,KARNATAKA
08,33,4,2023,7,TAMIL NADU,RAJASTHAN
22,33,4,2023,11,TAMIL NADU,CHHATTISGARH
10,34,4,2023,167,PUDUCHERRY,BIHAR
20,35,4,2023,2,ANDAMAN AND NICOBAR ISLANDS,JHARKHAND
05,36,4,2023,1,TELANGANA,UTTARAKHAND
08,36,4,2023,6,TELANGANA,RAJASTHAN
24,36,4,2023,1,TELANGANA,GUJARAT
28,36,4,2023,534,TELANGANA,ANDHRA PRADESH
06,37,4,2023,2,LADAKH,HARYANA
09,01,5,2023,1884,JAMMU AND KASHMIR,UTTAR PRADESH
10,01,5,2023,928,JAMMU AND KASHMIR,BIHAR
24,01,5,2023,1,JAMMU AND KASHMIR,GUJARAT
27,01,5,2023,2,JAMMU AND KASHMIR,MAHARASHTRA
01,02,5,2023,1,HIMACHAL PRADESH,JAMMU AND KASHMIR
09,02,5,2023,4789,HIMACHAL PRADESH,UTTAR PRADESH
20,02,5,2023,44,HIMACHAL PRADESH,JHARKHAND
07,05,5,2023,76,UTTARAKHAND,DELHI
09,05,5,2023,4680,UTTARAKHAND,UTTAR PRADESH
19,05,5,2023,1,UTTARAKHAND,WEST BENGAL
18,06,5,2023,20,HARYANA,ASSAM
20,06,5,2023,285,HARYANA,JHARKHAND
23,06,5,2023,3009,HARYANA,MADHYA PRADESH
08,07,5,2023,1405,DELHI,RAJASTHAN
10,07,5,2023,112002,DELHI,BIHAR
21,07,5,2023,201,DELHI,ODISHA
29,07,5,2023,6,DELHI,KARNATAKA
33,07,5,2023,78,DELHI,TAMIL NADU
07,08,5,2023,79,RAJASTHAN,DELHI
05,09,5,2023,1,UTTAR PRADESH,UTTARAKHAND
07,09,5,2023,23,UTTAR PRADESH,DELHI
23,09,5,2023,8,UTTAR PRADESH,MADHYA PRADESH
27,09,5,2023,20,UTTAR PRADESH,MAHARASHTRA
05,10,5,2023,14,BIHAR,UTTARAKHAND
07,10,5,2023,2190,BIHAR,DELHI
06,11,5,2023,22,SIKKIM,HARYANA
10,11,5,2023,54,SIKKIM,BIHAR
18,17,5,2023,1,MEGHALAYA,ASSAM
22,19,5,2023,8,WEST BENGAL,CHHATTISGARH
23,19,5,2023,5,WEST BENGAL,MADHYA PRADESH
33,19,5,2023,2,WEST BENGAL,TAMIL NADU
10,20,5,2023,808,JHARKHAND,BIHAR
27,20,5,2023,10,JHARKHAND,MAHARASHTRA
28,20,5,2023,2,JHARKHAND,ANDHRA PRADESH
24,21,5,2023,1,ODISHA,GUJARAT
10,22,5,2023,11,CHHATTISGARH,BIHAR
28,22,5,2023,1,CHHATTISGARH,ANDHRA PRADESH
06,23,5,2023,3,MADHYA PRADESH,HARYANA
19,23,5,2023,1,MADHYA PRADESH,WEST BENGAL
08,24,5,2023,343,GUJARAT,RAJASTHAN
23,24,5,2023,1292,GUJARAT,MADHYA PRADESH
28,24,5,2023,3,GUJARAT,ANDHRA PRADESH
06,27,5,2023,11,MAHARASHTRA,HARYANA
19,27,5,2023,80,MAHARASHTRA,WEST BENGAL
23,27,5,2023,290,MAHARASHTRA,MADHYA PRADESH
29,27,5,2023,116,MAHARASHTRA,KARNATAKA
16,29,5,2023,3,KARNATAKA,TRIPURA
18,29,5,2023,12,KARNATAKA,ASSAM
20,29,5,2023,19,KARNATAKA,JHARKHAND
22,29,5,2023,11,KARNATAKA,CHHATTISGARH
27,29,5,2023,47,KARNATAKA,MAHARASHTRA
30,29,5,2023,1,KARNATAKA,GOA
05,30,5,2023,1,GOA,UTTARAKHAND
09,30,5,2023,82,GOA,UTTAR PRADESH
18,30,5,2023,3,GOA,ASSAM
19,30,5,2023,2,GOA,WEST BENGAL
05,32,5,2023,2,KERALA,UTTARAKHAND
09,32,5,2023,72,KERALA,UTTAR PRADESH
18,32,5,2023,12,KERALA,ASSAM
24,32,5,2023,3,KERALA,GUJARAT
28,32,5,2023,9,KERALA,ANDHRA PRADESH
20,33,5,2023,9,TAMIL NADU,JHARKHAND
32,33,5,2023,13,TAMIL NADU,KERALA
01,36,5,2023,1,TELANGANA,JAMMU AND KASHMIR
07,36,5,2023,7,TELANGANA,DELHI
22,36,5,2023,45,TELANGANA,CHHATTISGARH
19,01,6,2023,5,JAMMU AND KASHMIR,WEST BENGAL
23,01,6,2023,258,JAMMU AND KASHMIR,MADHYA PRADESH
27,01,6,2023,2,JAMMU AND KASHMIR,MAHARASHTRA
05,06,6,2023,206,HARYANA,UTTARAKHAND
28,06,6,2023,1,HARYANA,ANDHRA PRADESH
05,07,6,2023,3095,DELHI,UTTARAKHAND
19,07,6,2023,989,DELHI,WEST BENGAL
20,07,6,2023,1883,DELHI,JHARKHAND
09,08,6,2023,1688,RAJASTHAN,UTTAR PRADESH
10,09,6,2023,10,UTTAR PRADESH,BIHAR
18,10,6,2023,18,BIHAR,ASSAM
27,10,6,2023,109,BIHAR,MAHARASHTRA
28,10,6,2023,2,BIHAR,ANDHRA PRADESH
10,16,6,2023,6,TRIPURA,BIHAR
18,17,6,2023,3,MEGHALAYA,ASSAM
10,18,6,2023,2,ASSAM,BIHAR
09,19,6,2023,32,WEST BENGAL,UTTAR PRADESH
27,20,6,2023,12,JHARKHAND,MAHARASHTRA
07,22,6,2023,1,CHHATTISGARH,DELHI
20,22,6,2023,7,CHHATTISGARH,JHARKHAND
23,22,6,2023,28,CHHATTISGARH,MADHYA PRADESH
18,23,6,2023,2,MADHYA PRADESH,ASSAM
19,23,6,2023,1,MADHYA PRADESH,WEST BENGAL
22,23,6,2023,70,MADHYA PRADESH,CHHATTISGARH
27,23,6,2023,90,MADHYA PRADESH,MAHARASHTRA
33,23,6,2023,1,MADHYA PRADESH,TAMIL NADU
27,24,6,2023,284,GUJARAT,MAHARASHTRA
19,27,6,2023,86,MAHARASHTRA,WEST BENGAL
20,27,6,2023,246,MAHARASHTRA,JHARKHAND
28,27,6,2023,16,MAHARASHTRA,ANDHRA PRADESH
29,27,6,2023,149,MAHARASHTRA,KARNATAKA
32,29,6,2023,16,KARNATAKA,KERALA
27,30,6,2023,35,GOA,MAHARASHTRA
05,32,6,2023,1,KERALA,UTTARAKHAND
09,32,6,2023,69,KERALA,UTTAR PRADESH
24,32,6,2023,2,KERALA,GUJARAT
27,32,6,2023,44,KERALA,MAHARASHTRA
27,33,6,2023,33,TAMIL NADU,MAHARASHTRA
32,33,6,2023,17,TAMIL NADU,KERALA
21,34,6,2023,2,PUDUCHERRY,ODISHA
32,34,6,2023,1,PUDUCHERRY,KERALA
01,36,6,2023,1,TELANGANA,JAMMU AND KASHMIR
22,36,6,2023,117,TELANGANA,CHHATTISGARH
33,36,6,2023,7,TELANGANA,TAMIL NADU
08,37,6,2023,3,LADAKH,RAJASTHAN
07,02,7,2023,24,HIMACHAL PRADESH,DELHI
08,02,7,2023,4,HIMACHAL PRADESH,RAJASTHAN
10,02,7,2023,1864,HIMACHAL PRADESH,BIHAR
23,02,7,2023,175,HIMACHAL PRADESH,MADHYA PRADESH
05,03,7,2023,3,PUNJAB,UTTARAKHAND
06,05,7,2023,10,UTTARAKHAND,HARYANA
08,05,7,2023,2,UTTARAKHAND,RAJASTHAN
10,06,7,2023,18998,HARYANA,BIHAR
21,06,7,2023,34,HARYANA,ODISHA
27,06,7,2023,16,HARYANA,MAHARASHTRA
01,07,7,2023,48,DELHI,JAMMU AND KASHMIR
02,07,7,2023,27,DELHI,HIMACHAL PRADESH
05,07,7,2023,3870,DELHI,UTTARAKHAND
10,07,7,2023,130774,DELHI,BIHAR
20,07,7,2023,1571,DELHI,JHARKHAND
27,07,7,2023,136,DELHI,MAHARASHTRA
32,07,7,2023,57,DELHI,KERALA
33,07,7,2023,124,DELHI,TAMIL NADU
09,08,7,2023,1374,RAJASTHAN,UTTAR PRADESH
19,08,7,2023,21,RAJASTHAN,WEST BENGAL
22,08,7,2023,15,RAJASTHAN,CHHATTISGARH
29,08,7,2023,3,RAJASTHAN,KARNATAKA
08,09,7,2023,1,UTTAR PRADESH,RAJASTHAN
20,09,7,2023,1,UTTAR PRADESH,JHARKHAND
27,09,7,2023,54,UTTAR PRADESH,MAHARASHTRA
06,10,7,2023,48,BIHAR,HARYANA
28,10,7,2023,2,BIHAR,ANDHRA PRADESH
18,16,7,2023,9,TRIPURA,ASSAM
18,17,7,2023,5,MEGHALAYA,ASSAM
19,17,7,2023,1,MEGHALAYA,WEST BENGAL
24,19,7,2023,3,WEST BENGAL,GUJARAT
27,19,7,2023,4,WEST BENGAL,MAHARASHTRA
22,20,7,2023,22,JHARKHAND,CHHATTISGARH
10,21,7,2023,1,ODISHA,BIHAR
08,22,7,2023,5,CHHATTISGARH,RAJASTHAN
09,22,7,2023,46,CHHATTISGARH,UTTAR PRADESH
33,22,7,2023,1,CHHATTISGARH,TAMIL NADU
05,23,7,2023,2,MADHYA PRADESH,UTTARAKHAND
08,23,7,2023,132,MADHYA PRADESH,RAJASTHAN
24,23,7,2023,17,MADHYA PRADESH,GUJARAT
21,24,7,2023,201,GUJARAT,ODISHA
23,24,7,2023,2579,GUJARAT,MADHYA PRADESH
32,24,7,2023,1,GUJARAT,KERALA
10,27,7,2023,9682,MAHARASHTRA,BIHAR
28,27,7,2023,26,MAHARASHTRA,ANDHRA PRADESH
32,27,7,2023,6,MAHARASHTRA,KERALA
18,30,7,2023,4,GOA,ASSAM
22,30,7,2023,13,GOA,CHHATTISGARH
27,32,7,2023,65,KERALA,MAHARASHTRA
29,33,7,2023,6,TAMIL NADU,KARNATAKA
33,35,7,2023,2,ANDAMAN AND NICOBAR ISLANDS,TAMIL NADU
08,36,7,2023,11,TELANGANA,RAJASTHAN
27,36,7,2023,474,TELANGANA,MAHARASHTRA
29,36,7,2023,354,TELANGANA,KARNATAKA
32,36,7,2023,3,TELANGANA,KERALA
22,02,8,2023,19,HIMACHAL PRADESH,CHHATTISGARH
23,02,8,2023,211,HIMACHAL PRADESH,MADHYA PRADESH
10,03,8,2023,235,PUNJAB,BIHAR
22,05,8,2023,9,UTTARAKHAND,CHHATTISGARH
27,06,8,2023,21,HARYANA,MAHARASHTRA
05,07,8,2023,3807,DELHI,UTTARAKHAND
08,07,8,2023,2149,DELHI,RAJASTHAN
19,07,8,2023,1384,DELHI,WEST BENGAL
20,07,8,2023,921,DELHI,JHARKHAND
22,07,8,2023,344,DELHI,CHHATTISGARH
29,07,8,2023,14,DELHI,KARNATAKA
33,07,8,2023,103,DELHI,TAMIL NADU
09,08,8,2023,1751,RAJASTHAN,UTTAR PRADESH
10,08,8,2023,2451,RAJASTHAN,BIHAR
22,08,8,2023,10,RAJASTHAN,CHHATTISGARH
20,10,8,2023,145,BIHAR,JHARKHAND
24,10,8,2023,29,BIHAR,GUJARAT
32,10,8,2023,1,BIHAR,KERALA
14,15,8,2023,41,MIZORAM,MANIPUR
28,16,8,2023,1,TRIPURA,ANDHRA PRADESH
10,18,8,2023,5,ASSAM,BIHAR
23,19,8,2023,5,WEST BENGAL,MADHYA PRADESH
32,19,8,2023,1,WEST BENGAL,KERALA
06,20,8,2023,1,JHARKHAND,HARYANA
28,20,8,2023,1,JHARKHAND,ANDHRA PRADESH
06,22,8,2023,1,CHHATTISGARH,HARYANA
08,22,8,2023,3,CHHATTISGARH,RAJASTHAN
21,23,8,2023,18,MADHYA PRADESH,ODISHA
09,24,8,2023,4430,GUJARAT,UTTAR PRADESH
10,24,8,2023,1950,GUJARAT,BIHAR
19,24,8,2023,1,GUJARAT,WEST BENGAL
05,27,8,2023,33,MAHARASHTRA,UTTARAKHAND
06,27,8,2023,54,MAHARASHTRA,HARYANA
10,27,8,2023,10875,MAHARASHTRA,BIHAR
24,27,8,2023,193,MAHARASHTRA,GUJARAT
28,27,8,2023,26,MAHARASHTRA,ANDHRA PRADESH
06,29,8,2023,2,KARNATAKA,HARYANA
07,29,8,2023,7,KARNATAKA,DELHI
19,29,8,2023,4,KARNATAKA,WEST BENGAL
20,29,8,2023,5,KARNATAKA,JHARKHAND
28,29,8,2023,39,KARNATAKA,ANDHRA PRADESH
10,30,8,2023,202,GOA,BIHAR
23,30,8,2023,35,GOA,MADHYA PRADESH
05,32,8,2023,2,KERALA,UTTARAKHAND
07,32,8,2023,7,KERALA,DELHI
08,32,8,2023,5,KERALA,RAJASTHAN
23,32,8,2023,194,KERALA,MADHYA PRADESH
23,33,8,2023,1,TAMIL NADU,MADHYA PRADESH
28,33,8,2023,7,TAMIL NADU,ANDHRA PRADESH
05,35,8,2023,1,ANDAMAN AND NICOBAR ISLANDS,UTTARAKHAND
19,36,8,2023,12,TELANGANA,WEST BENGAL
24,36,8,2023,3,TELANGANA,GUJARAT
09,37,8,2023,2,LADAKH,UTTAR PRADESH
10,37,8,2023,9,LADAKH,BIHAR
19,01,9,2023,4,JAMMU AND KASHMIR,WEST BENGAL
22,01,9,2023,498,JAMMU AND KASHMIR,CHHATTISGARH
29,01,9,2023,1,JAMMU AND KASHMIR,KARNATAKA
33,01,9,2023,1,JAMMU AND KASHMIR,TAMIL NADU
19,02,9,2023,14,HIMACHAL PRADESH,WEST BENGAL
02,03,9,2023,1,PUNJAB,HIMACHAL PRADESH
10,03,9,2023,602,PUNJAB,BIHAR
19,03,9,2023,1,PUNJAB,WEST BENGAL
27,03,9,2023,1,PUNJAB,MAHARASHTRA
05,04,9,2023,3,CHANDIGARH,UTTARAKHAND
07,05,9,2023,94,UTTARAKHAND,DELHI
10,06,9,2023,22935,HARYANA,BIHAR
24,06,9,2023,21,HARYANA,GUJARAT
33,06,9,2023,1,HARYANA,TAMIL NADU
10,07,9,2023,152221,DELHI,BIHAR
23,07,9,2023,16110,DELHI,MADHYA PRADESH
19,08,9,2023,16,RAJASTHAN,WEST BENGAL
23,08,9,2023,1590,RAJASTHAN,MADHYA PRADESH
24,08,9,2023,34,RAJASTHAN,GUJARAT
27,08,9,2023,22,RAJASTHAN,MAHARASHTRA
29,08,9,2023,2,RAJASTHAN,KARNATAKA
05,09,9,2023,1,UTTAR PRADESH,UTTARAKHAND
07,09,9,2023,94,UTTAR PRADESH,DELHI
09,10,9,2023,691,BIHAR,UTTAR PRADESH
18,10,9,2023,56,BIHAR,ASSAM
23,11,9,2023,2,SIKKIM,MADHYA PRADESH
18,17,9,2023,5,MEGHALAYA,ASSAM
09,19,9,2023,23,WEST BENGAL,UTTAR PRADESH
33,19,9,2023,2,WEST BENGAL,TAMIL NADU
06,20,9,2023,6,JHARKHAND,HARYANA
09,20,9,2023,45,JHARKHAND,UTTAR PRADESH
27,20,9,2023,12,JHARKHAND,MAHARASHTRA
23,22,9,2023,64,CHHATTISGARH,MADHYA PRADESH
27,22,9,2023,2,CHHATTISGARH,MAHARASHTRA
09,23,9,2023,1521,MADHYA PRADESH,UTTAR PRADESH
20,23,9,2023,6,MADHYA PRADESH,JHARKHAND
21,23,9,2023,9,MADHYA PRADESH,ODISHA
06,24,9,2023,50,GUJARAT,HARYANA
07,24,9,2023,35,GUJARAT,DELHI
16,24,9,2023,1,GUJARAT,TRIPURA
19,24,9,2023,8,GUJARAT,WEST BENGAL
22,24,9,2023,46,GUJARAT,CHHATTISGARH
29,24,9,2023,7,GUJARAT,KARNATAKA
32,24,9,2023,3,GUJARAT,KERALA
08,27,9,2023,167,MAHARASHTRA,RAJASTHAN
18,27,9,2023,29,MAHARASHTRA,ASSAM
19,27,9,2023,155,MAHARASHTRA,WEST BENGAL
20,27,9,2023,93,MAHARASHTRA,JHARKHAND
24,27,9,2023,167,MAHARASHTRA,GUJARAT
07,29,9,2023,2,KARNATAKA,DELHI
23,29,9,2023,19,KARNATAKA,MADHYA PRADESH
09,30,9,2023,265,GOA,UTTAR PRADESH
18,30,9,2023,4,GOA,ASSAM
23,30,9,2023,33,GOA,MADHYA PRADESH
33,30,9,2023,6,GOA,TAMIL NADU
06,32,9,2023,6,KERALA,HARYANA
09,32,9,2023,167,KERALA,UTTAR PRADESH
10,32,9,2023,557,KERALA,BIHAR
22,32,9,2023,5,KERALA,CHHATTISGARH
23,32,9,2023,239,KERALA,MADHYA PRADESH
33,32,9,2023,179,KERALA,TAMIL NADU
07,33,9,2023,2,TAMIL NADU,DELHI
23,33,9,2023,1,TAMIL NADU,MADHYA PRADESH
27,33,9,2023,6,TAMIL NADU,MAHARASHTRA
32,33,9,2023,5,TAMIL NADU,KERALA
01,36,9,2023,1,TELANGANA,JAMMU AND KASHMIR
08,36,9,2023,14,TELANGANA,RAJASTHAN
27,36,9,2023,671,TELANGANA,MAHARASHTRA
10,37,9,2023,12,LADAKH,BIHAR
23,37,9,2023,7,LADAKH,MADHYA PRADESH
22,01,10,2023,352,JAMMU AND KASHMIR,CHHATTISGARH
19,02,10,2023,6,HIMACHAL PRADESH,WEST BENGAL
22,02,10,2023,11,HIMACHAL PRADESH,CHHATTISGARH
08,05,10,2023,4,UTTARAKHAND,RAJASTHAN
22,05,10,2023,12,UTTARAKHAND,CHHATTISGARH
24,05,10,2023,1,UTTARAKHAND,GUJARAT
18,06,10,2023,53,HARYANA,ASSAM
20,06,10,2023,46,HARYANA,JHARKHAND
09,07,10,2023,145608,DELHI,UTTAR PRADESH
16,07,10,2023,5,DELHI,TRIPURA
18,07,10,2023,239,DELHI,ASSAM
22,07,10,2023,368,DELHI,CHHATTISGARH
24,07,10,2023,122,DELHI,GUJARAT
27,07,10,2023,143,DELHI,MAHARASHTRA
07,08,10,2023,102,RAJASTHAN,DELHI
22,08,10,2023,21,RAJASTHAN,CHHATTISGARH
28,08,10,2023,1,RAJASTHAN,ANDHRA PRADESH
08,09,10,2023,2,UTTAR PRADESH,RAJASTHAN
07,10,10,2023,1283,BIHAR,DELHI
19,10,10,2023,198,BIHAR,WEST BENGAL
20,10,10,2023,199,BIHAR,JHARKHAND
28,10,10,2023,1,BIHAR,ANDHRA PRADESH
33,10,10,2023,2,BIHAR,TAMIL NADU
13,18,10,2023,1,ASSAM,NAGALAND
10,19,10,2023,998,WEST BENGAL,BIHAR
21,19,10,2023,5,WEST BENGAL,ODISHA
09,20,10,2023,59,JHARKHAND,UTTAR PRADESH
27,21,10,2023,1,ODISHA,MAHARASHTRA
23,22,10,2023,67,CHHATTISGARH,MADHYA PRADESH
06,23,10,2023,29,MADHYA PRADESH,HARYANA
09,23,10,2023,2034,MADHYA PRADESH,UTTAR PRADESH
22,23,10,2023,173,MADHYA PRADESH,CHHATTISGARH
22,24,10,2023,76,GUJARAT,CHHATTISGARH
33,24,10,2023,1,GUJARAT,TAMIL NADU
01,27,10,2023,3,MAHARASHTRA,JAMMU AND KASHMIR
02,27,10,2023,1,MAHARASHTRA,HIMACHAL PRADESH
20,27,10,2023,103,MAHARASHTRA,JHARKHAND
22,27,10,2023,94,MAHARASHTRA,CHHATTISGARH
29,27,10,2023,195,MAHARASHTRA,KARNATAKA
06,28,10,2023,2,ANDHRA PRADESH,HARYANA
05,29,10,2023,1,KARNATAKA,UTTARAKHAND
07,29,10,2023,3,KARNATAKA,DELHI
09,29,10,2023,101,KARNATAKA,UTTAR PRADESH
33,29,10,2023,19,KARNATAKA,TAMIL NADU
06,30,10,2023,1,GOA,HARYANA
08,30,8,2022,2,GOA,RAJASTHAN
10,30,8,2022,143,GOA,BIHAR
22,30,8,2022,7,GOA,CHHATTISGARH
28,30,8,2022,1,GOA,ANDHRA PRADESH
18,32,8,2022,3,KERALA,ASSAM
19,32,8,2022,22,KERALA,WEST BENGAL
20,33,8,2022,40,TAMIL NADU,JHARKHAND
29,33,8,2022,13,TAMIL NADU,KARNATAKA
07,01,9,2022,11,JAMMU AND KASHMIR,DELHI
10,01,9,2022,590,JAMMU AND KASHMIR,BIHAR
09,02,9,2022,879,HIMACHAL PRADESH,UTTAR PRADESH
20,03,9,2022,12,PUNJAB,JHARKHAND
06,05,9,2022,17,UTTARAKHAND,HARYANA
23,05,9,2022,19,UTTARAKHAND,MADHYA PRADESH
24,05,9,2022,1,UTTARAKHAND,GUJARAT
05,06,9,2022,152,HARYANA,UTTARAKHAND
09,06,9,2022,2833,HARYANA,UTTAR PRADESH
21,06,9,2022,30,HARYANA,ODISHA
23,06,9,2022,3068,HARYANA,MADHYA PRADESH
29,06,9,2022,2,HARYANA,KARNATAKA
21,07,9,2022,338,DELHI,ODISHA
23,07,9,2022,10342,DELHI,MADHYA PRADESH
27,07,9,2022,59,DELHI,MAHARASHTRA
28,07,9,2022,4,DELHI,ANDHRA PRADESH
29,07,9,2022,11,DELHI,KARNATAKA
32,07,9,2022,17,DELHI,KERALA
07,08,9,2022,22,RAJASTHAN,DELHI
10,08,9,2022,1468,RAJASTHAN,BIHAR
20,08,9,2022,26,RAJASTHAN,JHARKHAND
21,10,9,2022,42,BIHAR,ODISHA
22,10,9,2022,32,BIHAR,CHHATTISGARH
27,10,9,2022,79,BIHAR,MAHARASHTRA
29,10,9,2022,16,BIHAR,KARNATAKA
10,16,9,2022,58,TRIPURA,BIHAR
06,20,9,2022,5,JHARKHAND,HARYANA
10,20,9,2022,541,JHARKHAND,BIHAR
19,20,9,2022,2,JHARKHAND,WEST BENGAL
27,20,9,2022,5,JHARKHAND,MAHARASHTRA
20,21,9,2022,7,ODISHA,JHARKHAND
21,22,9,2022,10,CHHATTISGARH,ODISHA
18,23,9,2022,1,MADHYA PRADESH,ASSAM
24,23,9,2022,15,MADHYA PRADESH,GUJARAT
07,24,9,2022,17,GUJARAT,DELHI
09,24,9,2022,534,GUJARAT,UTTAR PRADESH
18,24,9,2022,3,GUJARAT,ASSAM
23,24,9,2022,1937,GUJARAT,MADHYA PRADESH
06,27,9,2022,25,MAHARASHTRA,HARYANA
09,27,9,2022,1788,MAHARASHTRA,UTTAR PRADESH
23,27,9,2022,258,MAHARASHTRA,MADHYA PRADESH
24,27,9,2022,67,MAHARASHTRA,GUJARAT
30,27,9,2022,2,MAHARASHTRA,GOA
29,28,9,2022,6,ANDHRA PRADESH,KARNATAKA
06,29,9,2022,1,KARNATAKA,HARYANA
24,29,9,2022,5,KARNATAKA,GUJARAT
28,29,9,2022,33,KARNATAKA,ANDHRA PRADESH
08,30,9,2022,3,GOA,RAJASTHAN
10,30,9,2022,164,GOA,BIHAR
32,30,9,2022,3,GOA,KERALA
10,32,9,2022,363,KERALA,BIHAR
21,32,9,2022,12,KERALA,ODISHA
22,32,9,2022,4,KERALA,CHHATTISGARH
33,32,9,2022,241,KERALA,TAMIL NADU
08,33,9,2022,6,TAMIL NADU,RAJASTHAN
18,33,9,2022,11,TAMIL NADU,ASSAM
20,33,9,2022,31,TAMIL NADU,JHARKHAND
33,36,9,2022,4,TELANGANA,TAMIL NADU
08,01,10,2022,2,JAMMU AND KASHMIR,RAJASTHAN
19,02,10,2022,1,HIMACHAL PRADESH,WEST BENGAL
27,02,10,2022,1,HIMACHAL PRADESH,MAHARASHTRA
19,03,10,2022,1,PUNJAB,WEST BENGAL
21,05,10,2022,2,UTTARAKHAND,ODISHA
01,06,10,2022,6,HARYANA,JAMMU AND KASHMIR
29,06,10,2022,4,HARYANA,KARNATAKA
20,07,10,2022,2800,DELHI,JHARKHAND
24,07,10,2022,127,DELHI,GUJARAT
33,07,10,2022,166,DELHI,TAMIL NADU
06,08,10,2022,109,RAJASTHAN,HARYANA
09,08,10,2022,1208,RAJASTHAN,UTTAR PRADESH
09,10,10,2022,240,BIHAR,UTTAR PRADESH
22,10,10,2022,7,BIHAR,CHHATTISGARH
09,11,10,2022,1,SIKKIM,UTTAR PRADESH
10,16,10,2022,8,TRIPURA,BIHAR
20,16,10,2022,2,TRIPURA,JHARKHAND
07,19,10,2022,2,WEST BENGAL,DELHI
21,19,10,2022,1,WEST BENGAL,ODISHA
23,19,10,2022,3,WEST BENGAL,MADHYA PRADESH
27,20,10,2022,8,JHARKHAND,MAHARASHTRA
10,22,10,2022,17,CHHATTISGARH,BIHAR
20,22,10,2022,7,CHHATTISGARH,JHARKHAND
05,23,10,2022,1,MADHYA PRADESH,UTTARAKHAND
05,24,10,2022,10,GUJARAT,UTTARAKHAND
07,24,10,2022,19,GUJARAT,DELHI
10,24,10,2022,2360,GUJARAT,BIHAR
06,27,10,2022,52,MAHARASHTRA,HARYANA
10,27,10,2022,7624,MAHARASHTRA,BIHAR
22,27,10,2022,3,MAHARASHTRA,CHHATTISGARH
33,27,10,2022,127,MAHARASHTRA,TAMIL NADU
09,28,10,2022,2,ANDHRA PRADESH,UTTAR PRADESH
07,29,10,2022,5,KARNATAKA,DELHI
10,29,10,2022,398,KARNATAKA,BIHAR
18,29,10,2022,5,KARNATAKA,ASSAM
20,29,10,2022,18,KARNATAKA,JHARKHAND
32,29,10,2022,24,KARNATAKA,KERALA
09,30,10,2022,57,GOA,UTTAR PRADESH
29,30,10,2022,127,GOA,KARNATAKA
33,30,10,2022,2,GOA,TAMIL NADU
06,32,10,2022,4,KERALA,HARYANA
08,32,10,2022,4,KERALA,RAJASTHAN
09,33,10,2022,25,TAMIL NADU,UTTAR PRADESH
10,33,10,2022,327,TAMIL NADU,BIHAR
27,33,10,2022,5,TAMIL NADU,MAHARASHTRA
10,34,10,2022,51,PUDUCHERRY,BIHAR
27,36,10,2022,97,TELANGANA,MAHARASHTRA
19,01,11,2022,7,JAMMU AND KASHMIR,WEST BENGAL
22,01,11,2022,112,JAMMU AND KASHMIR,CHHATTISGARH
27,01,11,2022,3,JAMMU AND KASHMIR,MAHARASHTRA
09,02,11,2022,2909,HIMACHAL PRADESH,UTTAR PRADESH
21,02,11,2022,3,HIMACHAL PRADESH,ODISHA
23,04,11,2022,1,CHANDIGARH,MADHYA PRADESH
19,05,11,2022,1,UTTARAKHAND,WEST BENGAL
29,05,11,2022,2,UTTARAKHAND,KARNATAKA
33,05,11,2022,1,UTTARAKHAND,TAMIL NADU
19,06,11,2022,158,HARYANA,WEST BENGAL
24,06,11,2022,52,HARYANA,GUJARAT
29,06,11,2022,5,HARYANA,KARNATAKA
33,06,11,2022,1,HARYANA,TAMIL NADU
01,07,11,2022,158,DELHI,JAMMU AND KASHMIR
08,07,11,2022,2368,DELHI,RAJASTHAN
10,07,11,2022,196441,DELHI,BIHAR
18,07,11,2022,85,DELHI,ASSAM
21,07,11,2022,252,DELHI,ODISHA
28,07,11,2022,2,DELHI,ANDHRA PRADESH
29,07,11,2022,14,DELHI,KARNATAKA
07,08,11,2022,30,RAJASTHAN,DELHI
19,08,11,2022,2,RAJASTHAN,WEST BENGAL
20,08,11,2022,19,RAJASTHAN,JHARKHAND
29,08,11,2022,4,RAJASTHAN,KARNATAKA
27,09,11,2022,2,UTTAR PRADESH,MAHARASHTRA
06,10,11,2022,371,BIHAR,HARYANA
19,10,11,2022,105,BIHAR,WEST BENGAL
21,10,11,2022,22,BIHAR,ODISHA
28,10,11,2022,2,BIHAR,ANDHRA PRADESH
07,16,11,2022,2,TRIPURA,DELHI
18,16,11,2022,13,TRIPURA,ASSAM
10,17,11,2022,6,MEGHALAYA,BIHAR
18,19,11,2022,5,WEST BENGAL,ASSAM
21,19,11,2022,2,WEST BENGAL,ODISHA
19,20,11,2022,2,JHARKHAND,WEST BENGAL
06,22,11,2022,2,CHHATTISGARH,HARYANA
21,22,11,2022,10,CHHATTISGARH,ODISHA
23,22,11,2022,150,CHHATTISGARH,MADHYA PRADESH
27,22,11,2022,7,CHHATTISGARH,MAHARASHTRA
28,22,11,2022,2,CHHATTISGARH,ANDHRA PRADESH
05,23,11,2022,1,MADHYA PRADESH,UTTARAKHAND
09,23,11,2022,682,MADHYA PRADESH,UTTAR PRADESH
20,23,11,2022,15,MADHYA PRADESH,JHARKHAND
22,23,11,2022,98,MADHYA PRADESH,CHHATTISGARH
27,23,11,2022,76,MADHYA PRADESH,MAHARASHTRA
18,24,11,2022,1,GUJARAT,ASSAM
21,24,11,2022,235,GUJARAT,ODISHA
23,27,11,2022,608,MAHARASHTRA,MADHYA PRADESH
33,27,11,2022,374,MAHARASHTRA,TAMIL NADU
09,28,11,2022,3,ANDHRA PRADESH,UTTAR PRADESH
20,29,11,2022,22,KARNATAKA,JHARKHAND
22,29,11,2022,17,KARNATAKA,CHHATTISGARH
07,30,11,2022,1,GOA,DELHI
08,30,11,2022,2,GOA,RAJASTHAN
18,30,11,2022,3,GOA,ASSAM
19,30,11,2022,4,GOA,WEST BENGAL
23,30,11,2022,26,GOA,MADHYA PRADESH
10,32,11,2022,601,KERALA,BIHAR
18,32,11,2022,34,KERALA,ASSAM
36,32,11,2022,1,KERALA,TELANGANA
10,33,11,2022,434,TAMIL NADU,BIHAR
20,33,11,2022,39,TAMIL NADU,JHARKHAND
23,33,11,2022,8,TAMIL NADU,MADHYA PRADESH
29,33,11,2022,47,TAMIL NADU,KARNATAKA
10,34,11,2022,66,PUDUCHERRY,BIHAR
06,36,11,2022,1,TELANGANA,HARYANA
19,36,11,2022,1,TELANGANA,WEST BENGAL
08,01,12,2022,1,JAMMU AND KASHMIR,RAJASTHAN
10,01,12,2022,622,JAMMU AND KASHMIR,BIHAR
18,01,12,2022,1,JAMMU AND KASHMIR,ASSAM
27,01,12,2022,2,JAMMU AND KASHMIR,MAHARASHTRA
01,02,12,2022,2,HIMACHAL PRADESH,JAMMU AND KASHMIR
19,03,12,2022,3,PUNJAB,WEST BENGAL
27,03,12,2022,1,PUNJAB,MAHARASHTRA
23,05,12,2022,26,UTTARAKHAND,MADHYA PRADESH
09,06,12,2022,33560,HARYANA,UTTAR PRADESH
21,06,12,2022,59,HARYANA,ODISHA
28,30,10,2023,1,GOA,ANDHRA PRADESH
09,33,10,2023,34,TAMIL NADU,UTTAR PRADESH
22,33,10,2023,8,TAMIL NADU,CHHATTISGARH
29,33,10,2023,3,TAMIL NADU,KARNATAKA
07,36,10,2023,8,TELANGANA,DELHI
08,36,10,2023,20,TELANGANA,RAJASTHAN
19,36,10,2023,14,TELANGANA,WEST BENGAL
27,36,10,2023,650,TELANGANA,MAHARASHTRA
32,36,10,2023,4,TELANGANA,KERALA
01,37,10,2023,7,LADAKH,JAMMU AND KASHMIR
23,37,10,2023,3,LADAKH,MADHYA PRADESH
09,01,11,2023,1049,JAMMU AND KASHMIR,UTTAR PRADESH
05,02,11,2023,19,HIMACHAL PRADESH,UTTARAKHAND
06,02,11,2023,28,HIMACHAL PRADESH,HARYANA
07,02,11,2023,16,HIMACHAL PRADESH,DELHI
09,02,11,2023,4010,HIMACHAL PRADESH,UTTAR PRADESH
05,04,11,2023,6,CHANDIGARH,UTTARAKHAND
23,04,11,2023,1,CHANDIGARH,MADHYA PRADESH
09,05,11,2023,6022,UTTARAKHAND,UTTAR PRADESH
27,05,11,2023,3,UTTARAKHAND,MAHARASHTRA
01,06,11,2023,12,HARYANA,JAMMU AND KASHMIR
07,06,11,2023,643,HARYANA,DELHI
08,06,11,2023,683,HARYANA,RAJASTHAN
19,06,11,2023,142,HARYANA,WEST BENGAL
27,06,11,2023,12,HARYANA,MAHARASHTRA
10,07,11,2023,155161,DELHI,BIHAR
13,07,11,2023,3,DELHI,NAGALAND
20,07,11,2023,936,DELHI,JHARKHAND
21,07,11,2023,266,DELHI,ODISHA
27,07,11,2023,133,DELHI,MAHARASHTRA
29,07,11,2023,20,DELHI,KARNATAKA
20,08,11,2023,7,RAJASTHAN,JHARKHAND
23,08,11,2023,1241,RAJASTHAN,MADHYA PRADESH
07,09,11,2023,119,UTTAR PRADESH,DELHI
22,09,11,2023,14,UTTAR PRADESH,CHHATTISGARH
06,10,11,2023,1345,BIHAR,HARYANA
08,10,11,2023,48,BIHAR,RAJASTHAN
20,10,11,2023,301,BIHAR,JHARKHAND
27,10,11,2023,235,BIHAR,MAHARASHTRA
10,17,11,2023,7,MEGHALAYA,BIHAR
09,19,11,2023,80,WEST BENGAL,UTTAR PRADESH
33,19,11,2023,2,WEST BENGAL,TAMIL NADU
07,22,11,2023,5,CHHATTISGARH,DELHI
18,23,11,2023,1,MADHYA PRADESH,ASSAM
08,24,11,2023,303,GUJARAT,RAJASTHAN
33,24,11,2023,2,GUJARAT,TAMIL NADU
09,27,11,2023,20718,MAHARASHTRA,UTTAR PRADESH
20,27,11,2023,165,MAHARASHTRA,JHARKHAND
28,27,11,2023,26,MAHARASHTRA,ANDHRA PRADESH
05,29,11,2023,1,KARNATAKA,UTTARAKHAND
07,29,11,2023,3,KARNATAKA,DELHI
08,29,11,2023,1,KARNATAKA,RAJASTHAN
10,29,11,2023,412,KARNATAKA,BIHAR
20,29,11,2023,2,KARNATAKA,JHARKHAND
32,29,11,2023,12,KARNATAKA,KERALA
01,30,11,2023,3,GOA,JAMMU AND KASHMIR
07,30,11,2023,1,GOA,DELHI
19,30,11,2023,7,GOA,WEST BENGAL
07,32,11,2023,12,KERALA,DELHI
19,32,11,2023,71,KERALA,WEST BENGAL
28,32,11,2023,5,KERALA,ANDHRA PRADESH
09,33,11,2023,20,TAMIL NADU,UTTAR PRADESH
27,33,11,2023,2,TAMIL NADU,MAHARASHTRA
19,35,11,2023,9,ANDAMAN AND NICOBAR ISLANDS,WEST BENGAL
05,36,11,2023,3,TELANGANA,UTTARAKHAND
06,36,11,2023,18,TELANGANA,HARYANA
07,38,11,2023,1,Dadar & Nagar Haveli & Daman & Diu,DELHI
08,38,11,2023,14,Dadar & Nagar Haveli & Daman & Diu,RAJASTHAN
18,38,11,2023,4,Dadar & Nagar Haveli & Daman & Diu,ASSAM
05,01,12,2023,9,JAMMU AND KASHMIR,UTTARAKHAND
09,01,12,2023,939,JAMMU AND KASHMIR,UTTAR PRADESH
10,01,12,2023,762,JAMMU AND KASHMIR,BIHAR
22,01,12,2023,338,JAMMU AND KASHMIR,CHHATTISGARH
27,01,12,2023,1,JAMMU AND KASHMIR,MAHARASHTRA
05,02,12,2023,29,HIMACHAL PRADESH,UTTARAKHAND
10,02,12,2023,1994,HIMACHAL PRADESH,BIHAR
19,02,12,2023,15,HIMACHAL PRADESH,WEST BENGAL
23,02,12,2023,163,HIMACHAL PRADESH,MADHYA PRADESH
05,03,12,2023,2,PUNJAB,UTTARAKHAND
08,03,12,2023,4,PUNJAB,RAJASTHAN
09,03,12,2023,550,PUNJAB,UTTAR PRADESH
23,03,12,2023,14,PUNJAB,MADHYA PRADESH
10,05,12,2023,1632,UTTARAKHAND,BIHAR
07,06,12,2023,448,HARYANA,DELHI
33,06,12,2023,1,HARYANA,TAMIL NADU
06,07,12,2023,5831,DELHI,HARYANA
21,07,12,2023,264,DELHI,ODISHA
22,07,12,2023,346,DELHI,CHHATTISGARH
23,07,12,2023,16277,DELHI,MADHYA PRADESH
33,07,12,2023,256,DELHI,TAMIL NADU
01,08,12,2023,1,RAJASTHAN,JAMMU AND KASHMIR
28,08,12,2023,1,RAJASTHAN,ANDHRA PRADESH
33,08,12,2023,1,RAJASTHAN,TAMIL NADU
05,09,12,2023,2,UTTAR PRADESH,UTTARAKHAND
20,09,12,2023,12,UTTAR PRADESH,JHARKHAND
29,09,12,2023,1,UTTAR PRADESH,KARNATAKA
09,10,12,2023,1400,BIHAR,UTTAR PRADESH
23,10,12,2023,117,BIHAR,MADHYA PRADESH
24,10,12,2023,46,BIHAR,GUJARAT
32,10,12,2023,1,BIHAR,KERALA
23,11,12,2023,2,SIKKIM,MADHYA PRADESH
10,16,12,2023,771,TRIPURA,BIHAR
06,19,12,2023,2,WEST BENGAL,HARYANA
23,19,12,2023,6,WEST BENGAL,MADHYA PRADESH
06,20,12,2023,14,JHARKHAND,HARYANA
07,20,12,2023,37,JHARKHAND,DELHI
27,20,12,2023,12,JHARKHAND,MAHARASHTRA
28,22,12,2023,1,CHHATTISGARH,ANDHRA PRADESH
01,23,12,2023,8,MADHYA PRADESH,JAMMU AND KASHMIR
10,23,12,2023,908,MADHYA PRADESH,BIHAR
16,23,12,2023,3,MADHYA PRADESH,TRIPURA
21,23,12,2023,16,MADHYA PRADESH,ODISHA
28,23,12,2023,4,MADHYA PRADESH,ANDHRA PRADESH
29,23,12,2023,7,MADHYA PRADESH,KARNATAKA
08,24,12,2023,400,GUJARAT,RAJASTHAN
20,24,12,2023,74,GUJARAT,JHARKHAND
38,24,12,2023,7,GUJARAT,Dadar & Nagar Haveli & Daman & Diu
07,29,12,2023,4,KARNATAKA,DELHI
19,29,12,2023,6,KARNATAKA,WEST BENGAL
28,29,12,2023,39,KARNATAKA,ANDHRA PRADESH
33,29,12,2023,25,KARNATAKA,TAMIL NADU
07,30,12,2023,1,GOA,DELHI
08,30,12,2023,5,GOA,RAJASTHAN
21,32,12,2023,8,KERALA,ODISHA
22,32,12,2023,7,KERALA,CHHATTISGARH
28,32,12,2023,12,KERALA,ANDHRA PRADESH
33,32,12,2023,198,KERALA,TAMIL NADU
06,33,12,2023,1,TAMIL NADU,HARYANA
16,36,12,2023,1,TELANGANA,TRIPURA
27,36,12,2023,1057,TELANGANA,MAHARASHTRA
28,36,12,2023,2846,TELANGANA,ANDHRA PRADESH
32,36,12,2023,7,TELANGANA,KERALA
08,37,12,2023,3,LADAKH,RAJASTHAN
05,38,12,2023,9,Dadar & Nagar Haveli & Daman & Diu,UTTARAKHAND
08,38,12,2023,33,Dadar & Nagar Haveli & Daman & Diu,RAJASTHAN
06,01,1,2024,9,JAMMU AND KASHMIR,HARYANA
19,01,1,2024,4,JAMMU AND KASHMIR,WEST BENGAL
20,01,1,2024,11,JAMMU AND KASHMIR,JHARKHAND
07,02,1,2024,14,HIMACHAL PRADESH,DELHI
19,02,1,2024,9,HIMACHAL PRADESH,WEST BENGAL
23,02,1,2024,144,HIMACHAL PRADESH,MADHYA PRADESH
06,03,1,2024,4,PUNJAB,HARYANA
23,03,1,2024,4,PUNJAB,MADHYA PRADESH
27,03,1,2024,1,PUNJAB,MAHARASHTRA
07,05,1,2024,101,UTTARAKHAND,DELHI
08,05,1,2024,4,UTTARAKHAND,RAJASTHAN
10,05,1,2024,1682,UTTARAKHAND,BIHAR
01,06,1,2024,6,HARYANA,JAMMU AND KASHMIR
21,06,1,2024,15,HARYANA,ODISHA
33,06,1,2024,1,HARYANA,TAMIL NADU
16,07,1,2024,6,DELHI,TRIPURA
20,07,1,2024,2447,DELHI,JHARKHAND
22,07,1,2024,364,DELHI,CHHATTISGARH
27,07,1,2024,155,DELHI,MAHARASHTRA
38,07,1,2024,1,DELHI,Dadar & Nagar Haveli & Daman & Diu
33,08,1,2024,1,RAJASTHAN,TAMIL NADU
01,10,1,2024,5,BIHAR,JAMMU AND KASHMIR
07,10,1,2024,1850,BIHAR,DELHI
08,10,1,2024,63,BIHAR,RAJASTHAN
16,10,1,2024,1,BIHAR,TRIPURA
18,10,1,2024,81,BIHAR,ASSAM
22,10,1,2024,145,BIHAR,CHHATTISGARH
24,10,1,2024,49,BIHAR,GUJARAT
10,16,1,2024,773,TRIPURA,BIHAR
20,16,1,2024,27,TRIPURA,JHARKHAND
09,18,1,2024,2,ASSAM,UTTAR PRADESH
06,19,1,2024,4,WEST BENGAL,HARYANA
09,19,1,2024,127,WEST BENGAL,UTTAR PRADESH
20,19,1,2024,36,WEST BENGAL,JHARKHAND
08,20,1,2024,4,JHARKHAND,RAJASTHAN
10,20,1,2024,1444,JHARKHAND,BIHAR
27,22,1,2024,9,CHHATTISGARH,MAHARASHTRA
28,22,1,2024,2,CHHATTISGARH,ANDHRA PRADESH
07,23,1,2024,80,MADHYA PRADESH,DELHI
22,23,1,2024,234,MADHYA PRADESH,CHHATTISGARH
29,23,1,2024,5,MADHYA PRADESH,KARNATAKA
05,24,1,2024,19,GUJARAT,UTTARAKHAND
08,27,1,2024,247,MAHARASHTRA,RAJASTHAN
22,27,1,2024,98,MAHARASHTRA,CHHATTISGARH
09,29,1,2024,121,KARNATAKA,UTTAR PRADESH
10,29,1,2024,399,KARNATAKA,BIHAR
16,29,1,2024,2,KARNATAKA,TRIPURA
22,30,1,2024,14,GOA,CHHATTISGARH
06,32,1,2024,4,KERALA,HARYANA
23,28,4,2021,3,ANDHRA PRADESH,MADHYA PRADESH
36,28,4,2021,54,ANDHRA PRADESH,TELANGANA
10,29,4,2021,114,KARNATAKA,BIHAR
21,29,4,2021,14,KARNATAKA,ODISHA
27,29,4,2021,44,KARNATAKA,MAHARASHTRA
33,29,4,2021,58,KARNATAKA,TAMIL NADU
20,35,4,2021,7,ANDAMAN AND NICOBAR ISLANDS,JHARKHAND
29,36,4,2021,75,TELANGANA,KARNATAKA
01,37,4,2021,6,LADAKH,JAMMU AND KASHMIR
10,37,4,2021,32,LADAKH,BIHAR
10,01,5,2021,226,JAMMU AND KASHMIR,BIHAR
10,04,5,2021,7,CHANDIGARH,BIHAR
03,08,5,2021,2,RAJASTHAN,PUNJAB
21,08,5,2021,1,RAJASTHAN,ODISHA
36,08,5,2021,1,RAJASTHAN,TELANGANA
10,09,5,2021,152,UTTAR PRADESH,BIHAR
20,09,5,2021,24,UTTAR PRADESH,JHARKHAND
27,09,5,2021,95,UTTAR PRADESH,MAHARASHTRA
36,09,5,2021,4,UTTAR PRADESH,TELANGANA
10,12,5,2021,1,ARUNACHAL PRADESH,BIHAR
09,20,5,2021,13,JHARKHAND,UTTAR PRADESH
27,23,5,2021,22,MADHYA PRADESH,MAHARASHTRA
08,24,5,2021,51,GUJARAT,RAJASTHAN
23,24,5,2021,58,GUJARAT,MADHYA PRADESH
23,27,5,2021,8,MAHARASHTRA,MADHYA PRADESH
29,27,5,2021,29,MAHARASHTRA,KARNATAKA
23,28,5,2021,2,ANDHRA PRADESH,MADHYA PRADESH
23,30,5,2021,1,GOA,MADHYA PRADESH
09,32,5,2021,24,KERALA,UTTAR PRADESH
33,32,5,2021,49,KERALA,TAMIL NADU
20,01,6,2021,5,JAMMU AND KASHMIR,JHARKHAND
27,01,6,2021,3,JAMMU AND KASHMIR,MAHARASHTRA
23,03,6,2021,2,PUNJAB,MADHYA PRADESH
10,04,6,2021,10,CHANDIGARH,BIHAR
02,05,6,2021,2,UTTARAKHAND,HIMACHAL PRADESH
09,05,6,2021,1450,UTTARAKHAND,UTTAR PRADESH
09,06,6,2021,2799,HARYANA,UTTAR PRADESH
21,06,6,2021,2,HARYANA,ODISHA
20,09,6,2021,16,UTTAR PRADESH,JHARKHAND
29,09,6,2021,7,UTTAR PRADESH,KARNATAKA
08,10,6,2021,1,BIHAR,RAJASTHAN
20,10,6,2021,67,BIHAR,JHARKHAND
23,10,6,2021,3,BIHAR,MADHYA PRADESH
27,10,6,2021,34,BIHAR,MAHARASHTRA
28,10,6,2021,1,BIHAR,ANDHRA PRADESH
36,10,6,2021,3,BIHAR,TELANGANA
09,12,6,2021,3,ARUNACHAL PRADESH,UTTAR PRADESH
20,12,6,2021,1,ARUNACHAL PRADESH,JHARKHAND
29,16,6,2021,1,TRIPURA,KARNATAKA
29,20,6,2021,1,JHARKHAND,KARNATAKA
20,23,6,2021,12,MADHYA PRADESH,JHARKHAND
27,23,6,2021,23,MADHYA PRADESH,MAHARASHTRA
20,24,6,2021,12,GUJARAT,JHARKHAND
23,24,6,2021,122,GUJARAT,MADHYA PRADESH
29,24,6,2021,8,GUJARAT,KARNATAKA
01,27,6,2021,2,MAHARASHTRA,JAMMU AND KASHMIR
08,27,6,2021,10,MAHARASHTRA,RAJASTHAN
23,27,6,2021,40,MAHARASHTRA,MADHYA PRADESH
24,27,6,2021,27,MAHARASHTRA,GUJARAT
20,28,6,2021,1,ANDHRA PRADESH,JHARKHAND
10,29,6,2021,158,KARNATAKA,BIHAR
28,29,6,2021,81,KARNATAKA,ANDHRA PRADESH
33,29,6,2021,28,KARNATAKA,TAMIL NADU
09,32,6,2021,27,KERALA,UTTAR PRADESH
21,32,6,2021,1,KERALA,ODISHA
29,32,6,2021,238,KERALA,KARNATAKA
29,36,6,2021,50,TELANGANA,KARNATAKA
09,02,7,2021,59,HIMACHAL PRADESH,UTTAR PRADESH
10,02,7,2021,2,HIMACHAL PRADESH,BIHAR
09,04,7,2021,9,CHANDIGARH,UTTAR PRADESH
02,05,7,2021,1,UTTARAKHAND,HIMACHAL PRADESH
09,06,7,2021,4288,HARYANA,UTTAR PRADESH
10,06,7,2021,974,HARYANA,BIHAR
20,06,7,2021,38,HARYANA,JHARKHAND
24,06,7,2021,4,HARYANA,GUJARAT
36,06,7,2021,1,HARYANA,TELANGANA
06,07,7,2021,139,DELHI,HARYANA
10,07,7,2021,7756,DELHI,BIHAR
28,07,7,2021,1,DELHI,ANDHRA PRADESH
32,09,7,2021,1,UTTAR PRADESH,KERALA
09,10,7,2021,164,BIHAR,UTTAR PRADESH
24,10,7,2021,1,BIHAR,GUJARAT
29,16,7,2021,1,TRIPURA,KARNATAKA
10,17,7,2021,2,MEGHALAYA,BIHAR
06,20,7,2021,3,JHARKHAND,HARYANA
06,23,7,2021,4,MADHYA PRADESH,HARYANA
24,23,7,2021,10,MADHYA PRADESH,GUJARAT
36,23,7,2021,2,MADHYA PRADESH,TELANGANA
06,27,7,2021,10,MAHARASHTRA,HARYANA
23,27,7,2021,64,MAHARASHTRA,MADHYA PRADESH
33,28,7,2021,3,ANDHRA PRADESH,TAMIL NADU
09,29,7,2021,108,KARNATAKA,UTTAR PRADESH
16,29,7,2021,3,KARNATAKA,TRIPURA
33,29,7,2021,31,KARNATAKA,TAMIL NADU
27,32,7,2021,49,KERALA,MAHARASHTRA
29,33,7,2021,1,TAMIL NADU,KARNATAKA
06,36,7,2021,3,TELANGANA,HARYANA
28,36,7,2021,73,TELANGANA,ANDHRA PRADESH
29,36,7,2021,77,TELANGANA,KARNATAKA
03,01,8,2021,2,JAMMU AND KASHMIR,PUNJAB
27,01,8,2021,6,JAMMU AND KASHMIR,MAHARASHTRA
06,02,8,2021,5,HIMACHAL PRADESH,HARYANA
09,02,8,2021,117,HIMACHAL PRADESH,UTTAR PRADESH
23,03,8,2021,3,PUNJAB,MADHYA PRADESH
29,05,8,2021,1,UTTARAKHAND,KARNATAKA
01,06,8,2021,2,HARYANA,JAMMU AND KASHMIR
09,06,8,2021,6514,HARYANA,UTTAR PRADESH
21,06,8,2021,5,HARYANA,ODISHA
23,06,8,2021,503,HARYANA,MADHYA PRADESH
24,06,8,2021,9,HARYANA,GUJARAT
02,07,8,2021,5,DELHI,HIMACHAL PRADESH
05,07,8,2021,1,DELHI,UTTARAKHAND
08,07,8,2021,211,DELHI,RAJASTHAN
24,07,8,2021,9,DELHI,GUJARAT
32,07,8,2021,6,DELHI,KERALA
10,08,8,2021,8,RAJASTHAN,BIHAR
24,08,8,2021,10,RAJASTHAN,GUJARAT
10,09,8,2021,590,UTTAR PRADESH,BIHAR
21,09,8,2021,5,UTTAR PRADESH,ODISHA
23,09,8,2021,1,UTTAR PRADESH,MADHYA PRADESH
29,09,8,2021,17,UTTAR PRADESH,KARNATAKA
20,10,8,2021,73,BIHAR,JHARKHAND
29,10,8,2021,6,BIHAR,KARNATAKA
10,11,8,2021,8,SIKKIM,BIHAR
06,16,8,2021,1,TRIPURA,HARYANA
10,16,8,2021,13,TRIPURA,BIHAR
20,16,8,2021,2,TRIPURA,JHARKHAND
29,16,8,2021,1,TRIPURA,KARNATAKA
06,18,8,2021,3,ASSAM,HARYANA
06,23,8,2021,5,MADHYA PRADESH,HARYANA
20,23,8,2021,24,MADHYA PRADESH,JHARKHAND
27,23,8,2021,40,MADHYA PRADESH,MAHARASHTRA
10,24,8,2021,885,GUJARAT,BIHAR
28,24,8,2021,1,GUJARAT,ANDHRA PRADESH
32,27,8,2021,1,MAHARASHTRA,KERALA
27,28,8,2021,8,ANDHRA PRADESH,MAHARASHTRA
36,28,8,2021,26,ANDHRA PRADESH,TELANGANA
06,30,8,2021,3,GOA,HARYANA
21,30,8,2021,1,GOA,ODISHA
30,32,8,2021,1,KERALA,GOA
10,35,8,2021,4,ANDAMAN AND NICOBAR ISLANDS,BIHAR
28,35,8,2021,1,ANDAMAN AND NICOBAR ISLANDS,ANDHRA PRADESH
32,35,8,2021,1,ANDAMAN AND NICOBAR ISLANDS,KERALA
28,36,8,2021,145,TELANGANA,ANDHRA PRADESH
29,36,8,2021,53,TELANGANA,KARNATAKA
27,37,8,2021,1,LADAKH,MAHARASHTRA
21,02,9,2021,2,HIMACHAL PRADESH,ODISHA
06,03,9,2021,10,PUNJAB,HARYANA
09,03,9,2021,608,PUNJAB,UTTAR PRADESH
03,06,9,2021,5,HARYANA,PUNJAB
10,06,9,2021,2616,HARYANA,BIHAR
10,07,9,2021,38373,DELHI,BIHAR
28,07,9,2021,1,DELHI,ANDHRA PRADESH
33,07,9,2021,26,DELHI,TAMIL NADU
06,08,9,2021,113,RAJASTHAN,HARYANA
23,08,9,2021,116,RAJASTHAN,MADHYA PRADESH
05,09,9,2021,12,UTTAR PRADESH,UTTARAKHAND
09,11,9,2021,1,SIKKIM,UTTAR PRADESH
10,11,9,2021,8,SIKKIM,BIHAR
09,16,9,2021,1,TRIPURA,UTTAR PRADESH
20,16,9,2021,2,TRIPURA,JHARKHAND
29,19,9,2021,1,WEST BENGAL,KARNATAKA
24,20,9,2021,1,JHARKHAND,GUJARAT
27,20,9,2021,8,JHARKHAND,MAHARASHTRA
20,21,9,2021,20,ODISHA,JHARKHAND
09,24,9,2021,2165,GUJARAT,UTTAR PRADESH
21,24,9,2021,67,GUJARAT,ODISHA
23,24,9,2021,391,GUJARAT,MADHYA PRADESH
03,27,9,2021,1,MAHARASHTRA,PUNJAB
05,27,9,2021,3,MAHARASHTRA,UTTARAKHAND
08,27,9,2021,41,MAHARASHTRA,RAJASTHAN
16,27,9,2021,1,MAHARASHTRA,TRIPURA
19,27,9,2021,3,MAHARASHTRA,WEST BENGAL
20,27,9,2021,9,MAHARASHTRA,JHARKHAND
29,27,9,2021,86,MAHARASHTRA,KARNATAKA
32,27,9,2021,2,MAHARASHTRA,KERALA
09,28,9,2021,8,ANDHRA PRADESH,UTTAR PRADESH
09,29,9,2021,192,KARNATAKA,UTTAR PRADESH
10,29,9,2021,299,KARNATAKA,BIHAR
24,29,9,2021,3,KARNATAKA,GUJARAT
27,29,9,2021,84,KARNATAKA,MAHARASHTRA
33,29,9,2021,48,KARNATAKA,TAMIL NADU
06,32,9,2021,1,KERALA,HARYANA
09,32,9,2021,67,KERALA,UTTAR PRADESH
29,32,9,2021,251,KERALA,KARNATAKA
08,36,9,2021,3,TELANGANA,RAJASTHAN
27,36,9,2021,31,TELANGANA,MAHARASHTRA
32,36,9,2021,1,TELANGANA,KERALA
09,32,1,2024,240,KERALA,UTTAR PRADESH
18,32,1,2024,176,KERALA,ASSAM
24,32,1,2024,3,KERALA,GUJARAT
27,32,1,2024,82,KERALA,MAHARASHTRA
28,32,1,2024,10,KERALA,ANDHRA PRADESH
20,33,1,2024,2,TAMIL NADU,JHARKHAND
27,33,1,2024,1,TAMIL NADU,MAHARASHTRA
06,36,1,2024,22,TELANGANA,HARYANA
07,36,1,2024,7,TELANGANA,DELHI
19,36,1,2024,15,TELANGANA,WEST BENGAL
33,36,1,2024,2,TELANGANA,TAMIL NADU
06,38,1,2024,11,Dadar & Nagar Haveli & Daman & Diu,HARYANA
22,38,1,2024,26,Dadar & Nagar Haveli & Daman & Diu,CHHATTISGARH
32,38,1,2024,2,Dadar & Nagar Haveli & Daman & Diu,KERALA
05,01,2,2024,7,JAMMU AND KASHMIR,UTTARAKHAND
07,01,2,2024,3,JAMMU AND KASHMIR,DELHI
09,01,2,2024,1012,JAMMU AND KASHMIR,UTTAR PRADESH
22,01,2,2024,379,JAMMU AND KASHMIR,CHHATTISGARH
01,02,2,2024,2,HIMACHAL PRADESH,JAMMU AND KASHMIR
05,02,2,2024,26,HIMACHAL PRADESH,UTTARAKHAND
07,02,2,2024,29,HIMACHAL PRADESH,DELHI
23,02,2,2024,175,HIMACHAL PRADESH,MADHYA PRADESH
05,04,2,2024,6,CHANDIGARH,UTTARAKHAND
07,05,2,2024,127,UTTARAKHAND,DELHI
08,05,2,2024,5,UTTARAKHAND,RAJASTHAN
18,05,2,2024,1,UTTARAKHAND,ASSAM
19,05,2,2024,4,UTTARAKHAND,WEST BENGAL
22,05,2,2024,16,UTTARAKHAND,CHHATTISGARH
23,05,2,2024,61,UTTARAKHAND,MADHYA PRADESH
24,05,2,2024,3,UTTARAKHAND,GUJARAT
27,05,2,2024,3,UTTARAKHAND,MAHARASHTRA
02,06,2,2024,4,HARYANA,HIMACHAL PRADESH
05,06,2,2024,254,HARYANA,UTTARAKHAND
29,06,2,2024,1,HARYANA,KARNATAKA
13,07,2,2024,21,DELHI,NAGALAND
16,07,2,2024,7,DELHI,TRIPURA
18,07,2,2024,293,DELHI,ASSAM
20,07,2,2024,2579,DELHI,JHARKHAND
21,07,2,2024,300,DELHI,ODISHA
33,07,2,2024,336,DELHI,TAMIL NADU
38,07,2,2024,2,DELHI,Dadar & Nagar Haveli & Daman & Diu
19,08,2,2024,22,RAJASTHAN,WEST BENGAL
27,08,2,2024,34,RAJASTHAN,MAHARASHTRA
28,08,2,2024,1,RAJASTHAN,ANDHRA PRADESH
20,09,2,2024,9,UTTAR PRADESH,JHARKHAND
05,10,2,2024,42,BIHAR,UTTARAKHAND
18,10,2,2024,101,BIHAR,ASSAM
20,10,2,2024,1100,BIHAR,JHARKHAND
24,10,2,2024,60,BIHAR,GUJARAT
22,11,2,2024,1,SIKKIM,CHHATTISGARH
22,16,2,2024,1,TRIPURA,CHHATTISGARH
16,17,2,2024,3,MEGHALAYA,TRIPURA
01,19,2,2024,2,WEST BENGAL,JAMMU AND KASHMIR
18,19,2,2024,1,WEST BENGAL,ASSAM
27,19,2,2024,5,WEST BENGAL,MAHARASHTRA
06,20,2,2024,14,JHARKHAND,HARYANA
10,20,2,2024,1556,JHARKHAND,BIHAR
28,20,2,2024,1,JHARKHAND,ANDHRA PRADESH
07,22,2,2024,7,CHHATTISGARH,DELHI
10,22,2,2024,170,CHHATTISGARH,BIHAR
32,23,2,2024,2,MADHYA PRADESH,KERALA
01,24,2,2024,2,GUJARAT,JAMMU AND KASHMIR
10,24,2,2024,3520,GUJARAT,BIHAR
19,24,2,2024,3,GUJARAT,WEST BENGAL
22,24,2,2024,361,GUJARAT,CHHATTISGARH
27,24,2,2024,930,GUJARAT,MAHARASHTRA
28,24,2,2024,4,GUJARAT,ANDHRA PRADESH
32,24,2,2024,5,GUJARAT,KERALA
33,24,2,2024,5,GUJARAT,TAMIL NADU
01,27,2,2024,11,MAHARASHTRA,JAMMU AND KASHMIR
09,27,2,2024,27966,MAHARASHTRA,UTTAR PRADESH
33,27,2,2024,366,MAHARASHTRA,TAMIL NADU
27,28,2,2024,1,ANDHRA PRADESH,MAHARASHTRA
05,29,2,2024,1,KARNATAKA,UTTARAKHAND
08,29,2,2024,1,KARNATAKA,RAJASTHAN
16,29,2,2024,2,KARNATAKA,TRIPURA
21,29,2,2024,3,KARNATAKA,ODISHA
33,29,2,2024,24,KARNATAKA,TAMIL NADU
07,30,2,2024,2,GOA,DELHI
09,30,2,2024,431,GOA,UTTAR PRADESH
10,30,2,2024,407,GOA,BIHAR
13,30,2,2024,1,GOA,NAGALAND
18,30,2,2024,14,GOA,ASSAM
24,30,2,2024,1,GOA,GUJARAT
10,32,2,2024,575,KERALA,BIHAR
28,32,2,2024,12,KERALA,ANDHRA PRADESH
33,32,2,2024,208,KERALA,TAMIL NADU
07,33,2,2024,2,TAMIL NADU,DELHI
18,33,2,2024,2,TAMIL NADU,ASSAM
27,33,2,2024,4,TAMIL NADU,MAHARASHTRA
28,33,2,2024,3,TAMIL NADU,ANDHRA PRADESH
05,35,2,2024,1,ANDAMAN AND NICOBAR ISLANDS,UTTARAKHAND
33,35,2,2024,7,ANDAMAN AND NICOBAR ISLANDS,TAMIL NADU
06,36,2,2024,30,TELANGANA,HARYANA
07,36,2,2024,10,TELANGANA,DELHI
21,36,2,2024,4,TELANGANA,ODISHA
07,38,2,2024,3,Dadar & Nagar Haveli & Daman & Diu,DELHI
21,38,2,2024,13,Dadar & Nagar Haveli & Daman & Diu,ODISHA
23,38,2,2024,730,Dadar & Nagar Haveli & Daman & Diu,MADHYA PRADESH
24,38,2,2024,855,Dadar & Nagar Haveli & Daman & Diu,GUJARAT
32,38,2,2024,3,Dadar & Nagar Haveli & Daman & Diu,KERALA
05,01,3,2024,10,JAMMU AND KASHMIR,UTTARAKHAND
27,01,3,2024,1,JAMMU AND KASHMIR,MAHARASHTRA
06,02,3,2024,93,HIMACHAL PRADESH,HARYANA
23,02,3,2024,200,HIMACHAL PRADESH,MADHYA PRADESH
10,03,3,2024,100,PUNJAB,BIHAR
01,05,3,2024,4,UTTARAKHAND,JAMMU AND KASHMIR
23,05,3,2024,52,UTTARAKHAND,MADHYA PRADESH
10,06,3,2024,24227,HARYANA,BIHAR
19,06,3,2024,153,HARYANA,WEST BENGAL
23,06,3,2024,3839,HARYANA,MADHYA PRADESH
28,06,3,2024,1,HARYANA,ANDHRA PRADESH
08,07,3,2024,2504,DELHI,RAJASTHAN
10,07,3,2024,178586,DELHI,BIHAR
13,07,3,2024,11,DELHI,NAGALAND
29,07,3,2024,13,DELHI,KARNATAKA
36,07,3,2024,3,DELHI,TELANGANA
01,08,3,2024,2,RAJASTHAN,JAMMU AND KASHMIR
05,08,3,2024,9,RAJASTHAN,UTTARAKHAND
09,08,3,2024,7064,RAJASTHAN,UTTAR PRADESH
19,08,3,2024,25,RAJASTHAN,WEST BENGAL
23,08,3,2024,2342,RAJASTHAN,MADHYA PRADESH
29,08,3,2024,6,RAJASTHAN,KARNATAKA
10,09,3,2024,38,UTTAR PRADESH,BIHAR
23,09,3,2024,11,UTTAR PRADESH,MADHYA PRADESH
10,16,3,2024,759,TRIPURA,BIHAR
10,17,3,2024,8,MEGHALAYA,BIHAR
07,19,3,2024,38,WEST BENGAL,DELHI
18,19,3,2024,2,WEST BENGAL,ASSAM
06,20,3,2024,11,JHARKHAND,HARYANA
10,20,3,2024,1674,JHARKHAND,BIHAR
27,20,3,2024,17,JHARKHAND,MAHARASHTRA
06,22,3,2024,8,CHHATTISGARH,HARYANA
09,22,3,2024,99,CHHATTISGARH,UTTAR PRADESH
10,22,3,2024,167,CHHATTISGARH,BIHAR
19,22,3,2024,2,CHHATTISGARH,WEST BENGAL
22,23,3,2024,238,MADHYA PRADESH,CHHATTISGARH
05,24,3,2024,29,GUJARAT,UTTARAKHAND
10,24,3,2024,3617,GUJARAT,BIHAR
20,24,3,2024,156,GUJARAT,JHARKHAND
27,24,3,2024,989,GUJARAT,MAHARASHTRA
02,27,3,2024,3,MAHARASHTRA,HIMACHAL PRADESH
19,27,3,2024,251,MAHARASHTRA,WEST BENGAL
28,27,3,2024,28,MAHARASHTRA,ANDHRA PRADESH
33,27,3,2024,121,MAHARASHTRA,TAMIL NADU
16,29,3,2024,2,KARNATAKA,TRIPURA
23,29,3,2024,22,KARNATAKA,MADHYA PRADESH
28,29,3,2024,34,KARNATAKA,ANDHRA PRADESH
23,30,3,2024,59,GOA,MADHYA PRADESH
28,30,3,2024,2,GOA,ANDHRA PRADESH
29,30,3,2024,345,GOA,KARNATAKA
08,32,3,2024,9,KERALA,RAJASTHAN
09,32,3,2024,202,KERALA,UTTAR PRADESH
18,32,3,2024,25,KERALA,ASSAM
20,32,3,2024,64,KERALA,JHARKHAND
21,32,3,2024,7,KERALA,ODISHA
24,32,3,2024,4,KERALA,GUJARAT
28,33,3,2024,3,TAMIL NADU,ANDHRA PRADESH
33,35,3,2024,3,ANDAMAN AND NICOBAR ISLANDS,TAMIL NADU
08,36,3,2024,24,TELANGANA,RAJASTHAN
08,38,3,2024,38,Dadar & Nagar Haveli & Daman & Diu,RAJASTHAN
10,38,3,2024,3210,Dadar & Nagar Haveli & Daman & Diu,BIHAR
23,38,3,2024,677,Dadar & Nagar Haveli & Daman & Diu,MADHYA PRADESH
32,38,3,2024,5,Dadar & Nagar Haveli & Daman & Diu,KERALA
09,01,4,2024,1405,JAMMU AND KASHMIR,UTTAR PRADESH
18,01,4,2024,1,JAMMU AND KASHMIR,ASSAM
10,04,4,2024,29,CHANDIGARH,BIHAR
09,05,4,2024,7900,UTTARAKHAND,UTTAR PRADESH
10,05,4,2024,1754,UTTARAKHAND,BIHAR
09,07,4,2024,160436,DELHI,UTTAR PRADESH
10,07,4,2024,173578,DELHI,BIHAR
16,07,4,2024,3,DELHI,TRIPURA
19,07,4,2024,1804,DELHI,WEST BENGAL
22,07,4,2024,352,DELHI,CHHATTISGARH
27,07,4,2024,171,DELHI,MAHARASHTRA
33,07,4,2024,73,DELHI,TAMIL NADU
36,07,4,2024,9,DELHI,TELANGANA
07,08,4,2024,139,RAJASTHAN,DELHI
19,08,4,2024,11,RAJASTHAN,WEST BENGAL
24,08,4,2024,61,RAJASTHAN,GUJARAT
06,09,4,2024,1,UTTAR PRADESH,HARYANA
01,10,4,2024,1,BIHAR,JAMMU AND KASHMIR
19,10,4,2024,257,BIHAR,WEST BENGAL
21,10,4,2024,14,BIHAR,ODISHA
23,10,4,2024,110,BIHAR,MADHYA PRADESH
28,10,4,2024,6,BIHAR,ANDHRA PRADESH
29,10,4,2024,8,BIHAR,KARNATAKA
13,16,4,2024,1,TRIPURA,NAGALAND
09,18,4,2024,2,ASSAM,UTTAR PRADESH
21,19,4,2024,3,WEST BENGAL,ODISHA
23,22,4,2024,145,CHHATTISGARH,MADHYA PRADESH
21,23,4,2024,2,MADHYA PRADESH,ODISHA
01,24,4,2024,1,GUJARAT,JAMMU AND KASHMIR
20,24,4,2024,106,GUJARAT,JHARKHAND
23,24,4,2024,2012,GUJARAT,MADHYA PRADESH
06,27,4,2024,242,MAHARASHTRA,HARYANA
08,27,4,2024,263,MAHARASHTRA,RAJASTHAN
20,27,4,2024,827,MAHARASHTRA,JHARKHAND
22,27,4,2024,108,MAHARASHTRA,CHHATTISGARH
28,27,4,2024,36,MAHARASHTRA,ANDHRA PRADESH
36,27,4,2024,16,MAHARASHTRA,TELANGANA
10,28,4,2024,1,ANDHRA PRADESH,BIHAR
10,29,4,2024,350,KARNATAKA,BIHAR
21,29,4,2024,1,KARNATAKA,ODISHA
01,30,4,2024,4,GOA,JAMMU AND KASHMIR
07,30,4,2024,1,GOA,DELHI
18,30,4,2024,4,GOA,ASSAM
28,30,4,2024,2,GOA,ANDHRA PRADESH
29,30,4,2024,77,GOA,KARNATAKA
07,05,7,2025,134,UTTARAKHAND,DELHI
08,05,7,2025,19,UTTARAKHAND,RAJASTHAN
19,05,7,2025,6,UTTARAKHAND,WEST BENGAL
18,06,7,2025,48,HARYANA,ASSAM
20,06,7,2025,346,HARYANA,JHARKHAND
23,06,7,2025,4908,HARYANA,MADHYA PRADESH
27,06,7,2025,20,HARYANA,MAHARASHTRA
06,07,7,2025,10020,DELHI,HARYANA
09,07,7,2025,160674,DELHI,UTTAR PRADESH
20,07,7,2025,2515,DELHI,JHARKHAND
20,08,7,2025,78,RAJASTHAN,JHARKHAND
24,08,7,2025,29,RAJASTHAN,GUJARAT
05,09,7,2025,32,UTTAR PRADESH,UTTARAKHAND
08,09,7,2025,113,UTTAR PRADESH,RAJASTHAN
38,09,7,2025,1,UTTAR PRADESH,DADAR & NAGAR HAVELI & DAMAN & DIU
03,10,7,2025,61,BIHAR,PUNJAB
06,10,7,2025,712,BIHAR,HARYANA
29,10,7,2025,10,BIHAR,KARNATAKA
23,11,7,2025,1,SIKKIM,MADHYA PRADESH
10,16,7,2025,28,TRIPURA,BIHAR
09,17,7,2025,1,MEGHALAYA,UTTAR PRADESH
19,17,7,2025,1,MEGHALAYA,WEST BENGAL
03,19,7,2025,1,WEST BENGAL,PUNJAB
10,19,7,2025,4873,WEST BENGAL,BIHAR
27,20,7,2025,5,JHARKHAND,MAHARASHTRA
09,22,7,2025,158,CHHATTISGARH,UTTAR PRADESH
27,22,7,2025,4,CHHATTISGARH,MAHARASHTRA
09,24,7,2025,3685,GUJARAT,UTTAR PRADESH
19,24,7,2025,11,GUJARAT,WEST BENGAL
29,24,7,2025,5,GUJARAT,KARNATAKA
05,27,7,2025,113,MAHARASHTRA,UTTARAKHAND
10,27,7,2025,38023,MAHARASHTRA,BIHAR
23,28,7,2025,6,ANDHRA PRADESH,MADHYA PRADESH
09,29,7,2025,25,KARNATAKA,UTTAR PRADESH
07,30,7,2025,3,GOA,DELHI
29,30,7,2025,313,GOA,KARNATAKA
03,32,7,2025,2,KERALA,PUNJAB
06,32,7,2025,16,KERALA,HARYANA
07,32,7,2025,12,KERALA,DELHI
09,32,7,2025,296,KERALA,UTTAR PRADESH
23,32,7,2025,167,KERALA,MADHYA PRADESH
24,32,7,2025,3,KERALA,GUJARAT
06,33,7,2025,26,TAMIL NADU,HARYANA
09,36,7,2025,9,TELANGANA,UTTAR PRADESH
27,36,7,2025,421,TELANGANA,MAHARASHTRA
28,36,7,2025,61,TELANGANA,ANDHRA PRADESH
29,36,7,2025,5,TELANGANA,KARNATAKA
09,38,7,2025,4,DADAR & NAGAR HAVELI & DAMAN & DIU,UTTAR PRADESH
05,01,8,2025,10,JAMMU AND KASHMIR,UTTARAKHAND
20,01,8,2025,17,JAMMU AND KASHMIR,JHARKHAND
19,02,8,2025,19,HIMACHAL PRADESH,WEST BENGAL
09,04,8,2025,16,CHANDIGARH,UTTAR PRADESH
20,05,8,2025,6,UTTARAKHAND,JHARKHAND
20,06,8,2025,214,HARYANA,JHARKHAND
06,07,8,2025,7931,DELHI,HARYANA
10,07,8,2025,31988,DELHI,BIHAR
27,07,8,2025,35,DELHI,MAHARASHTRA
07,08,8,2025,203,RAJASTHAN,DELHI
19,08,8,2025,36,RAJASTHAN,WEST BENGAL
20,08,8,2025,54,RAJASTHAN,JHARKHAND
27,08,8,2025,24,RAJASTHAN,MAHARASHTRA
28,08,8,2025,3,RAJASTHAN,ANDHRA PRADESH
08,09,8,2025,48,UTTAR PRADESH,RAJASTHAN
06,16,8,2025,1,TRIPURA,HARYANA
06,19,8,2025,28,WEST BENGAL,HARYANA
07,19,8,2025,61,WEST BENGAL,DELHI
18,19,8,2025,5,WEST BENGAL,ASSAM
29,27,8,2025,100,MAHARASHTRA,KARNATAKA
18,29,8,2025,10,KARNATAKA,ASSAM
19,29,8,2025,2,KARNATAKA,WEST BENGAL
07,30,8,2025,4,GOA,DELHI
18,30,8,2025,33,GOA,ASSAM
28,30,8,2025,5,GOA,ANDHRA PRADESH
29,30,8,2025,323,GOA,KARNATAKA
06,32,8,2025,14,KERALA,HARYANA
07,32,8,2025,15,KERALA,DELHI
09,36,8,2025,6,TELANGANA,UTTAR PRADESH
28,36,8,2025,32,TELANGANA,ANDHRA PRADESH
18,01,9,2025,8,JAMMU AND KASHMIR,ASSAM
20,01,9,2025,47,JAMMU AND KASHMIR,JHARKHAND
23,01,9,2025,1434,JAMMU AND KASHMIR,MADHYA PRADESH
27,01,9,2025,2,JAMMU AND KASHMIR,MAHARASHTRA
07,02,9,2025,20,HIMACHAL PRADESH,DELHI
21,02,9,2025,1,HIMACHAL PRADESH,ODISHA
27,02,9,2025,2,HIMACHAL PRADESH,MAHARASHTRA
19,03,9,2025,1,PUNJAB,WEST BENGAL
06,04,9,2025,1,CHANDIGARH,HARYANA
07,05,9,2025,131,UTTARAKHAND,DELHI
09,05,9,2025,13843,UTTARAKHAND,UTTAR PRADESH
07,06,9,2025,434,HARYANA,DELHI
09,06,9,2025,27342,HARYANA,UTTAR PRADESH
20,06,9,2025,326,HARYANA,JHARKHAND
08,09,9,2025,121,UTTAR PRADESH,RAJASTHAN
20,09,9,2025,145,UTTAR PRADESH,JHARKHAND
23,09,9,2025,786,UTTAR PRADESH,MADHYA PRADESH
08,10,9,2025,56,BIHAR,RAJASTHAN
09,10,9,2025,1522,BIHAR,UTTAR PRADESH
16,10,9,2025,1,BIHAR,TRIPURA
18,10,9,2025,146,BIHAR,ASSAM
10,11,9,2025,124,SIKKIM,BIHAR
10,18,9,2025,82,ASSAM,BIHAR
23,18,9,2025,1,ASSAM,MADHYA PRADESH
08,19,9,2025,4,WEST BENGAL,RAJASTHAN
20,19,9,2025,124,WEST BENGAL,JHARKHAND
21,19,9,2025,3,WEST BENGAL,ODISHA
23,19,9,2025,7,WEST BENGAL,MADHYA PRADESH
10,22,9,2025,333,CHHATTISGARH,BIHAR
23,22,9,2025,153,CHHATTISGARH,MADHYA PRADESH
24,22,9,2025,1,CHHATTISGARH,GUJARAT
10,23,9,2025,598,MADHYA PRADESH,BIHAR
27,23,9,2025,58,MADHYA PRADESH,MAHARASHTRA
23,24,9,2025,3339,GUJARAT,MADHYA PRADESH
29,24,9,2025,5,GUJARAT,KARNATAKA
07,27,9,2025,96,MAHARASHTRA,DELHI
16,27,9,2025,1,MAHARASHTRA,TRIPURA
18,27,9,2025,86,MAHARASHTRA,ASSAM
19,27,9,2025,223,MAHARASHTRA,WEST BENGAL
23,27,9,2025,1282,MAHARASHTRA,MADHYA PRADESH
38,27,9,2025,4,MAHARASHTRA,DADAR & NAGAR HAVELI & DAMAN & DIU
10,28,9,2025,19,ANDHRA PRADESH,BIHAR
09,29,9,2025,72,KARNATAKA,UTTAR PRADESH
10,29,9,2025,319,KARNATAKA,BIHAR
18,29,9,2025,13,KARNATAKA,ASSAM
20,29,9,2025,9,KARNATAKA,JHARKHAND
23,29,9,2025,21,KARNATAKA,MADHYA PRADESH
10,30,9,2025,1021,GOA,BIHAR
07,32,9,2025,14,KERALA,DELHI
24,32,9,2025,4,KERALA,GUJARAT
28,32,9,2025,23,KERALA,ANDHRA PRADESH
30,32,9,2025,1,KERALA,GOA
07,33,9,2025,1,TAMIL NADU,DELHI
10,36,9,2025,3298,TELANGANA,BIHAR
16,36,9,2025,3,TELANGANA,TRIPURA
23,36,9,2025,344,TELANGANA,MADHYA PRADESH
27,36,9,2025,1344,TELANGANA,MAHARASHTRA
29,36,9,2025,383,TELANGANA,KARNATAKA
10,37,9,2025,5,LADAKH,BIHAR
07,38,9,2025,5,DADAR & NAGAR HAVELI & DAMAN & DIU,DELHI
10,38,9,2025,4589,DADAR & NAGAR HAVELI & DAMAN & DIU,BIHAR
07,01,10,2025,7,JAMMU AND KASHMIR,DELHI
03,02,10,2025,2,HIMACHAL PRADESH,PUNJAB
20,02,10,2025,121,HIMACHAL PRADESH,JHARKHAND
21,03,10,2025,1,PUNJAB,ODISHA
08,05,10,2025,18,UTTARAKHAND,RAJASTHAN
19,05,10,2025,6,UTTARAKHAND,WEST BENGAL
03,06,10,2025,24,HARYANA,PUNJAB
10,06,10,2025,25776,HARYANA,BIHAR
18,06,10,2025,48,HARYANA,ASSAM
02,07,10,2025,43,DELHI,HIMACHAL PRADESH
08,07,10,2025,3100,DELHI,RAJASTHAN
10,07,10,2025,266118,DELHI,BIHAR
13,07,10,2025,3,DELHI,NAGALAND
16,07,10,2025,6,DELHI,TRIPURA
20,07,10,2025,3371,DELHI,JHARKHAND
29,07,10,2025,3,DELHI,KARNATAKA
33,07,10,2025,57,DELHI,TAMIL NADU
09,08,10,2025,6701,RAJASTHAN,UTTAR PRADESH
21,08,10,2025,7,RAJASTHAN,ODISHA
28,08,10,2025,4,RAJASTHAN,ANDHRA PRADESH
10,09,10,2025,2158,UTTAR PRADESH,BIHAR
24,09,10,2025,76,UTTAR PRADESH,GUJARAT
29,09,10,2025,7,UTTAR PRADESH,KARNATAKA
16,10,10,2025,3,BIHAR,TRIPURA
19,10,10,2025,146,BIHAR,WEST BENGAL
27,10,10,2025,294,BIHAR,MAHARASHTRA
29,10,10,2025,20,BIHAR,KARNATAKA
38,10,10,2025,1,BIHAR,DADAR & NAGAR HAVELI & DAMAN & DIU
09,16,10,2025,1,TRIPURA,UTTAR PRADESH
18,16,10,2025,18,TRIPURA,ASSAM
19,16,10,2025,1,TRIPURA,WEST BENGAL
10,17,10,2025,10,MEGHALAYA,BIHAR
08,18,10,2025,1,ASSAM,RAJASTHAN
10,18,10,2025,108,ASSAM,BIHAR
08,19,10,2025,2,WEST BENGAL,RAJASTHAN
10,19,10,2025,7226,WEST BENGAL,BIHAR
23,19,10,2025,8,WEST BENGAL,MADHYA PRADESH
08,20,10,2025,1,JHARKHAND,RAJASTHAN
24,20,10,2025,1,JHARKHAND,GUJARAT
08,22,10,2025,2,CHHATTISGARH,RAJASTHAN
09,22,10,2025,150,CHHATTISGARH,UTTAR PRADESH
19,22,10,2025,3,CHHATTISGARH,WEST BENGAL
20,22,10,2025,50,CHHATTISGARH,JHARKHAND
27,22,10,2025,8,CHHATTISGARH,MAHARASHTRA
28,22,10,2025,1,CHHATTISGARH,ANDHRA PRADESH
05,23,10,2025,8,MADHYA PRADESH,UTTARAKHAND
20,23,10,2025,44,MADHYA PRADESH,JHARKHAND
06,24,10,2025,83,GUJARAT,HARYANA
10,24,10,2025,4117,GUJARAT,BIHAR
21,24,10,2025,28,GUJARAT,ODISHA
27,24,10,2025,636,GUJARAT,MAHARASHTRA
29,24,10,2025,4,GUJARAT,KARNATAKA
08,27,10,2025,658,MAHARASHTRA,RAJASTHAN
09,28,10,2025,2,ANDHRA PRADESH,UTTAR PRADESH
24,28,10,2025,1,ANDHRA PRADESH,GUJARAT
10,29,10,2025,258,KARNATAKA,BIHAR
18,29,10,2025,17,KARNATAKA,ASSAM
23,29,10,2025,21,KARNATAKA,MADHYA PRADESH
27,29,10,2025,20,KARNATAKA,MAHARASHTRA
28,29,10,2025,2,KARNATAKA,ANDHRA PRADESH
06,30,10,2025,1,GOA,HARYANA
08,30,10,2025,9,GOA,RAJASTHAN
09,30,10,2025,1038,GOA,UTTAR PRADESH
07,32,10,2025,18,KERALA,DELHI
09,32,10,2025,423,KERALA,UTTAR PRADESH
20,32,10,2025,299,KERALA,JHARKHAND
23,32,10,2025,297,KERALA,MADHYA PRADESH
27,32,10,2025,79,KERALA,MAHARASHTRA
28,32,10,2025,24,KERALA,ANDHRA PRADESH
05,36,10,2025,4,TELANGANA,UTTARAKHAND
18,36,10,2025,40,TELANGANA,ASSAM
06,01,1,2025,33,JAMMU AND KASHMIR,HARYANA
27,01,1,2025,2,JAMMU AND KASHMIR,MAHARASHTRA
09,02,1,2025,16946,HIMACHAL PRADESH,UTTAR PRADESH
10,02,1,2025,5455,HIMACHAL PRADESH,BIHAR
18,02,1,2025,3,HIMACHAL PRADESH,ASSAM
02,03,1,2025,1,PUNJAB,HIMACHAL PRADESH
05,03,1,2025,15,PUNJAB,UTTARAKHAND
10,03,1,2025,1857,PUNJAB,BIHAR
23,04,1,2025,1,CHANDIGARH,MADHYA PRADESH
07,05,1,2025,200,UTTARAKHAND,DELHI
20,05,1,2025,2,UTTARAKHAND,JHARKHAND
23,05,1,2025,82,UTTARAKHAND,MADHYA PRADESH
02,06,1,2025,6,HARYANA,HIMACHAL PRADESH
23,06,1,2025,5528,HARYANA,MADHYA PRADESH
29,06,1,2025,2,HARYANA,KARNATAKA
05,07,1,2025,6987,DELHI,UTTARAKHAND
10,07,1,2025,235093,DELHI,BIHAR
13,07,1,2025,2,DELHI,NAGALAND
37,07,1,2025,1,DELHI,LADAKH
05,08,1,2025,15,RAJASTHAN,UTTARAKHAND
09,08,1,2025,14446,RAJASTHAN,UTTAR PRADESH
22,08,1,2025,73,RAJASTHAN,CHHATTISGARH
29,08,1,2025,5,RAJASTHAN,KARNATAKA
33,08,1,2025,2,RAJASTHAN,TAMIL NADU
06,09,1,2025,1823,UTTAR PRADESH,HARYANA
27,09,1,2025,873,UTTAR PRADESH,MAHARASHTRA
28,09,1,2025,1,UTTAR PRADESH,ANDHRA PRADESH
33,09,1,2025,5,UTTAR PRADESH,TAMIL NADU
07,10,1,2025,2816,BIHAR,DELHI
13,10,1,2025,4,BIHAR,NAGALAND
23,10,1,2025,197,BIHAR,MADHYA PRADESH
29,10,1,2025,20,BIHAR,KARNATAKA
20,11,1,2025,1,SIKKIM,JHARKHAND
23,11,1,2025,1,SIKKIM,MADHYA PRADESH
09,16,1,2025,7,TRIPURA,UTTAR PRADESH
10,17,1,2025,9,MEGHALAYA,BIHAR
06,18,1,2025,1,ASSAM,HARYANA
18,19,1,2025,8,WEST BENGAL,ASSAM
20,19,1,2025,135,WEST BENGAL,JHARKHAND
09,20,1,2025,137,JHARKHAND,UTTAR PRADESH
18,20,1,2025,2,JHARKHAND,ASSAM
27,20,1,2025,12,JHARKHAND,MAHARASHTRA
19,22,1,2025,5,CHHATTISGARH,WEST BENGAL
29,22,1,2025,1,CHHATTISGARH,KARNATAKA
07,23,1,2025,188,MADHYA PRADESH,DELHI
20,23,1,2025,80,MADHYA PRADESH,JHARKHAND
08,27,1,2025,851,MAHARASHTRA,RAJASTHAN
19,27,1,2025,350,MAHARASHTRA,WEST BENGAL
20,27,1,2025,2016,MAHARASHTRA,JHARKHAND
22,27,1,2025,23,MAHARASHTRA,CHHATTISGARH
05,29,1,2025,1,KARNATAKA,UTTARAKHAND
07,29,1,2025,5,KARNATAKA,DELHI
01,30,1,2025,4,GOA,JAMMU AND KASHMIR
07,30,1,2025,4,GOA,DELHI
09,30,1,2025,1104,GOA,UTTAR PRADESH
19,30,1,2025,22,GOA,WEST BENGAL
29,30,1,2025,782,GOA,KARNATAKA
33,30,1,2025,4,GOA,TAMIL NADU
36,30,1,2025,3,GOA,TELANGANA
01,32,1,2025,5,KERALA,JAMMU AND KASHMIR
08,32,1,2025,16,KERALA,RAJASTHAN
09,32,1,2025,396,KERALA,UTTAR PRADESH
18,32,1,2025,446,KERALA,ASSAM
29,32,1,2025,417,KERALA,KARNATAKA
36,32,1,2025,7,KERALA,TELANGANA
10,35,1,2025,8,ANDAMAN AND NICOBAR ISLANDS,BIHAR
32,35,1,2025,2,ANDAMAN AND NICOBAR ISLANDS,KERALA
05,36,1,2025,3,TELANGANA,UTTARAKHAND
06,36,1,2025,61,TELANGANA,HARYANA
07,36,1,2025,19,TELANGANA,DELHI
18,36,1,2025,21,TELANGANA,ASSAM
22,36,1,2025,88,TELANGANA,CHHATTISGARH
33,36,1,2025,11,TELANGANA,TAMIL NADU
08,37,1,2025,1,LADAKH,RAJASTHAN
24,38,1,2025,655,DADAR & NAGAR HAVELI & DAMAN & DIU,GUJARAT
27,38,1,2025,538,DADAR & NAGAR HAVELI & DAMAN & DIU,MAHARASHTRA
05,01,2,2025,9,JAMMU AND KASHMIR,UTTARAKHAND
06,01,2,2025,44,JAMMU AND KASHMIR,HARYANA
10,01,2,2025,1993,JAMMU AND KASHMIR,BIHAR
01,03,2,2025,4,PUNJAB,JAMMU AND KASHMIR
10,03,2,2025,4219,PUNJAB,BIHAR
20,03,2,2025,55,PUNJAB,JHARKHAND
23,03,2,2025,43,PUNJAB,MADHYA PRADESH
07,05,2,2025,206,UTTARAKHAND,DELHI
08,05,2,2025,14,UTTARAKHAND,RAJASTHAN
24,05,2,2025,4,UTTARAKHAND,GUJARAT
03,06,2,2025,32,HARYANA,PUNJAB
24,06,2,2025,24,HARYANA,GUJARAT
05,07,2,2025,7310,DELHI,UTTARAKHAND
09,07,2,2025,225713,DELHI,UTTAR PRADESH
19,07,2,2025,2123,DELHI,WEST BENGAL
20,07,2,2025,4564,DELHI,JHARKHAND
27,07,2,2025,220,DELHI,MAHARASHTRA
32,07,2,2025,60,DELHI,KERALA
10,08,2,2025,7254,RAJASTHAN,BIHAR
20,08,2,2025,129,RAJASTHAN,JHARKHAND
07,09,2,2025,1933,UTTAR PRADESH,DELHI
08,09,2,2025,111,UTTAR PRADESH,RAJASTHAN
10,09,2,2025,7277,UTTAR PRADESH,BIHAR
05,10,2,2025,48,BIHAR,UTTARAKHAND
36,10,2,2025,27,BIHAR,TELANGANA
20,11,2,2025,1,SIKKIM,JHARKHAND
10,16,2,2025,1268,TRIPURA,BIHAR
10,17,2,2025,9,MEGHALAYA,BIHAR
16,17,2,2025,2,MEGHALAYA,TRIPURA
29,18,2,2025,1,ASSAM,KARNATAKA
27,20,2,2025,14,JHARKHAND,MAHARASHTRA
36,20,2,2025,1,JHARKHAND,TELANGANA
07,22,2,2025,10,CHHATTISGARH,DELHI
09,22,2,2025,352,CHHATTISGARH,UTTAR PRADESH
20,22,2,2025,106,CHHATTISGARH,JHARKHAND
23,22,2,2025,252,CHHATTISGARH,MADHYA PRADESH
01,23,2,2025,2,MADHYA PRADESH,JAMMU AND KASHMIR
06,23,2,2025,152,MADHYA PRADESH,HARYANA
07,23,2,2025,172,MADHYA PRADESH,DELHI
27,23,2,2025,225,MADHYA PRADESH,MAHARASHTRA
06,24,2,2025,251,GUJARAT,HARYANA
19,24,2,2025,27,GUJARAT,WEST BENGAL
33,24,2,2025,11,GUJARAT,TAMIL NADU
03,27,2,2025,2,MAHARASHTRA,PUNJAB
06,27,2,2025,405,MAHARASHTRA,HARYANA
19,27,2,2025,332,MAHARASHTRA,WEST BENGAL
33,27,2,2025,246,MAHARASHTRA,TAMIL NADU
36,28,2,2025,1,ANDHRA PRADESH,TELANGANA
16,29,2,2025,1,KARNATAKA,TRIPURA
27,29,2,2025,26,KARNATAKA,MAHARASHTRA
28,29,2,2025,29,KARNATAKA,ANDHRA PRADESH
05,30,2,2025,5,GOA,UTTARAKHAND
06,30,2,2025,9,GOA,HARYANA
07,30,2,2025,5,GOA,DELHI
28,30,2,2025,5,GOA,ANDHRA PRADESH
06,32,2,2025,11,KERALA,HARYANA
36,32,2,2025,6,KERALA,TELANGANA
28,33,2,2025,2,TAMIL NADU,ANDHRA PRADESH
06,35,2,2025,1,ANDAMAN AND NICOBAR ISLANDS,HARYANA
19,35,2,2025,7,ANDAMAN AND NICOBAR ISLANDS,WEST BENGAL
07,36,2,2025,13,TELANGANA,DELHI
08,36,2,2025,64,TELANGANA,RAJASTHAN
09,36,2,2025,1,TELANGANA,UTTAR PRADESH
19,36,2,2025,15,TELANGANA,WEST BENGAL
27,36,2,2025,886,TELANGANA,MAHARASHTRA
28,36,2,2025,2255,TELANGANA,ANDHRA PRADESH
08,37,2,2025,1,LADAKH,RAJASTHAN
05,38,2,2025,10,DADAR & NAGAR HAVELI & DAMAN & DIU,UTTARAKHAND
16,38,2,2025,1,DADAR & NAGAR HAVELI & DAMAN & DIU,TRIPURA
24,38,2,2025,554,DADAR & NAGAR HAVELI & DAMAN & DIU,GUJARAT
27,38,2,2025,552,DADAR & NAGAR HAVELI & DAMAN & DIU,MAHARASHTRA
03,01,3,2025,3,JAMMU AND KASHMIR,PUNJAB
18,01,3,2025,4,JAMMU AND KASHMIR,ASSAM
19,01,3,2025,18,JAMMU AND KASHMIR,WEST BENGAL
07,02,3,2025,29,HIMACHAL PRADESH,DELHI
19,02,3,2025,21,HIMACHAL PRADESH,WEST BENGAL
20,03,3,2025,40,PUNJAB,JHARKHAND
10,04,3,2025,13,CHANDIGARH,BIHAR
07,05,3,2025,198,UTTARAKHAND,DELHI
09,05,3,2025,13520,UTTARAKHAND,UTTAR PRADESH
23,05,3,2025,73,UTTARAKHAND,MADHYA PRADESH
27,05,3,2025,10,UTTARAKHAND,MAHARASHTRA
03,06,3,2025,58,HARYANA,PUNJAB
16,06,3,2025,3,HARYANA,TRIPURA
23,06,3,2025,5189,HARYANA,MADHYA PRADESH
29,06,3,2025,1,HARYANA,KARNATAKA
03,07,3,2025,61,DELHI,PUNJAB
24,07,3,2025,167,DELHI,GUJARAT
18,08,3,2025,18,RAJASTHAN,ASSAM
23,08,3,2025,3465,RAJASTHAN,MADHYA PRADESH
07,09,3,2025,978,UTTAR PRADESH,DELHI
18,09,3,2025,12,UTTAR PRADESH,ASSAM
24,09,3,2025,33,UTTAR PRADESH,GUJARAT
03,10,3,2025,83,BIHAR,PUNJAB
18,10,3,2025,123,BIHAR,ASSAM
19,10,3,2025,278,BIHAR,WEST BENGAL
27,10,3,2025,378,BIHAR,MAHARASHTRA
28,10,3,2025,11,BIHAR,ANDHRA PRADESH
38,10,3,2025,4,BIHAR,DADAR & NAGAR HAVELI & DAMAN & DIU
09,11,3,2025,2,SIKKIM,UTTAR PRADESH
10,11,3,2025,95,SIKKIM,BIHAR
09,16,3,2025,7,TRIPURA,UTTAR PRADESH
19,17,3,2025,2,MEGHALAYA,WEST BENGAL
18,19,3,2025,7,WEST BENGAL,ASSAM
27,19,3,2025,12,WEST BENGAL,MAHARASHTRA
33,19,3,2025,2,WEST BENGAL,TAMIL NADU
19,20,3,2025,1,JHARKHAND,WEST BENGAL
05,22,3,2025,1,CHHATTISGARH,UTTARAKHAND
07,22,3,2025,8,CHHATTISGARH,DELHI
05,23,3,2025,15,MADHYA PRADESH,UTTARAKHAND
18,23,3,2025,3,MADHYA PRADESH,ASSAM
20,23,3,2025,86,MADHYA PRADESH,JHARKHAND
24,23,3,2025,42,MADHYA PRADESH,GUJARAT
28,23,3,2025,3,MADHYA PRADESH,ANDHRA PRADESH
16,24,3,2025,1,GUJARAT,TRIPURA
01,27,3,2025,6,MAHARASHTRA,JAMMU AND KASHMIR
05,27,3,2025,82,MAHARASHTRA,UTTARAKHAND
10,27,3,2025,26119,MAHARASHTRA,BIHAR
19,27,3,2025,293,MAHARASHTRA,WEST BENGAL
23,27,3,2025,1464,MAHARASHTRA,MADHYA PRADESH
28,27,3,2025,52,MAHARASHTRA,ANDHRA PRADESH
10,29,3,2025,1,KARNATAKA,BIHAR
18,30,3,2025,33,GOA,ASSAM
01,32,3,2025,4,KERALA,JAMMU AND KASHMIR
06,32,3,2025,9,KERALA,HARYANA
09,32,3,2025,342,KERALA,UTTAR PRADESH
06,32,7,2024,8,KERALA,HARYANA
24,32,7,2024,4,KERALA,GUJARAT
28,32,7,2024,13,KERALA,ANDHRA PRADESH
27,33,7,2024,3,TAMIL NADU,MAHARASHTRA
10,35,7,2024,8,ANDAMAN AND NICOBAR ISLANDS,BIHAR
19,35,7,2024,10,ANDAMAN AND NICOBAR ISLANDS,WEST BENGAL
22,36,7,2024,109,TELANGANA,CHHATTISGARH
23,36,7,2024,295,TELANGANA,MADHYA PRADESH
05,38,7,2024,10,Dadar & Nagar Haveli & Daman & Diu,UTTARAKHAND
27,38,7,2024,356,Dadar & Nagar Haveli & Daman & Diu,MAHARASHTRA
05,01,8,2024,17,JAMMU AND KASHMIR,UTTARAKHAND
07,01,8,2024,15,JAMMU AND KASHMIR,DELHI
18,01,8,2024,5,JAMMU AND KASHMIR,ASSAM
19,01,8,2024,6,JAMMU AND KASHMIR,WEST BENGAL
05,02,8,2024,37,HIMACHAL PRADESH,UTTARAKHAND
19,02,8,2024,20,HIMACHAL PRADESH,WEST BENGAL
23,02,8,2024,252,HIMACHAL PRADESH,MADHYA PRADESH
06,03,8,2024,26,PUNJAB,HARYANA
07,03,8,2024,16,PUNJAB,DELHI
06,04,8,2024,1,CHANDIGARH,HARYANA
06,05,8,2024,116,UTTARAKHAND,HARYANA
07,05,8,2024,179,UTTARAKHAND,DELHI
10,05,8,2024,2678,UTTARAKHAND,BIHAR
27,05,8,2024,4,UTTARAKHAND,MAHARASHTRA
33,05,8,2024,1,UTTARAKHAND,TAMIL NADU
18,06,8,2024,35,HARYANA,ASSAM
27,06,8,2024,15,HARYANA,MAHARASHTRA
29,06,8,2024,2,HARYANA,KARNATAKA
02,07,8,2024,131,DELHI,HIMACHAL PRADESH
05,07,8,2024,5939,DELHI,UTTARAKHAND
23,07,8,2024,20749,DELHI,MADHYA PRADESH
27,07,8,2024,146,DELHI,MAHARASHTRA
29,07,8,2024,11,DELHI,KARNATAKA
10,08,8,2024,2922,RAJASTHAN,BIHAR
20,08,8,2024,34,RAJASTHAN,JHARKHAND
29,08,8,2024,8,RAJASTHAN,KARNATAKA
32,08,8,2024,1,RAJASTHAN,KERALA
24,09,8,2024,14,UTTAR PRADESH,GUJARAT
29,09,8,2024,8,UTTAR PRADESH,KARNATAKA
06,10,8,2024,896,BIHAR,HARYANA
08,10,8,2024,95,BIHAR,RAJASTHAN
16,10,8,2024,1,BIHAR,TRIPURA
28,10,8,2024,9,BIHAR,ANDHRA PRADESH
10,11,8,2024,123,SIKKIM,BIHAR
06,16,8,2024,2,TRIPURA,HARYANA
22,16,8,2024,1,TRIPURA,CHHATTISGARH
16,17,8,2024,1,MEGHALAYA,TRIPURA
18,17,8,2024,3,MEGHALAYA,ASSAM
19,18,8,2024,1,ASSAM,WEST BENGAL
08,19,8,2024,1,WEST BENGAL,RAJASTHAN
09,19,8,2024,229,WEST BENGAL,UTTAR PRADESH
16,19,8,2024,3,WEST BENGAL,TRIPURA
18,20,8,2024,2,JHARKHAND,ASSAM
22,20,8,2024,27,JHARKHAND,CHHATTISGARH
27,20,8,2024,17,JHARKHAND,MAHARASHTRA
09,23,8,2024,2841,MADHYA PRADESH,UTTAR PRADESH
24,23,8,2024,30,MADHYA PRADESH,GUJARAT
06,24,8,2024,155,GUJARAT,HARYANA
19,24,8,2024,11,GUJARAT,WEST BENGAL
29,24,8,2024,12,GUJARAT,KARNATAKA
02,27,8,2024,2,MAHARASHTRA,HIMACHAL PRADESH
18,27,8,2024,33,MAHARASHTRA,ASSAM
24,27,8,2024,284,MAHARASHTRA,GUJARAT
32,27,8,2024,17,MAHARASHTRA,KERALA
33,27,8,2024,205,MAHARASHTRA,TAMIL NADU
10,28,8,2024,1,ANDHRA PRADESH,BIHAR
06,29,8,2024,4,KARNATAKA,HARYANA
22,29,8,2024,13,KARNATAKA,CHHATTISGARH
23,29,8,2024,16,KARNATAKA,MADHYA PRADESH
33,29,8,2024,11,KARNATAKA,TAMIL NADU
05,30,8,2024,4,GOA,UTTARAKHAND
06,30,8,2024,4,GOA,HARYANA
10,30,8,2024,562,GOA,BIHAR
23,30,8,2024,85,GOA,MADHYA PRADESH
05,32,8,2024,5,KERALA,UTTARAKHAND
09,32,8,2024,337,KERALA,UTTAR PRADESH
10,32,8,2024,762,KERALA,BIHAR
16,32,8,2024,1,KERALA,TRIPURA
18,32,8,2024,184,KERALA,ASSAM
36,32,8,2024,8,KERALA,TELANGANA
28,33,8,2024,1,TAMIL NADU,ANDHRA PRADESH
20,35,8,2024,1,ANDAMAN AND NICOBAR ISLANDS,JHARKHAND
22,35,8,2024,2,ANDAMAN AND NICOBAR ISLANDS,CHHATTISGARH
33,35,8,2024,4,ANDAMAN AND NICOBAR ISLANDS,TAMIL NADU
16,36,8,2024,3,TELANGANA,TRIPURA
19,36,8,2024,12,TELANGANA,WEST BENGAL
24,36,8,2024,9,TELANGANA,GUJARAT
28,36,8,2024,1483,TELANGANA,ANDHRA PRADESH
29,36,8,2024,564,TELANGANA,KARNATAKA
32,36,8,2024,3,TELANGANA,KERALA
27,38,8,2024,504,Dadar & Nagar Haveli & Daman & Diu,MAHARASHTRA
32,38,8,2024,2,Dadar & Nagar Haveli & Daman & Diu,KERALA
10,01,9,2024,2220,JAMMU AND KASHMIR,BIHAR
18,01,9,2024,5,JAMMU AND KASHMIR,ASSAM
07,02,9,2024,28,HIMACHAL PRADESH,DELHI
02,03,9,2024,5,PUNJAB,HIMACHAL PRADESH
27,03,9,2024,2,PUNJAB,MAHARASHTRA
23,04,9,2024,1,CHANDIGARH,MADHYA PRADESH
06,05,9,2024,116,UTTARAKHAND,HARYANA
07,06,9,2024,613,HARYANA,DELHI
29,06,9,2024,2,HARYANA,KARNATAKA
16,07,9,2024,7,DELHI,TRIPURA
18,07,9,2024,361,DELHI,ASSAM
22,07,9,2024,412,DELHI,CHHATTISGARH
23,07,9,2024,20274,DELHI,MADHYA PRADESH
28,07,9,2024,28,DELHI,ANDHRA PRADESH
33,07,9,2024,106,DELHI,TAMIL NADU
38,07,9,2024,1,DELHI,Dadar & Nagar Haveli & Daman & Diu
19,08,9,2024,24,RAJASTHAN,WEST BENGAL
32,08,9,2024,1,RAJASTHAN,KERALA
19,09,9,2024,6,UTTAR PRADESH,WEST BENGAL
20,09,9,2024,38,UTTAR PRADESH,JHARKHAND
24,09,9,2024,15,UTTAR PRADESH,GUJARAT
27,09,9,2024,497,UTTAR PRADESH,MAHARASHTRA
32,09,9,2024,1,UTTAR PRADESH,KERALA
02,10,9,2024,1,BIHAR,HIMACHAL PRADESH
05,10,9,2024,46,BIHAR,UTTARAKHAND
06,10,9,2024,966,BIHAR,HARYANA
07,10,9,2024,2050,BIHAR,DELHI
22,10,9,2024,148,BIHAR,CHHATTISGARH
33,10,9,2024,3,BIHAR,TAMIL NADU
09,11,9,2024,4,SIKKIM,UTTAR PRADESH
10,11,9,2024,127,SIKKIM,BIHAR
18,16,9,2024,21,TRIPURA,ASSAM
22,16,9,2024,1,TRIPURA,CHHATTISGARH
10,17,9,2024,10,MEGHALAYA,BIHAR
10,18,9,2024,44,ASSAM,BIHAR
19,18,9,2024,1,ASSAM,WEST BENGAL
09,19,9,2024,249,WEST BENGAL,UTTAR PRADESH
33,19,9,2024,1,WEST BENGAL,TAMIL NADU
08,20,9,2024,4,JHARKHAND,RAJASTHAN
09,20,9,2024,112,JHARKHAND,UTTAR PRADESH
19,20,9,2024,2,JHARKHAND,WEST BENGAL
28,22,9,2024,2,CHHATTISGARH,ANDHRA PRADESH
07,23,9,2024,141,MADHYA PRADESH,DELHI
10,23,9,2024,1534,MADHYA PRADESH,BIHAR
29,23,9,2024,2,MADHYA PRADESH,KARNATAKA
05,24,9,2024,19,GUJARAT,UTTARAKHAND
16,24,9,2024,1,GUJARAT,TRIPURA
19,24,9,2024,15,GUJARAT,WEST BENGAL
23,24,9,2024,3721,GUJARAT,MADHYA PRADESH
27,24,9,2024,1056,GUJARAT,MAHARASHTRA
33,24,9,2024,3,GUJARAT,TAMIL NADU
09,27,9,2024,39892,MAHARASHTRA,UTTAR PRADESH
23,27,9,2024,1050,MAHARASHTRA,MADHYA PRADESH
36,28,9,2024,1,ANDHRA PRADESH,TELANGANA
07,30,9,2024,4,GOA,DELHI
18,30,9,2024,15,GOA,ASSAM
22,30,9,2024,24,GOA,CHHATTISGARH
27,30,9,2024,100,GOA,MAHARASHTRA
32,30,9,2024,2,GOA,KERALA
05,32,9,2024,3,KERALA,UTTARAKHAND
06,32,9,2024,10,KERALA,HARYANA
20,32,9,2024,134,KERALA,JHARKHAND
35,32,9,2024,1,KERALA,ANDAMAN AND NICOBAR ISLANDS
36,32,9,2024,10,KERALA,TELANGANA
01,33,9,2024,1,TAMIL NADU,JAMMU AND KASHMIR
07,33,9,2024,1,TAMIL NADU,DELHI
18,33,9,2024,5,TAMIL NADU,ASSAM
09,35,9,2024,1,ANDAMAN AND NICOBAR ISLANDS,UTTAR PRADESH
33,35,9,2024,2,ANDAMAN AND NICOBAR ISLANDS,TAMIL NADU
22,36,9,2024,92,TELANGANA,CHHATTISGARH
29,36,9,2024,497,TELANGANA,KARNATAKA
09,37,9,2024,3,LADAKH,UTTAR PRADESH
06,38,9,2024,10,Dadar & Nagar Haveli & Daman & Diu,HARYANA
19,38,9,2024,41,Dadar & Nagar Haveli & Daman & Diu,WEST BENGAL
20,38,9,2024,226,Dadar & Nagar Haveli & Daman & Diu,JHARKHAND
23,38,9,2024,715,Dadar & Nagar Haveli & Daman & Diu,MADHYA PRADESH
24,38,9,2024,609,Dadar & Nagar Haveli & Daman & Diu,GUJARAT
27,38,9,2024,559,Dadar & Nagar Haveli & Daman & Diu,MAHARASHTRA
32,38,9,2024,1,Dadar & Nagar Haveli & Daman & Diu,KERALA
05,01,10,2024,14,JAMMU AND KASHMIR,UTTARAKHAND
20,01,10,2024,50,JAMMU AND KASHMIR,JHARKHAND
23,01,10,2024,1424,JAMMU AND KASHMIR,MADHYA PRADESH
27,01,10,2024,2,JAMMU AND KASHMIR,MAHARASHTRA
01,02,10,2024,2,HIMACHAL PRADESH,JAMMU AND KASHMIR
06,02,10,2024,108,HIMACHAL PRADESH,HARYANA
08,02,10,2024,18,HIMACHAL PRADESH,RAJASTHAN
20,02,10,2024,95,HIMACHAL PRADESH,JHARKHAND
27,02,10,2024,4,HIMACHAL PRADESH,MAHARASHTRA
07,03,10,2024,10,PUNJAB,DELHI
10,03,10,2024,845,PUNJAB,BIHAR
05,04,10,2024,2,CHANDIGARH,UTTARAKHAND
23,04,10,2024,1,CHANDIGARH,MADHYA PRADESH
09,05,10,2024,12480,UTTARAKHAND,UTTAR PRADESH
20,05,10,2024,1,UTTARAKHAND,JHARKHAND
08,06,10,2024,1560,HARYANA,RAJASTHAN
10,06,10,2024,29556,HARYANA,BIHAR
19,06,10,2024,193,HARYANA,WEST BENGAL
29,06,10,2024,1,HARYANA,KARNATAKA
02,07,10,2024,133,DELHI,HIMACHAL PRADESH
06,07,10,2024,12136,DELHI,HARYANA
23,07,10,2024,19357,DELHI,MADHYA PRADESH
28,07,10,2024,24,DELHI,ANDHRA PRADESH
32,07,10,2024,169,DELHI,KERALA
24,08,10,2024,67,RAJASTHAN,GUJARAT
07,09,10,2024,1122,UTTAR PRADESH,DELHI
18,09,10,2024,25,UTTAR PRADESH,ASSAM
23,09,10,2024,484,UTTAR PRADESH,MADHYA PRADESH
24,09,10,2024,31,UTTAR PRADESH,GUJARAT
16,10,10,2024,1,BIHAR,TRIPURA
36,10,10,2024,33,BIHAR,TELANGANA
01,33,3,2025,1,TAMIL NADU,JAMMU AND KASHMIR
20,33,3,2025,8,TAMIL NADU,JHARKHAND
10,35,3,2025,9,ANDAMAN AND NICOBAR ISLANDS,BIHAR
16,36,3,2025,1,TELANGANA,TRIPURA
19,36,3,2025,8,TELANGANA,WEST BENGAL
29,36,3,2025,609,TELANGANA,KARNATAKA
18,37,3,2025,1,LADAKH,ASSAM
08,38,3,2025,32,DADAR & NAGAR HAVELI & DAMAN & DIU,RAJASTHAN
18,38,3,2025,13,DADAR & NAGAR HAVELI & DAMAN & DIU,ASSAM
23,38,3,2025,784,DADAR & NAGAR HAVELI & DAMAN & DIU,MADHYA PRADESH
32,38,3,2025,1,DADAR & NAGAR HAVELI & DAMAN & DIU,KERALA
09,01,4,2025,2488,JAMMU AND KASHMIR,UTTAR PRADESH
18,01,4,2025,4,JAMMU AND KASHMIR,ASSAM
24,01,4,2025,2,JAMMU AND KASHMIR,GUJARAT
05,02,4,2025,28,HIMACHAL PRADESH,UTTARAKHAND
08,02,4,2025,19,HIMACHAL PRADESH,RAJASTHAN
10,02,4,2025,4596,HIMACHAL PRADESH,BIHAR
19,02,4,2025,28,HIMACHAL PRADESH,WEST BENGAL
20,02,4,2025,73,HIMACHAL PRADESH,JHARKHAND
06,03,4,2025,13,PUNJAB,HARYANA
10,05,4,2025,2966,UTTARAKHAND,BIHAR
09,06,4,2025,38632,HARYANA,UTTAR PRADESH
18,06,4,2025,45,HARYANA,ASSAM
21,06,4,2025,22,HARYANA,ODISHA
23,06,4,2025,4074,HARYANA,MADHYA PRADESH
06,07,4,2025,12154,DELHI,HARYANA
09,07,4,2025,195101,DELHI,UTTAR PRADESH
10,07,4,2025,214101,DELHI,BIHAR
19,07,4,2025,1797,DELHI,WEST BENGAL
20,07,4,2025,3745,DELHI,JHARKHAND
28,07,4,2025,35,DELHI,ANDHRA PRADESH
29,07,4,2025,18,DELHI,KARNATAKA
32,07,4,2025,2,DELHI,KERALA
10,08,4,2025,7023,RAJASTHAN,BIHAR
20,08,4,2025,113,RAJASTHAN,JHARKHAND
06,09,4,2025,2301,UTTAR PRADESH,HARYANA
21,09,4,2025,10,UTTAR PRADESH,ODISHA
23,09,4,2025,910,UTTAR PRADESH,MADHYA PRADESH
06,10,4,2025,1993,BIHAR,HARYANA
29,10,4,2025,36,BIHAR,KARNATAKA
10,11,4,2025,96,SIKKIM,BIHAR
19,11,4,2025,1,SIKKIM,WEST BENGAL
18,17,4,2025,9,MEGHALAYA,ASSAM
18,19,4,2025,8,WEST BENGAL,ASSAM
24,19,4,2025,4,WEST BENGAL,GUJARAT
08,20,4,2025,1,JHARKHAND,RAJASTHAN
28,20,4,2025,1,JHARKHAND,ANDHRA PRADESH
20,22,4,2025,44,CHHATTISGARH,JHARKHAND
23,22,4,2025,145,CHHATTISGARH,MADHYA PRADESH
27,22,4,2025,7,CHHATTISGARH,MAHARASHTRA
28,22,4,2025,2,CHHATTISGARH,ANDHRA PRADESH
29,22,4,2025,2,CHHATTISGARH,KARNATAKA
05,23,4,2025,11,MADHYA PRADESH,UTTARAKHAND
20,23,4,2025,88,MADHYA PRADESH,JHARKHAND
19,24,4,2025,25,GUJARAT,WEST BENGAL
20,24,4,2025,272,GUJARAT,JHARKHAND
23,24,4,2025,3152,GUJARAT,MADHYA PRADESH
27,24,4,2025,1095,GUJARAT,MAHARASHTRA
08,27,4,2025,612,MAHARASHTRA,RAJASTHAN
18,27,4,2025,64,MAHARASHTRA,ASSAM
21,27,4,2025,39,MAHARASHTRA,ODISHA
23,27,4,2025,1408,MAHARASHTRA,MADHYA PRADESH
28,27,4,2025,53,MAHARASHTRA,ANDHRA PRADESH
23,28,4,2025,1,ANDHRA PRADESH,MADHYA PRADESH
29,28,4,2025,1,ANDHRA PRADESH,KARNATAKA
23,29,4,2025,3,KARNATAKA,MADHYA PRADESH
27,29,4,2025,17,KARNATAKA,MAHARASHTRA
01,30,4,2025,2,GOA,JAMMU AND KASHMIR
06,30,4,2025,6,GOA,HARYANA
10,30,4,2025,821,GOA,BIHAR
18,30,4,2025,36,GOA,ASSAM
19,30,4,2025,21,GOA,WEST BENGAL
20,30,4,2025,84,GOA,JHARKHAND
27,30,4,2025,131,GOA,MAHARASHTRA
28,30,4,2025,5,GOA,ANDHRA PRADESH
06,32,4,2025,9,KERALA,HARYANA
08,32,4,2025,12,KERALA,RAJASTHAN
21,32,4,2025,11,KERALA,ODISHA
06,35,4,2025,1,ANDAMAN AND NICOBAR ISLANDS,HARYANA
06,36,4,2025,45,TELANGANA,HARYANA
18,36,4,2025,17,TELANGANA,ASSAM
06,38,4,2025,8,DADAR & NAGAR HAVELI & DAMAN & DIU,HARYANA
21,38,4,2025,27,DADAR & NAGAR HAVELI & DAMAN & DIU,ODISHA
05,01,5,2025,3,JAMMU AND KASHMIR,UTTARAKHAND
20,01,5,2025,39,JAMMU AND KASHMIR,JHARKHAND
21,01,5,2025,1,JAMMU AND KASHMIR,ODISHA
05,02,5,2025,25,HIMACHAL PRADESH,UTTARAKHAND
06,02,5,2025,152,HIMACHAL PRADESH,HARYANA
09,02,5,2025,8941,HIMACHAL PRADESH,UTTAR PRADESH
23,02,5,2025,181,HIMACHAL PRADESH,MADHYA PRADESH
07,03,5,2025,22,PUNJAB,DELHI
18,03,5,2025,2,PUNJAB,ASSAM
03,04,5,2025,1,CHANDIGARH,PUNJAB
10,05,5,2025,2910,UTTARAKHAND,BIHAR
07,06,5,2025,720,HARYANA,DELHI
27,06,5,2025,2,HARYANA,MAHARASHTRA
28,06,5,2025,1,HARYANA,ANDHRA PRADESH
08,07,5,2025,3188,DELHI,RAJASTHAN
03,08,5,2025,24,RAJASTHAN,PUNJAB
08,09,5,2025,147,UTTAR PRADESH,RAJASTHAN
10,09,5,2025,6850,UTTAR PRADESH,BIHAR
21,09,5,2025,19,UTTAR PRADESH,ODISHA
28,09,5,2025,4,UTTAR PRADESH,ANDHRA PRADESH
29,09,5,2025,3,UTTAR PRADESH,KARNATAKA
38,09,5,2025,3,UTTAR PRADESH,DADAR & NAGAR HAVELI & DAMAN & DIU
06,10,5,2025,4431,BIHAR,HARYANA
08,10,5,2025,139,BIHAR,RAJASTHAN
09,10,5,2025,3154,BIHAR,UTTAR PRADESH
27,10,5,2025,67,BIHAR,MAHARASHTRA
10,11,5,2025,75,SIKKIM,BIHAR
16,17,5,2025,1,MEGHALAYA,TRIPURA
18,17,5,2025,8,MEGHALAYA,ASSAM
06,19,5,2025,27,WEST BENGAL,HARYANA
28,20,5,2025,1,JHARKHAND,ANDHRA PRADESH
06,22,5,2025,17,CHHATTISGARH,HARYANA
21,22,5,2025,3,CHHATTISGARH,ODISHA
05,23,5,2025,8,MADHYA PRADESH,UTTARAKHAND
09,23,5,2025,4110,MADHYA PRADESH,UTTAR PRADESH
03,24,5,2025,3,GUJARAT,PUNJAB
05,24,5,2025,11,GUJARAT,UTTARAKHAND
19,24,5,2025,13,GUJARAT,WEST BENGAL
02,27,5,2025,1,MAHARASHTRA,HIMACHAL PRADESH
03,27,5,2025,10,MAHARASHTRA,PUNJAB
18,27,5,2025,54,MAHARASHTRA,ASSAM
23,27,5,2025,1213,MAHARASHTRA,MADHYA PRADESH
23,28,5,2025,1,ANDHRA PRADESH,MADHYA PRADESH
06,29,5,2025,2,KARNATAKA,HARYANA
10,29,5,2025,240,KARNATAKA,BIHAR
07,30,5,2025,3,GOA,DELHI
10,30,5,2025,724,GOA,BIHAR
21,30,5,2025,2,GOA,ODISHA
23,30,5,2025,96,GOA,MADHYA PRADESH
06,32,5,2025,11,KERALA,HARYANA
08,32,5,2025,12,KERALA,RAJASTHAN
08,36,5,2025,18,TELANGANA,RAJASTHAN
24,36,5,2025,2,TELANGANA,GUJARAT
06,38,5,2025,5,DADAR & NAGAR HAVELI & DAMAN & DIU,HARYANA
07,38,5,2025,4,DADAR & NAGAR HAVELI & DAMAN & DIU,DELHI
20,38,5,2025,232,DADAR & NAGAR HAVELI & DAMAN & DIU,JHARKHAND
29,38,5,2025,2,DADAR & NAGAR HAVELI & DAMAN & DIU,KARNATAKA
09,01,6,2025,1357,JAMMU AND KASHMIR,UTTAR PRADESH
10,01,6,2025,1829,JAMMU AND KASHMIR,BIHAR
23,01,6,2025,759,JAMMU AND KASHMIR,MADHYA PRADESH
19,03,6,2025,6,PUNJAB,WEST BENGAL
20,03,6,2025,43,PUNJAB,JHARKHAND
08,05,6,2025,16,UTTARAKHAND,RAJASTHAN
20,05,6,2025,9,UTTARAKHAND,JHARKHAND
09,06,6,2025,28104,HARYANA,UTTAR PRADESH
03,07,6,2025,32,DELHI,PUNJAB
16,07,6,2025,2,DELHI,TRIPURA
24,07,6,2025,140,DELHI,GUJARAT
03,08,6,2025,19,RAJASTHAN,PUNJAB
10,08,6,2025,5996,RAJASTHAN,BIHAR
18,08,6,2025,8,RAJASTHAN,ASSAM
24,08,6,2025,43,RAJASTHAN,GUJARAT
29,08,6,2025,3,RAJASTHAN,KARNATAKA
07,09,6,2025,2675,UTTAR PRADESH,DELHI
18,09,6,2025,8,UTTAR PRADESH,ASSAM
19,09,6,2025,28,UTTAR PRADESH,WEST BENGAL
20,09,6,2025,223,UTTAR PRADESH,JHARKHAND
23,09,6,2025,979,UTTAR PRADESH,MADHYA PRADESH
27,09,6,2025,899,UTTAR PRADESH,MAHARASHTRA
38,09,6,2025,7,UTTAR PRADESH,DADAR & NAGAR HAVELI & DAMAN & DIU
03,10,6,2025,100,BIHAR,PUNJAB
07,10,6,2025,3553,BIHAR,DELHI
08,10,6,2025,122,BIHAR,RAJASTHAN
23,10,6,2025,186,BIHAR,MADHYA PRADESH
10,16,6,2025,24,TRIPURA,BIHAR
18,16,6,2025,17,TRIPURA,ASSAM
10,19,6,2025,4580,WEST BENGAL,BIHAR
20,19,6,2025,114,WEST BENGAL,JHARKHAND
08,20,6,2025,3,JHARKHAND,RAJASTHAN
09,20,6,2025,78,JHARKHAND,UTTAR PRADESH
27,23,6,2025,101,MADHYA PRADESH,MAHARASHTRA
28,23,6,2025,4,MADHYA PRADESH,ANDHRA PRADESH
06,24,6,2025,77,GUJARAT,HARYANA
08,24,6,2025,500,GUJARAT,RAJASTHAN
23,24,6,2025,3342,GUJARAT,MADHYA PRADESH
06,27,6,2025,269,MAHARASHTRA,HARYANA
19,27,6,2025,170,MAHARASHTRA,WEST BENGAL
20,27,6,2025,887,MAHARASHTRA,JHARKHAND
09,28,6,2025,6,ANDHRA PRADESH,UTTAR PRADESH
10,28,6,2025,19,ANDHRA PRADESH,BIHAR
19,29,6,2025,1,KARNATAKA,WEST BENGAL
23,29,6,2025,12,KARNATAKA,MADHYA PRADESH
19,30,6,2025,17,GOA,WEST BENGAL
07,32,6,2025,11,KERALA,DELHI
09,32,6,2025,229,KERALA,UTTAR PRADESH
23,32,6,2025,240,KERALA,MADHYA PRADESH
29,32,6,2025,195,KERALA,KARNATAKA
07,33,6,2025,2,TAMIL NADU,DELHI
09,33,6,2025,1,TAMIL NADU,UTTAR PRADESH
18,37,6,2025,1,LADAKH,ASSAM
09,38,6,2025,3257,DADAR & NAGAR HAVELI & DAMAN & DIU,UTTAR PRADESH
29,02,7,2025,1,HIMACHAL PRADESH,KARNATAKA
08,03,7,2025,6,PUNJAB,RAJASTHAN
10,03,7,2025,1476,PUNJAB,BIHAR
20,03,7,2025,13,PUNJAB,JHARKHAND
23,03,7,2025,27,PUNJAB,MADHYA PRADESH
08,32,4,2024,6,KERALA,RAJASTHAN
23,32,4,2024,120,KERALA,MADHYA PRADESH
24,32,4,2024,3,KERALA,GUJARAT
07,36,4,2024,12,TELANGANA,DELHI
33,36,4,2024,12,TELANGANA,TAMIL NADU
08,37,4,2024,2,LADAKH,RAJASTHAN
01,38,4,2024,1,Dadar & Nagar Haveli & Daman & Diu,JAMMU AND KASHMIR
07,38,4,2024,2,Dadar & Nagar Haveli & Daman & Diu,DELHI
08,38,4,2024,23,Dadar & Nagar Haveli & Daman & Diu,RAJASTHAN
19,38,4,2024,27,Dadar & Nagar Haveli & Daman & Diu,WEST BENGAL
07,01,5,2024,5,JAMMU AND KASHMIR,DELHI
24,01,5,2024,1,JAMMU AND KASHMIR,GUJARAT
01,02,5,2024,2,HIMACHAL PRADESH,JAMMU AND KASHMIR
09,05,5,2024,11378,UTTARAKHAND,UTTAR PRADESH
24,05,5,2024,3,UTTARAKHAND,GUJARAT
19,06,5,2024,151,HARYANA,WEST BENGAL
29,06,5,2024,1,HARYANA,KARNATAKA
33,06,5,2024,1,HARYANA,TAMIL NADU
05,07,5,2024,5696,DELHI,UTTARAKHAND
19,07,5,2024,1896,DELHI,WEST BENGAL
23,07,5,2024,17076,DELHI,MADHYA PRADESH
27,07,5,2024,186,DELHI,MAHARASHTRA
20,08,5,2024,34,RAJASTHAN,JHARKHAND
27,08,5,2024,38,RAJASTHAN,MAHARASHTRA
33,08,5,2024,1,RAJASTHAN,TAMIL NADU
36,08,5,2024,1,RAJASTHAN,TELANGANA
23,09,5,2024,73,UTTAR PRADESH,MADHYA PRADESH
32,09,5,2024,1,UTTAR PRADESH,KERALA
21,10,5,2024,1,BIHAR,ODISHA
23,10,5,2024,63,BIHAR,MADHYA PRADESH
27,10,5,2024,187,BIHAR,MAHARASHTRA
36,10,5,2024,19,BIHAR,TELANGANA
19,17,5,2024,1,MEGHALAYA,WEST BENGAL
06,20,5,2024,13,JHARKHAND,HARYANA
06,22,5,2024,7,CHHATTISGARH,HARYANA
19,22,5,2024,2,CHHATTISGARH,WEST BENGAL
28,22,5,2024,2,CHHATTISGARH,ANDHRA PRADESH
08,23,5,2024,178,MADHYA PRADESH,RAJASTHAN
22,23,5,2024,160,MADHYA PRADESH,CHHATTISGARH
05,24,5,2024,26,GUJARAT,UTTARAKHAND
06,24,5,2024,143,GUJARAT,HARYANA
22,24,5,2024,30,GUJARAT,CHHATTISGARH
23,24,5,2024,1862,GUJARAT,MADHYA PRADESH
28,24,5,2024,2,GUJARAT,ANDHRA PRADESH
02,27,5,2024,1,MAHARASHTRA,HIMACHAL PRADESH
07,27,5,2024,78,MAHARASHTRA,DELHI
08,27,5,2024,266,MAHARASHTRA,RAJASTHAN
24,27,5,2024,227,MAHARASHTRA,GUJARAT
36,28,5,2024,2,ANDHRA PRADESH,TELANGANA
10,29,5,2024,297,KARNATAKA,BIHAR
18,29,5,2024,4,KARNATAKA,ASSAM
20,29,5,2024,4,KARNATAKA,JHARKHAND
33,29,5,2024,17,KARNATAKA,TAMIL NADU
01,30,5,2024,2,GOA,JAMMU AND KASHMIR
07,30,5,2024,2,GOA,DELHI
09,30,5,2024,426,GOA,UTTAR PRADESH
28,30,5,2024,1,GOA,ANDHRA PRADESH
24,32,5,2024,2,KERALA,GUJARAT
29,32,5,2024,237,KERALA,KARNATAKA
33,32,5,2024,279,KERALA,TAMIL NADU
22,33,5,2024,2,TAMIL NADU,CHHATTISGARH
21,36,5,2024,1,TELANGANA,ODISHA
29,36,5,2024,356,TELANGANA,KARNATAKA
08,37,5,2024,2,LADAKH,RAJASTHAN
09,37,5,2024,1,LADAKH,UTTAR PRADESH
18,38,5,2024,6,Dadar & Nagar Haveli & Daman & Diu,ASSAM
19,38,5,2024,39,Dadar & Nagar Haveli & Daman & Diu,WEST BENGAL
32,38,5,2024,1,Dadar & Nagar Haveli & Daman & Diu,KERALA
09,01,6,2024,4587,JAMMU AND KASHMIR,UTTAR PRADESH
29,01,6,2024,1,JAMMU AND KASHMIR,KARNATAKA
20,02,6,2024,71,HIMACHAL PRADESH,JHARKHAND
10,04,6,2024,26,CHANDIGARH,BIHAR
06,05,6,2024,86,UTTARAKHAND,HARYANA
19,05,6,2024,4,UTTARAKHAND,WEST BENGAL
23,05,6,2024,45,UTTARAKHAND,MADHYA PRADESH
08,06,6,2024,1153,HARYANA,RAJASTHAN
10,06,6,2024,30360,HARYANA,BIHAR
01,07,6,2024,82,DELHI,JAMMU AND KASHMIR
28,07,6,2024,15,DELHI,ANDHRA PRADESH
07,08,6,2024,71,RAJASTHAN,DELHI
09,08,6,2024,1869,RAJASTHAN,UTTAR PRADESH
29,08,6,2024,5,RAJASTHAN,KARNATAKA
07,09,6,2024,424,UTTAR PRADESH,DELHI
19,09,6,2024,6,UTTAR PRADESH,WEST BENGAL
29,09,6,2024,3,UTTAR PRADESH,KARNATAKA
05,10,6,2024,21,BIHAR,UTTARAKHAND
06,10,6,2024,460,BIHAR,HARYANA
09,10,6,2024,677,BIHAR,UTTAR PRADESH
22,10,6,2024,75,BIHAR,CHHATTISGARH
28,10,6,2024,7,BIHAR,ANDHRA PRADESH
19,11,6,2024,1,SIKKIM,WEST BENGAL
10,18,6,2024,12,ASSAM,BIHAR
06,19,6,2024,9,WEST BENGAL,HARYANA
23,19,6,2024,6,WEST BENGAL,MADHYA PRADESH
27,19,6,2024,9,WEST BENGAL,MAHARASHTRA
07,20,6,2024,43,JHARKHAND,DELHI
27,20,6,2024,21,JHARKHAND,MAHARASHTRA
06,22,6,2024,6,CHHATTISGARH,HARYANA
20,22,6,2024,17,CHHATTISGARH,JHARKHAND
23,22,6,2024,126,CHHATTISGARH,MADHYA PRADESH
32,22,6,2024,1,CHHATTISGARH,KERALA
09,23,6,2024,2460,MADHYA PRADESH,UTTAR PRADESH
27,23,6,2024,182,MADHYA PRADESH,MAHARASHTRA
23,24,6,2024,3170,GUJARAT,MADHYA PRADESH
02,27,6,2024,2,MAHARASHTRA,HIMACHAL PRADESH
05,27,6,2024,56,MAHARASHTRA,UTTARAKHAND
08,27,6,2024,622,MAHARASHTRA,RAJASTHAN
20,27,6,2024,971,MAHARASHTRA,JHARKHAND
22,27,6,2024,107,MAHARASHTRA,CHHATTISGARH
07,29,6,2024,1,KARNATAKA,DELHI
23,29,6,2024,11,KARNATAKA,MADHYA PRADESH
08,30,6,2024,21,GOA,RAJASTHAN
33,30,6,2024,1,GOA,TAMIL NADU
10,32,6,2024,1183,KERALA,BIHAR
20,32,6,2024,62,KERALA,JHARKHAND
28,32,6,2024,14,KERALA,ANDHRA PRADESH
36,32,6,2024,3,KERALA,TELANGANA
22,33,6,2024,3,TAMIL NADU,CHHATTISGARH
23,33,6,2024,6,TAMIL NADU,MADHYA PRADESH
32,33,6,2024,3,TAMIL NADU,KERALA
10,35,6,2024,15,ANDAMAN AND NICOBAR ISLANDS,BIHAR
32,35,6,2024,1,ANDAMAN AND NICOBAR ISLANDS,KERALA
10,36,6,2024,2308,TELANGANA,BIHAR
19,36,6,2024,21,TELANGANA,WEST BENGAL
23,36,6,2024,280,TELANGANA,MADHYA PRADESH
32,36,6,2024,2,TELANGANA,KERALA
01,37,6,2024,9,LADAKH,JAMMU AND KASHMIR
22,37,6,2024,5,LADAKH,CHHATTISGARH
27,37,6,2024,2,LADAKH,MAHARASHTRA
05,38,6,2024,9,Dadar & Nagar Haveli & Daman & Diu,UTTARAKHAND
06,38,6,2024,9,Dadar & Nagar Haveli & Daman & Diu,HARYANA
10,38,6,2024,3483,Dadar & Nagar Haveli & Daman & Diu,BIHAR
23,38,6,2024,733,Dadar & Nagar Haveli & Daman & Diu,MADHYA PRADESH
28,38,6,2024,1,Dadar & Nagar Haveli & Daman & Diu,ANDHRA PRADESH
01,02,7,2024,1,HIMACHAL PRADESH,JAMMU AND KASHMIR
08,02,7,2024,15,HIMACHAL PRADESH,RAJASTHAN
22,02,7,2024,14,HIMACHAL PRADESH,CHHATTISGARH
07,03,7,2024,6,PUNJAB,DELHI
09,03,7,2024,293,PUNJAB,UTTAR PRADESH
19,03,7,2024,1,PUNJAB,WEST BENGAL
01,06,7,2024,6,HARYANA,JAMMU AND KASHMIR
07,06,7,2024,785,HARYANA,DELHI
10,06,7,2024,28500,HARYANA,BIHAR
20,06,7,2024,343,HARYANA,JHARKHAND
06,07,7,2024,8347,DELHI,HARYANA
18,08,7,2024,3,RAJASTHAN,ASSAM
19,08,7,2024,13,RAJASTHAN,WEST BENGAL
24,08,7,2024,45,RAJASTHAN,GUJARAT
33,08,7,2024,2,RAJASTHAN,TAMIL NADU
07,09,7,2024,637,UTTAR PRADESH,DELHI
28,09,7,2024,1,UTTAR PRADESH,ANDHRA PRADESH
29,09,7,2024,2,UTTAR PRADESH,KARNATAKA
06,10,7,2024,845,BIHAR,HARYANA
07,10,7,2024,2016,BIHAR,DELHI
16,10,7,2024,1,BIHAR,TRIPURA
18,10,7,2024,66,BIHAR,ASSAM
19,10,7,2024,239,BIHAR,WEST BENGAL
19,18,7,2024,1,ASSAM,WEST BENGAL
23,19,7,2024,9,WEST BENGAL,MADHYA PRADESH
24,19,7,2024,2,WEST BENGAL,GUJARAT
08,20,7,2024,1,JHARKHAND,RAJASTHAN
09,20,7,2024,127,JHARKHAND,UTTAR PRADESH
10,20,7,2024,1760,JHARKHAND,BIHAR
28,20,7,2024,1,JHARKHAND,ANDHRA PRADESH
36,20,7,2024,1,JHARKHAND,TELANGANA
07,22,7,2024,8,CHHATTISGARH,DELHI
23,22,7,2024,122,CHHATTISGARH,MADHYA PRADESH
08,23,7,2024,266,MADHYA PRADESH,RAJASTHAN
09,23,7,2024,2285,MADHYA PRADESH,UTTAR PRADESH
16,23,7,2024,1,MADHYA PRADESH,TRIPURA
18,23,7,2024,3,MADHYA PRADESH,ASSAM
33,23,7,2024,3,MADHYA PRADESH,TAMIL NADU
07,24,7,2024,45,GUJARAT,DELHI
09,27,7,2024,23160,MAHARASHTRA,UTTAR PRADESH
16,27,7,2024,2,MAHARASHTRA,TRIPURA
20,27,7,2024,692,MAHARASHTRA,JHARKHAND
22,27,7,2024,96,MAHARASHTRA,CHHATTISGARH
24,27,7,2024,184,MAHARASHTRA,GUJARAT
33,27,7,2024,118,MAHARASHTRA,TAMIL NADU
10,28,7,2024,1,ANDHRA PRADESH,BIHAR
06,29,7,2024,4,KARNATAKA,HARYANA
23,30,7,2024,77,GOA,MADHYA PRADESH
27,30,7,2024,91,GOA,MAHARASHTRA
10,19,10,2024,4246,WEST BENGAL,BIHAR
05,22,10,2024,1,CHHATTISGARH,UTTARAKHAND
24,22,10,2024,1,CHHATTISGARH,GUJARAT
10,23,10,2024,1527,MADHYA PRADESH,BIHAR
24,23,10,2024,30,MADHYA PRADESH,GUJARAT
27,23,10,2024,214,MADHYA PRADESH,MAHARASHTRA
32,23,10,2024,14,MADHYA PRADESH,KERALA
09,24,10,2024,7779,GUJARAT,UTTAR PRADESH
18,24,10,2024,12,GUJARAT,ASSAM
19,24,10,2024,21,GUJARAT,WEST BENGAL
28,24,10,2024,5,GUJARAT,ANDHRA PRADESH
06,27,10,2024,342,MAHARASHTRA,HARYANA
09,27,10,2024,41704,MAHARASHTRA,UTTAR PRADESH
16,27,10,2024,1,MAHARASHTRA,TRIPURA
32,27,10,2024,63,MAHARASHTRA,KERALA
01,30,10,2024,2,GOA,JAMMU AND KASHMIR
22,30,10,2024,28,GOA,CHHATTISGARH
16,32,10,2024,2,KERALA,TRIPURA
23,32,10,2024,376,KERALA,MADHYA PRADESH
27,32,10,2024,80,KERALA,MAHARASHTRA
08,33,10,2024,1,TAMIL NADU,RAJASTHAN
09,33,10,2024,11,TAMIL NADU,UTTAR PRADESH
18,33,10,2024,3,TAMIL NADU,ASSAM
28,35,10,2024,1,ANDAMAN AND NICOBAR ISLANDS,ANDHRA PRADESH
07,36,10,2024,11,TELANGANA,DELHI
16,36,10,2024,1,TELANGANA,TRIPURA
33,36,10,2024,10,TELANGANA,TAMIL NADU
10,37,10,2024,21,LADAKH,BIHAR
10,38,10,2024,4049,Dadar & Nagar Haveli & Daman & Diu,BIHAR
18,38,10,2024,14,Dadar & Nagar Haveli & Daman & Diu,ASSAM
20,38,10,2024,210,Dadar & Nagar Haveli & Daman & Diu,JHARKHAND
27,38,10,2024,575,Dadar & Nagar Haveli & Daman & Diu,MAHARASHTRA
29,38,10,2024,1,Dadar & Nagar Haveli & Daman & Diu,KARNATAKA
07,01,11,2024,12,JAMMU AND KASHMIR,DELHI
10,01,11,2024,1782,JAMMU AND KASHMIR,BIHAR
22,01,11,2024,582,JAMMU AND KASHMIR,CHHATTISGARH
05,03,11,2024,4,PUNJAB,UTTARAKHAND
06,03,11,2024,18,PUNJAB,HARYANA
09,03,11,2024,659,PUNJAB,UTTAR PRADESH
19,03,11,2024,1,PUNJAB,WEST BENGAL
20,03,11,2024,16,PUNJAB,JHARKHAND
09,04,11,2024,14,CHANDIGARH,UTTAR PRADESH
10,04,11,2024,33,CHANDIGARH,BIHAR
07,05,11,2024,202,UTTARAKHAND,DELHI
09,05,11,2024,11338,UTTARAKHAND,UTTAR PRADESH
19,05,11,2024,6,UTTARAKHAND,WEST BENGAL
20,05,11,2024,2,UTTARAKHAND,JHARKHAND
27,05,11,2024,7,UTTARAKHAND,MAHARASHTRA
08,06,11,2024,1723,HARYANA,RAJASTHAN
20,06,11,2024,416,HARYANA,JHARKHAND
01,07,11,2024,78,DELHI,JAMMU AND KASHMIR
23,07,11,2024,18723,DELHI,MADHYA PRADESH
29,07,11,2024,13,DELHI,KARNATAKA
06,09,11,2024,1418,UTTAR PRADESH,HARYANA
38,09,11,2024,1,UTTAR PRADESH,Dadar & Nagar Haveli & Daman & Diu
23,10,11,2024,184,BIHAR,MADHYA PRADESH
24,10,11,2024,127,BIHAR,GUJARAT
28,10,11,2024,16,BIHAR,ANDHRA PRADESH
36,10,11,2024,40,BIHAR,TELANGANA
19,11,11,2024,1,SIKKIM,WEST BENGAL
10,19,11,2024,4495,WEST BENGAL,BIHAR
23,19,11,2024,7,WEST BENGAL,MADHYA PRADESH
29,19,11,2024,2,WEST BENGAL,KARNATAKA
09,20,11,2024,61,JHARKHAND,UTTAR PRADESH
28,20,11,2024,1,JHARKHAND,ANDHRA PRADESH
20,22,11,2024,54,CHHATTISGARH,JHARKHAND
27,22,11,2024,15,CHHATTISGARH,MAHARASHTRA
28,23,11,2024,1,MADHYA PRADESH,ANDHRA PRADESH
07,24,11,2024,68,GUJARAT,DELHI
09,24,11,2024,6339,GUJARAT,UTTAR PRADESH
10,24,11,2024,5084,GUJARAT,BIHAR
18,24,11,2024,5,GUJARAT,ASSAM
23,24,11,2024,4759,GUJARAT,MADHYA PRADESH
28,24,11,2024,2,GUJARAT,ANDHRA PRADESH
05,27,11,2024,51,MAHARASHTRA,UTTARAKHAND
09,27,11,2024,35282,MAHARASHTRA,UTTAR PRADESH
23,27,11,2024,1218,MAHARASHTRA,MADHYA PRADESH
33,27,11,2024,257,MAHARASHTRA,TAMIL NADU
36,27,11,2024,23,MAHARASHTRA,TELANGANA
06,30,11,2024,7,GOA,HARYANA
22,30,11,2024,31,GOA,CHHATTISGARH
23,30,11,2024,98,GOA,MADHYA PRADESH
22,32,11,2024,8,KERALA,CHHATTISGARH
29,33,11,2024,2,TAMIL NADU,KARNATAKA
19,35,11,2024,9,ANDAMAN AND NICOBAR ISLANDS,WEST BENGAL
32,35,11,2024,2,ANDAMAN AND NICOBAR ISLANDS,KERALA
33,35,11,2024,9,ANDAMAN AND NICOBAR ISLANDS,TAMIL NADU
05,36,11,2024,3,TELANGANA,UTTARAKHAND
10,36,11,2024,1242,TELANGANA,BIHAR
22,36,11,2024,103,TELANGANA,CHHATTISGARH
32,36,11,2024,7,TELANGANA,KERALA
05,38,11,2024,8,Dadar & Nagar Haveli & Daman & Diu,UTTARAKHAND
32,38,11,2024,4,Dadar & Nagar Haveli & Daman & Diu,KERALA
06,01,12,2024,28,JAMMU AND KASHMIR,HARYANA
07,01,12,2024,7,JAMMU AND KASHMIR,DELHI
09,01,12,2024,2196,JAMMU AND KASHMIR,UTTAR PRADESH
19,01,12,2024,4,JAMMU AND KASHMIR,WEST BENGAL
07,02,12,2024,33,HIMACHAL PRADESH,DELHI
02,03,12,2024,5,PUNJAB,HIMACHAL PRADESH
10,03,12,2024,3920,PUNJAB,BIHAR
20,03,12,2024,100,PUNJAB,JHARKHAND
05,04,12,2024,4,CHANDIGARH,UTTARAKHAND
09,04,12,2024,11,CHANDIGARH,UTTAR PRADESH
07,05,12,2024,195,UTTARAKHAND,DELHI
09,05,12,2024,14650,UTTARAKHAND,UTTAR PRADESH
10,05,12,2024,3196,UTTARAKHAND,BIHAR
09,06,12,2024,42000,HARYANA,UTTAR PRADESH
19,06,12,2024,191,HARYANA,WEST BENGAL
35,06,12,2024,1,HARYANA,ANDAMAN AND NICOBAR ISLANDS
20,07,12,2024,4882,DELHI,JHARKHAND
24,07,12,2024,248,DELHI,GUJARAT
32,07,12,2024,80,DELHI,KERALA
33,07,12,2024,130,DELHI,TAMIL NADU
36,07,12,2024,8,DELHI,TELANGANA
38,07,12,2024,2,DELHI,Dadar & Nagar Haveli & Daman & Diu
18,08,12,2024,15,RAJASTHAN,ASSAM
23,08,12,2024,2441,RAJASTHAN,MADHYA PRADESH
28,08,12,2024,4,RAJASTHAN,ANDHRA PRADESH
29,08,12,2024,5,RAJASTHAN,KARNATAKA
19,09,12,2024,20,UTTAR PRADESH,WEST BENGAL
32,09,12,2024,3,UTTAR PRADESH,KERALA
06,10,12,2024,1429,BIHAR,HARYANA
18,10,12,2024,187,BIHAR,ASSAM
19,10,12,2024,413,BIHAR,WEST BENGAL
32,10,12,2024,4,BIHAR,KERALA
09,11,12,2024,4,SIKKIM,UTTAR PRADESH
20,11,12,2024,1,SIKKIM,JHARKHAND
23,11,12,2024,1,SIKKIM,MADHYA PRADESH
18,16,12,2024,21,TRIPURA,ASSAM
19,17,12,2024,1,MEGHALAYA,WEST BENGAL
07,19,12,2024,67,WEST BENGAL,DELHI
18,19,12,2024,7,WEST BENGAL,ASSAM
20,19,12,2024,127,WEST BENGAL,JHARKHAND
22,19,12,2024,12,WEST BENGAL,CHHATTISGARH
29,19,12,2024,2,WEST BENGAL,KARNATAKA
22,20,12,2024,28,JHARKHAND,CHHATTISGARH
28,20,12,2024,1,JHARKHAND,ANDHRA PRADESH
32,20,12,2024,1,JHARKHAND,KERALA
10,22,12,2024,408,CHHATTISGARH,BIHAR
19,22,12,2024,4,CHHATTISGARH,WEST BENGAL
28,22,12,2024,2,CHHATTISGARH,ANDHRA PRADESH
09,23,12,2024,4196,MADHYA PRADESH,UTTAR PRADESH
18,23,12,2024,1,MADHYA PRADESH,ASSAM
10,24,12,2024,7397,GUJARAT,BIHAR
19,24,12,2024,22,GUJARAT,WEST BENGAL
29,24,12,2024,7,GUJARAT,KARNATAKA
02,27,12,2024,1,MAHARASHTRA,HIMACHAL PRADESH
08,27,12,2024,775,MAHARASHTRA,RAJASTHAN
18,27,12,2024,55,MAHARASHTRA,ASSAM
23,27,12,2024,1309,MAHARASHTRA,MADHYA PRADESH
32,27,12,2024,23,MAHARASHTRA,KERALA
29,30,12,2024,615,GOA,KARNATAKA
09,32,12,2024,388,KERALA,UTTAR PRADESH
19,32,12,2024,243,KERALA,WEST BENGAL
33,32,12,2024,673,KERALA,TAMIL NADU
07,33,12,2024,2,TAMIL NADU,DELHI
08,33,12,2024,1,TAMIL NADU,RAJASTHAN
05,35,12,2024,1,ANDAMAN AND NICOBAR ISLANDS,UTTARAKHAND
20,35,12,2024,2,ANDAMAN AND NICOBAR ISLANDS,JHARKHAND
18,36,12,2024,23,TELANGANA,ASSAM
19,36,12,2024,14,TELANGANA,WEST BENGAL
28,36,12,2024,3752,TELANGANA,ANDHRA PRADESH
02,38,12,2024,1,Dadar & Nagar Haveli & Daman & Diu,HIMACHAL PRADESH
07,38,12,2024,3,Dadar & Nagar Haveli & Daman & Diu,DELHI
18,38,12,2024,10,Dadar & Nagar Haveli & Daman & Diu,ASSAM
23,38,12,2024,888,Dadar & Nagar Haveli & Daman & Diu,MADHYA PRADESH
08,38,10,2025,35,DADAR & NAGAR HAVELI & DAMAN & DIU,RAJASTHAN
09,38,10,2025,2840,DADAR & NAGAR HAVELI & DAMAN & DIU,UTTAR PRADESH
23,38,10,2025,694,DADAR & NAGAR HAVELI & DAMAN & DIU,MADHYA PRADESH
10,01,11,2025,1873,JAMMU AND KASHMIR,BIHAR
19,01,11,2025,3,JAMMU AND KASHMIR,WEST BENGAL
07,03,11,2025,34,PUNJAB,DELHI
09,03,11,2025,1735,PUNJAB,UTTAR PRADESH
23,03,11,2025,67,PUNJAB,MADHYA PRADESH
08,05,11,2025,15,UTTARAKHAND,RAJASTHAN
20,05,11,2025,13,UTTARAKHAND,JHARKHAND
07,06,11,2025,561,HARYANA,DELHI
13,07,11,2025,3,DELHI,NAGALAND
18,07,11,2025,628,DELHI,ASSAM
20,07,11,2025,2311,DELHI,JHARKHAND
23,07,11,2025,22921,DELHI,MADHYA PRADESH
18,09,11,2025,1,UTTAR PRADESH,ASSAM
19,10,11,2025,179,BIHAR,WEST BENGAL
28,10,11,2025,6,BIHAR,ANDHRA PRADESH
29,10,11,2025,19,BIHAR,KARNATAKA
33,10,11,2025,3,BIHAR,TAMIL NADU
38,10,11,2025,5,BIHAR,DADAR & NAGAR HAVELI & DAMAN & DIU
09,11,11,2025,3,SIKKIM,UTTAR PRADESH
19,11,11,2025,1,SIKKIM,WEST BENGAL
10,17,11,2025,12,MEGHALAYA,BIHAR
16,17,11,2025,1,MEGHALAYA,TRIPURA
20,19,11,2025,146,WEST BENGAL,JHARKHAND
10,20,11,2025,1322,JHARKHAND,BIHAR
21,20,11,2025,2,JHARKHAND,ODISHA
27,20,11,2025,5,JHARKHAND,MAHARASHTRA
07,22,11,2025,5,CHHATTISGARH,DELHI
10,22,11,2025,328,CHHATTISGARH,BIHAR
19,22,11,2025,4,CHHATTISGARH,WEST BENGAL
06,23,11,2025,63,MADHYA PRADESH,HARYANA
07,23,11,2025,123,MADHYA PRADESH,DELHI
09,23,11,2025,2684,MADHYA PRADESH,UTTAR PRADESH
18,23,11,2025,4,MADHYA PRADESH,ASSAM
20,23,11,2025,52,MADHYA PRADESH,JHARKHAND
27,23,11,2025,142,MADHYA PRADESH,MAHARASHTRA
06,24,11,2025,156,GUJARAT,HARYANA
09,24,11,2025,7949,GUJARAT,UTTAR PRADESH
10,24,11,2025,5601,GUJARAT,BIHAR
16,24,11,2025,1,GUJARAT,TRIPURA
20,24,11,2025,144,GUJARAT,JHARKHAND
23,24,11,2025,4453,GUJARAT,MADHYA PRADESH
06,27,11,2025,143,MAHARASHTRA,HARYANA
38,27,11,2025,4,MAHARASHTRA,DADAR & NAGAR HAVELI & DAMAN & DIU
09,28,11,2025,3,ANDHRA PRADESH,UTTAR PRADESH
10,28,11,2025,17,ANDHRA PRADESH,BIHAR
24,28,11,2025,1,ANDHRA PRADESH,GUJARAT
29,28,11,2025,4,ANDHRA PRADESH,KARNATAKA
23,29,11,2025,36,KARNATAKA,MADHYA PRADESH
24,29,11,2025,3,KARNATAKA,GUJARAT
28,29,11,2025,9,KARNATAKA,ANDHRA PRADESH
08,30,11,2025,13,GOA,RAJASTHAN
19,30,11,2025,15,GOA,WEST BENGAL
20,30,11,2025,60,GOA,JHARKHAND
27,30,11,2025,73,GOA,MAHARASHTRA
06,32,11,2025,8,KERALA,HARYANA
30,32,11,2025,1,KERALA,GOA
07,33,11,2025,1,TAMIL NADU,DELHI
07,36,11,2025,16,TELANGANA,DELHI
09,36,11,2025,179,TELANGANA,UTTAR PRADESH
16,36,11,2025,2,TELANGANA,TRIPURA
21,36,11,2025,19,TELANGANA,ODISHA
28,36,11,2025,2502,TELANGANA,ANDHRA PRADESH
29,36,11,2025,337,TELANGANA,KARNATAKA
18,38,11,2025,24,DADAR & NAGAR HAVELI & DAMAN & DIU,ASSAM
19,38,11,2025,22,DADAR & NAGAR HAVELI & DAMAN & DIU,WEST BENGAL
22,38,11,2025,1,DADAR & NAGAR HAVELI & DAMAN & DIU,CHHATTISGARH
10,01,12,2025,721,JAMMU AND KASHMIR,BIHAR
18,01,12,2025,1,JAMMU AND KASHMIR,ASSAM
21,01,12,2025,1,JAMMU AND KASHMIR,ODISHA
09,02,12,2025,3127,HIMACHAL PRADESH,UTTAR PRADESH
10,02,12,2025,1490,HIMACHAL PRADESH,BIHAR
07,03,12,2025,10,PUNJAB,DELHI
20,03,12,2025,4,PUNJAB,JHARKHAND
05,04,12,2025,6,CHANDIGARH,UTTARAKHAND
08,05,12,2025,3,UTTARAKHAND,RAJASTHAN
20,05,12,2025,4,UTTARAKHAND,JHARKHAND
05,06,12,2025,130,HARYANA,UTTARAKHAND
18,06,12,2025,23,HARYANA,ASSAM
20,06,12,2025,183,HARYANA,JHARKHAND
06,07,12,2025,4304,DELHI,HARYANA
08,07,12,2025,2720,DELHI,RAJASTHAN
09,07,12,2025,188609,DELHI,UTTAR PRADESH
10,07,12,2025,240088,DELHI,BIHAR
16,07,12,2025,5,DELHI,TRIPURA
37,07,12,2025,1,DELHI,LADAKH
38,07,12,2025,1,DELHI,DADAR & NAGAR HAVELI & DAMAN & DIU
20,08,12,2025,96,RAJASTHAN,JHARKHAND
27,08,12,2025,17,RAJASTHAN,MAHARASHTRA
28,08,12,2025,1,RAJASTHAN,ANDHRA PRADESH
08,09,12,2025,43,UTTAR PRADESH,RAJASTHAN
21,09,12,2025,2,UTTAR PRADESH,ODISHA
18,10,12,2025,85,BIHAR,ASSAM
19,10,12,2025,109,BIHAR,WEST BENGAL
10,16,12,2025,226,TRIPURA,BIHAR
18,16,12,2025,12,TRIPURA,ASSAM
08,19,12,2025,1,WEST BENGAL,RAJASTHAN
23,19,12,2025,8,WEST BENGAL,MADHYA PRADESH
08,20,12,2025,1,JHARKHAND,RAJASTHAN
06,23,12,2025,32,MADHYA PRADESH,HARYANA
19,24,12,2025,1,GUJARAT,WEST BENGAL
08,27,12,2025,381,MAHARASHTRA,RAJASTHAN
22,27,12,2025,3,MAHARASHTRA,CHHATTISGARH
29,27,12,2025,128,MAHARASHTRA,KARNATAKA
18,28,12,2025,1,ANDHRA PRADESH,ASSAM
09,32,12,2025,160,KERALA,UTTAR PRADESH
22,32,12,2025,1,KERALA,CHHATTISGARH
29,32,12,2025,46,KERALA,KARNATAKA
05,36,12,2025,6,TELANGANA,UTTARAKHAND
08,36,12,2025,66,TELANGANA,RAJASTHAN
09,36,12,2025,448,TELANGANA,UTTAR PRADESH
21,36,12,2025,22,TELANGANA,ODISHA
23,36,12,2025,372,TELANGANA,MADHYA PRADESH
06,38,12,2025,1,DADAR & NAGAR HAVELI & DAMAN & DIU,HARYANA
05,01,1,2026,24,JAMMU AND KASHMIR,UTTARAKHAND
08,01,1,2026,5,JAMMU AND KASHMIR,RAJASTHAN
07,02,1,2026,27,HIMACHAL PRADESH,DELHI
20,02,1,2026,130,HIMACHAL PRADESH,JHARKHAND
08,03,1,2026,3,PUNJAB,RAJASTHAN
18,03,1,2026,3,PUNJAB,ASSAM
20,03,1,2026,50,PUNJAB,JHARKHAND
07,05,1,2026,120,UTTARAKHAND,DELHI
10,05,1,2026,4259,UTTARAKHAND,BIHAR
23,05,1,2026,84,UTTARAKHAND,MADHYA PRADESH
05,06,1,2026,463,HARYANA,UTTARAKHAND
09,06,1,2026,41781,HARYANA,UTTAR PRADESH
20,06,1,2026,411,HARYANA,JHARKHAND
24,06,1,2026,14,HARYANA,GUJARAT
09,07,1,2026,247910,DELHI,UTTAR PRADESH
10,07,1,2026,284994,DELHI,BIHAR
33,07,1,2026,60,DELHI,TAMIL NADU
37,07,1,2026,4,DELHI,LADAKH
10,08,1,2026,9521,RAJASTHAN,BIHAR
19,08,1,2026,22,RAJASTHAN,WEST BENGAL
29,08,1,2026,3,RAJASTHAN,KARNATAKA
19,09,1,2026,7,UTTAR PRADESH,WEST BENGAL
27,09,1,2026,1034,UTTAR PRADESH,MAHARASHTRA
33,09,1,2026,2,UTTAR PRADESH,TAMIL NADU
02,10,1,2026,1,BIHAR,HIMACHAL PRADESH
24,10,1,2026,47,BIHAR,GUJARAT
28,10,1,2026,2,BIHAR,ANDHRA PRADESH
05,19,1,2026,1,WEST BENGAL,UTTARAKHAND
08,19,1,2026,3,WEST BENGAL,RAJASTHAN
16,19,1,2026,2,WEST BENGAL,TRIPURA
20,19,1,2026,257,WEST BENGAL,JHARKHAND
33,19,1,2026,2,WEST BENGAL,TAMIL NADU
06,20,1,2026,11,JHARKHAND,HARYANA
05,23,1,2026,22,MADHYA PRADESH,UTTARAKHAND
24,23,1,2026,19,MADHYA PRADESH,GUJARAT
20,24,1,2026,263,GUJARAT,JHARKHAND
05,27,1,2026,130,MAHARASHTRA,UTTARAKHAND
06,27,1,2026,263,MAHARASHTRA,HARYANA
09,27,1,2026,57822,MAHARASHTRA,UTTAR PRADESH
18,27,1,2026,96,MAHARASHTRA,ASSAM
38,27,1,2026,3,MAHARASHTRA,DADAR & NAGAR HAVELI & DAMAN & DIU
20,28,1,2026,12,ANDHRA PRADESH,JHARKHAND
09,29,1,2026,77,KARNATAKA,UTTAR PRADESH
24,30,1,2026,2,GOA,GUJARAT
28,30,1,2026,4,GOA,ANDHRA PRADESH
08,32,1,2026,19,KERALA,RAJASTHAN
18,32,1,2026,724,KERALA,ASSAM
28,32,1,2026,21,KERALA,ANDHRA PRADESH
09,33,1,2026,2,TAMIL NADU,UTTAR PRADESH
10,33,1,2026,46,TAMIL NADU,BIHAR
10,36,1,2026,5697,TELANGANA,BIHAR
16,36,1,2026,1,TELANGANA,TRIPURA
18,36,1,2026,65,TELANGANA,ASSAM
07,38,1,2026,6,DADAR & NAGAR HAVELI & DAMAN & DIU,DELHI
10,38,1,2026,5866,DADAR & NAGAR HAVELI & DAMAN & DIU,BIHAR
20,38,1,2026,248,DADAR & NAGAR HAVELI & DAMAN & DIU,JHARKHAND
29,38,1,2026,4,DADAR & NAGAR HAVELI & DAMAN & DIU,KARNATAKA
07,01,2,2026,7,JAMMU AND KASHMIR,DELHI
18,01,2,2026,5,JAMMU AND KASHMIR,ASSAM
27,01,2,2026,3,JAMMU AND KASHMIR,MAHARASHTRA
08,02,2,2026,38,HIMACHAL PRADESH,RAJASTHAN
18,02,2,2026,1,HIMACHAL PRADESH,ASSAM
21,02,2,2026,2,HIMACHAL PRADESH,ODISHA
18,03,2,2026,1,PUNJAB,ASSAM
08,05,2,2026,15,UTTARAKHAND,RAJASTHAN
09,05,2,2026,15146,UTTARAKHAND,UTTAR PRADESH
19,05,2,2026,4,UTTARAKHAND,WEST BENGAL
08,06,2,2026,1475,HARYANA,RAJASTHAN
10,06,2,2026,39624,HARYANA,BIHAR
19,06,2,2026,102,HARYANA,WEST BENGAL
05,07,2,2026,8490,DELHI,UTTARAKHAND
08,07,2,2026,3399,DELHI,RAJASTHAN
13,07,2,2026,3,DELHI,NAGALAND
16,07,2,2026,10,DELHI,TRIPURA
20,07,2,2026,4098,DELHI,JHARKHAND
21,07,2,2026,277,DELHI,ODISHA
28,07,2,2026,24,DELHI,ANDHRA PRADESH
05,08,2,2026,51,RAJASTHAN,UTTARAKHAND
09,08,2,2026,15566,RAJASTHAN,UTTAR PRADESH
27,08,2,2026,40,RAJASTHAN,MAHARASHTRA
28,08,2,2026,1,RAJASTHAN,ANDHRA PRADESH
05,09,2,2026,120,UTTAR PRADESH,UTTARAKHAND
06,09,2,2026,457,UTTAR PRADESH,HARYANA
08,09,2,2026,49,UTTAR PRADESH,RAJASTHAN
18,09,2,2026,2,UTTAR PRADESH,ASSAM
21,09,2,2026,2,UTTAR PRADESH,ODISHA
30,09,2,2026,1,UTTAR PRADESH,GOA
07,10,2,2026,2936,BIHAR,DELHI
09,10,2,2026,3025,BIHAR,UTTAR PRADESH
22,10,2,2026,15,BIHAR,CHHATTISGARH
24,10,2,2026,49,BIHAR,GUJARAT
09,16,2,2026,2,TRIPURA,UTTAR PRADESH
19,16,2,2026,1,TRIPURA,WEST BENGAL
08,19,2,2026,2,WEST BENGAL,RAJASTHAN
09,19,2,2026,387,WEST BENGAL,UTTAR PRADESH
18,19,2,2026,10,WEST BENGAL,ASSAM
20,19,2,2026,249,WEST BENGAL,JHARKHAND
38,19,2,2026,1,WEST BENGAL,DADAR & NAGAR HAVELI & DAMAN & DIU
08,20,2,2026,2,JHARKHAND,RAJASTHAN
18,20,2,2026,1,JHARKHAND,ASSAM
19,20,2,2026,3,JHARKHAND,WEST BENGAL
29,20,2,2026,1,JHARKHAND,KARNATAKA
08,23,2,2026,380,MADHYA PRADESH,RAJASTHAN
19,23,2,2026,3,MADHYA PRADESH,WEST BENGAL
21,23,2,2026,4,MADHYA PRADESH,ODISHA
24,23,2,2026,21,MADHYA PRADESH,GUJARAT
09,24,2,2026,13741,GUJARAT,UTTAR PRADESH
21,24,2,2026,49,GUJARAT,ODISHA
33,24,2,2026,9,GUJARAT,TAMIL NADU
07,27,2,2026,101,MAHARASHTRA,DELHI
08,27,2,2026,801,MAHARASHTRA,RAJASTHAN
30,27,2,2026,2,MAHARASHTRA,GOA
06,28,2,2026,1,ANDHRA PRADESH,HARYANA
10,28,2,2026,37,ANDHRA PRADESH,BIHAR
23,28,2,2026,77,ANDHRA PRADESH,MADHYA PRADESH
07,29,2,2026,2,KARNATAKA,DELHI
20,29,2,2026,14,KARNATAKA,JHARKHAND
21,29,2,2026,2,KARNATAKA,ODISHA
32,29,2,2026,1,KARNATAKA,KERALA
07,30,2,2026,5,GOA,DELHI
06,32,2,2026,9,KERALA,HARYANA
29,32,2,2026,332,KERALA,KARNATAKA
20,33,2,2026,2,TAMIL NADU,JHARKHAND
20,36,2,2026,93,TELANGANA,JHARKHAND
06,38,2,2026,9,DADAR & NAGAR HAVELI & DAMAN & DIU,HARYANA
07,38,2,2026,6,DADAR & NAGAR HAVELI & DAMAN & DIU,DELHI
10,38,2,2026,5732,DADAR & NAGAR HAVELI & DAMAN & DIU,BIHAR
20,38,2,2026,240,DADAR & NAGAR HAVELI & DAMAN & DIU,JHARKHAND
21,38,2,2026,19,DADAR & NAGAR HAVELI & DAMAN & DIU,ODISHA
23,38,2,2026,874,DADAR & NAGAR HAVELI & DAMAN & DIU,MADHYA PRADESH
27,38,2,2026,542,DADAR & NAGAR HAVELI & DAMAN & DIU,MAHARASHTRA
32,38,2,2026,1,DADAR & NAGAR HAVELI & DAMAN & DIU,KERALA
07,01,3,2026,19,JAMMU AND KASHMIR,DELHI
13,01,3,2026,1,JAMMU AND KASHMIR,NAGALAND
05,02,3,2026,31,HIMACHAL PRADESH,UTTARAKHAND
05,03,3,2026,17,PUNJAB,UTTARAKHAND
10,03,3,2026,4040,PUNJAB,BIHAR
18,03,3,2026,3,PUNJAB,ASSAM
10,04,3,2026,24,CHANDIGARH,BIHAR
20,05,3,2026,14,UTTARAKHAND,JHARKHAND
08,06,3,2026,1460,HARYANA,RAJASTHAN
09,06,3,2026,40611,HARYANA,UTTAR PRADESH
28,06,3,2026,1,HARYANA,ANDHRA PRADESH
02,07,3,2026,54,DELHI,HIMACHAL PRADESH
05,07,3,2026,7071,DELHI,UTTARAKHAND
10,07,3,2026,299258,DELHI,BIHAR
24,07,3,2026,154,DELHI,GUJARAT
28,07,3,2026,35,DELHI,ANDHRA PRADESH
32,07,3,2026,6,DELHI,KERALA
10,08,3,2026,8449,RAJASTHAN,BIHAR
24,08,3,2026,62,RAJASTHAN,GUJARAT
13,09,3,2026,3,UTTAR PRADESH,NAGALAND
20,09,3,2026,131,UTTAR PRADESH,JHARKHAND
23,09,3,2026,561,UTTAR PRADESH,MADHYA PRADESH
24,09,3,2026,64,UTTAR PRADESH,GUJARAT
38,09,3,2026,1,UTTAR PRADESH,DADAR & NAGAR HAVELI & DAMAN & DIU
18,10,3,2026,283,BIHAR,ASSAM
10,11,3,2026,12,SIKKIM,BIHAR
18,16,3,2026,20,TRIPURA,ASSAM
07,18,3,2026,1,ASSAM,DELHI
10,18,3,2026,119,ASSAM,BIHAR
20,19,3,2026,262,WEST BENGAL,JHARKHAND
24,19,3,2026,1,WEST BENGAL,GUJARAT
23,20,3,2026,6,JHARKHAND,MADHYA PRADESH
28,20,3,2026,1,JHARKHAND,ANDHRA PRADESH
07,23,3,2026,151,MADHYA PRADESH,DELHI
10,23,3,2026,2064,MADHYA PRADESH,BIHAR
06,24,3,2026,92,GUJARAT,HARYANA
10,24,3,2026,7149,GUJARAT,BIHAR
20,24,3,2026,247,GUJARAT,JHARKHAND
28,24,3,2026,1,GUJARAT,ANDHRA PRADESH
08,27,3,2026,808,MAHARASHTRA,RAJASTHAN
10,27,3,2026,36820,MAHARASHTRA,BIHAR
19,27,3,2026,117,MAHARASHTRA,WEST BENGAL
20,27,3,2026,2024,MAHARASHTRA,JHARKHAND
23,27,3,2026,1669,MAHARASHTRA,MADHYA PRADESH
24,27,3,2026,296,MAHARASHTRA,GUJARAT
30,27,3,2026,2,MAHARASHTRA,GOA
20,29,3,2026,11,KARNATAKA,JHARKHAND
23,29,3,2026,8,KARNATAKA,MADHYA PRADESH
06,30,3,2026,3,GOA,HARYANA
18,30,3,2026,35,GOA,ASSAM
23,30,3,2026,119,GOA,MADHYA PRADESH
08,32,3,2026,20,KERALA,RAJASTHAN
09,32,3,2026,448,KERALA,UTTAR PRADESH
08,38,3,2026,58,DADAR & NAGAR HAVELI & DAMAN & DIU,RAJASTHAN
32,38,3,2026,1,DADAR & NAGAR HAVELI & DAMAN & DIU,KERALA
06,01,4,2026,1,JAMMU AND KASHMIR,HARYANA
37,01,4,2026,1,JAMMU AND KASHMIR,LADAKH
20,02,4,2026,18,HIMACHAL PRADESH,JHARKHAND
07,05,4,2026,71,UTTARAKHAND,DELHI
18,05,4,2026,3,UTTARAKHAND,ASSAM
05,06,4,2026,201,HARYANA,UTTARAKHAND
08,06,4,2026,964,HARYANA,RAJASTHAN
10,06,4,2026,19758,HARYANA,BIHAR
19,06,4,2026,30,HARYANA,WEST BENGAL
27,06,4,2026,12,HARYANA,MAHARASHTRA
29,06,4,2026,3,HARYANA,KARNATAKA
02,07,4,2026,25,DELHI,HIMACHAL PRADESH
09,07,4,2026,98904,DELHI,UTTAR PRADESH
20,07,4,2026,2032,DELHI,JHARKHAND
06,08,4,2026,289,RAJASTHAN,HARYANA
07,08,4,2026,164,RAJASTHAN,DELHI
19,08,4,2026,15,RAJASTHAN,WEST BENGAL
20,08,4,2026,75,RAJASTHAN,JHARKHAND
21,08,4,2026,6,RAJASTHAN,ODISHA
23,08,4,2026,1354,RAJASTHAN,MADHYA PRADESH
24,08,4,2026,34,RAJASTHAN,GUJARAT
19,09,4,2026,11,UTTAR PRADESH,WEST BENGAL
21,09,4,2026,7,UTTAR PRADESH,ODISHA
23,09,4,2026,365,UTTAR PRADESH,MADHYA PRADESH
06,10,4,2026,809,BIHAR,HARYANA
29,10,4,2026,28,BIHAR,KARNATAKA
38,10,4,2026,1,BIHAR,DADAR & NAGAR HAVELI & DAMAN & DIU
18,16,4,2026,6,TRIPURA,ASSAM
10,18,4,2026,112,ASSAM,BIHAR
08,19,4,2026,1,WEST BENGAL,RAJASTHAN
08,20,4,2026,2,JHARKHAND,RAJASTHAN
18,20,4,2026,1,JHARKHAND,ASSAM
24,20,4,2026,1,JHARKHAND,GUJARAT
06,23,4,2026,25,MADHYA PRADESH,HARYANA
10,23,4,2026,1071,MADHYA PRADESH,BIHAR
27,23,4,2026,39,MADHYA PRADESH,MAHARASHTRA
05,24,4,2026,24,GUJARAT,UTTARAKHAND
16,24,4,2026,1,GUJARAT,TRIPURA
05,27,4,2026,34,MAHARASHTRA,UTTARAKHAND
33,27,4,2026,34,MAHARASHTRA,TAMIL NADU
23,28,4,2026,1,ANDHRA PRADESH,MADHYA PRADESH
27,28,4,2026,2,ANDHRA PRADESH,MAHARASHTRA
05,29,4,2026,1,KARNATAKA,UTTARAKHAND
10,29,4,2026,18,KARNATAKA,BIHAR
23,30,4,2026,43,GOA,MADHYA PRADESH
28,30,4,2026,2,GOA,ANDHRA PRADESH
18,32,4,2026,98,KERALA,ASSAM
20,32,4,2026,205,KERALA,JHARKHAND
21,32,4,2026,4,KERALA,ODISHA
06,36,4,2026,16,TELANGANA,HARYANA
08,36,4,2026,27,TELANGANA,RAJASTHAN
18,36,4,2026,18,TELANGANA,ASSAM
06,37,4,2026,1,LADAKH,HARYANA
05,38,4,2026,1,DADAR & NAGAR HAVELI & DAMAN & DIU,UTTARAKHAND
10,38,4,2026,959,DADAR & NAGAR HAVELI & DAMAN & DIU,BIHAR
18,38,4,2026,2,DADAR & NAGAR HAVELI & DAMAN & DIU,ASSAM
23,38,4,2026,136,DADAR & NAGAR HAVELI & DAMAN & DIU,MADHYA PRADESH
10,32,10,2023,634,KERALA,BIHAR
18,32,10,2023,536,KERALA,ASSAM
21,32,10,2023,12,KERALA,ODISHA
22,32,10,2023,10,KERALA,CHHATTISGARH
23,32,10,2023,246,KERALA,MADHYA PRADESH
06,33,10,2023,1,TAMIL NADU,HARYANA
32,33,10,2023,9,TAMIL NADU,KERALA
09,35,10,2023,1,ANDAMAN AND NICOBAR ISLANDS,UTTAR PRADESH
10,35,10,2023,5,ANDAMAN AND NICOBAR ISLANDS,BIHAR
33,35,10,2023,45,ANDAMAN AND NICOBAR ISLANDS,TAMIL NADU
16,36,10,2023,1,TELANGANA,TRIPURA
24,36,10,2023,6,TELANGANA,GUJARAT
33,36,10,2023,10,TELANGANA,TAMIL NADU
05,37,10,2023,2,LADAKH,UTTARAKHAND
09,37,10,2023,1,LADAKH,UTTAR PRADESH
18,37,10,2023,1,LADAKH,ASSAM
27,37,10,2023,1,LADAKH,MAHARASHTRA
05,01,11,2023,9,JAMMU AND KASHMIR,UTTARAKHAND
18,01,11,2023,3,JAMMU AND KASHMIR,ASSAM
22,01,11,2023,342,JAMMU AND KASHMIR,CHHATTISGARH
24,01,11,2023,1,JAMMU AND KASHMIR,GUJARAT
27,01,11,2023,1,JAMMU AND KASHMIR,MAHARASHTRA
08,02,11,2023,2,HIMACHAL PRADESH,RAJASTHAN
23,02,11,2023,89,HIMACHAL PRADESH,MADHYA PRADESH
10,05,11,2023,1433,UTTARAKHAND,BIHAR
22,05,11,2023,13,UTTARAKHAND,CHHATTISGARH
23,05,11,2023,39,UTTARAKHAND,MADHYA PRADESH
02,06,11,2023,2,HARYANA,HIMACHAL PRADESH
18,06,11,2023,20,HARYANA,ASSAM
20,06,11,2023,79,HARYANA,JHARKHAND
29,06,11,2023,1,HARYANA,KARNATAKA
05,07,11,2023,4214,DELHI,UTTARAKHAND
06,07,11,2023,3938,DELHI,HARYANA
16,07,11,2023,3,DELHI,TRIPURA
19,07,11,2023,1534,DELHI,WEST BENGAL
24,07,11,2023,123,DELHI,GUJARAT
33,07,11,2023,277,DELHI,TAMIL NADU
10,08,11,2023,2805,RAJASTHAN,BIHAR
06,09,11,2023,19,UTTAR PRADESH,HARYANA
19,09,11,2023,1,UTTAR PRADESH,WEST BENGAL
27,09,11,2023,56,UTTAR PRADESH,MAHARASHTRA
01,10,11,2023,6,BIHAR,JAMMU AND KASHMIR
05,10,11,2023,26,BIHAR,UTTARAKHAND
21,10,11,2023,25,BIHAR,ODISHA
22,10,11,2023,109,BIHAR,CHHATTISGARH
29,10,11,2023,23,BIHAR,KARNATAKA
32,10,11,2023,2,BIHAR,KERALA
09,11,11,2023,1,SIKKIM,UTTAR PRADESH
10,11,11,2023,65,SIKKIM,BIHAR
23,11,11,2023,1,SIKKIM,MADHYA PRADESH
09,18,11,2023,1,ASSAM,UTTAR PRADESH
07,19,11,2023,27,WEST BENGAL,DELHI
10,19,11,2023,1273,WEST BENGAL,BIHAR
07,20,11,2023,30,JHARKHAND,DELHI
08,20,11,2023,1,JHARKHAND,RAJASTHAN
18,20,11,2023,1,JHARKHAND,ASSAM
27,20,11,2023,13,JHARKHAND,MAHARASHTRA
06,22,11,2023,11,CHHATTISGARH,HARYANA
08,22,11,2023,18,CHHATTISGARH,RAJASTHAN
27,22,11,2023,7,CHHATTISGARH,MAHARASHTRA
05,23,11,2023,2,MADHYA PRADESH,UTTARAKHAND
16,23,11,2023,1,MADHYA PRADESH,TRIPURA
22,23,11,2023,179,MADHYA PRADESH,CHHATTISGARH
28,23,11,2023,1,MADHYA PRADESH,ANDHRA PRADESH
09,24,11,2023,5470,GUJARAT,UTTAR PRADESH
18,24,11,2023,15,GUJARAT,ASSAM
19,24,11,2023,11,GUJARAT,WEST BENGAL
22,24,11,2023,217,GUJARAT,CHHATTISGARH
28,24,11,2023,2,GUJARAT,ANDHRA PRADESH
29,24,11,2023,8,GUJARAT,KARNATAKA
01,27,11,2023,11,MAHARASHTRA,JAMMU AND KASHMIR
06,27,11,2023,147,MAHARASHTRA,HARYANA
19,27,11,2023,168,MAHARASHTRA,WEST BENGAL
33,29,11,2023,14,KARNATAKA,TAMIL NADU
10,30,11,2023,266,GOA,BIHAR
22,30,11,2023,11,GOA,CHHATTISGARH
10,32,11,2023,459,KERALA,BIHAR
22,32,11,2023,7,KERALA,CHHATTISGARH
27,32,11,2023,59,KERALA,MAHARASHTRA
33,32,11,2023,139,KERALA,TAMIL NADU
10,33,11,2023,179,TAMIL NADU,BIHAR
01,36,11,2023,3,TELANGANA,JAMMU AND KASHMIR
16,36,11,2023,1,TELANGANA,TRIPURA
01,37,11,2023,2,LADAKH,JAMMU AND KASHMIR
08,37,11,2023,1,LADAKH,RAJASTHAN
09,38,11,2023,675,Dadar & Nagar Haveli & Daman & Diu,UTTAR PRADESH
10,38,11,2023,1311,Dadar & Nagar Haveli & Daman & Diu,BIHAR
20,38,11,2023,52,Dadar & Nagar Haveli & Daman & Diu,JHARKHAND
07,01,12,2023,4,JAMMU AND KASHMIR,DELHI
19,01,12,2023,6,JAMMU AND KASHMIR,WEST BENGAL
23,01,12,2023,917,JAMMU AND KASHMIR,MADHYA PRADESH
24,01,12,2023,1,JAMMU AND KASHMIR,GUJARAT
08,02,12,2023,2,HIMACHAL PRADESH,RAJASTHAN
20,02,12,2023,37,HIMACHAL PRADESH,JHARKHAND
10,03,12,2023,992,PUNJAB,BIHAR
19,03,12,2023,3,PUNJAB,WEST BENGAL
20,03,12,2023,10,PUNJAB,JHARKHAND
19,05,12,2023,2,UTTARAKHAND,WEST BENGAL
21,06,12,2023,13,HARYANA,ODISHA
16,07,12,2023,5,DELHI,TRIPURA
19,07,12,2023,1647,DELHI,WEST BENGAL
27,07,12,2023,167,DELHI,MAHARASHTRA
29,07,12,2023,10,DELHI,KARNATAKA
32,07,12,2023,46,DELHI,KERALA
06,08,12,2023,1206,RAJASTHAN,HARYANA
09,08,12,2023,6887,RAJASTHAN,UTTAR PRADESH
10,08,12,2023,3448,RAJASTHAN,BIHAR
22,08,12,2023,76,RAJASTHAN,CHHATTISGARH
27,08,12,2023,17,RAJASTHAN,MAHARASHTRA
10,09,12,2023,258,UTTAR PRADESH,BIHAR
24,09,12,2023,2,UTTAR PRADESH,GUJARAT
01,10,12,2023,8,BIHAR,JAMMU AND KASHMIR
06,10,12,2023,1270,BIHAR,HARYANA
07,10,12,2023,2055,BIHAR,DELHI
16,10,12,2023,1,BIHAR,TRIPURA
20,10,12,2023,1001,BIHAR,JHARKHAND
27,10,12,2023,304,BIHAR,MAHARASHTRA
33,10,12,2023,4,BIHAR,TAMIL NADU
22,11,12,2023,1,SIKKIM,CHHATTISGARH
06,13,12,2023,4,NAGALAND,HARYANA
18,13,12,2023,13,NAGALAND,ASSAM
23,16,12,2023,1,TRIPURA,MADHYA PRADESH
07,19,12,2023,33,WEST BENGAL,DELHI
21,19,12,2023,3,WEST BENGAL,ODISHA
10,20,12,2023,1358,JHARKHAND,BIHAR
08,22,12,2023,1,CHHATTISGARH,RAJASTHAN
19,22,12,2023,1,CHHATTISGARH,WEST BENGAL
23,22,12,2023,121,CHHATTISGARH,MADHYA PRADESH
19,23,12,2023,1,MADHYA PRADESH,WEST BENGAL
10,24,12,2023,2615,GUJARAT,BIHAR
16,24,12,2023,1,GUJARAT,TRIPURA
21,24,12,2023,35,GUJARAT,ODISHA
23,24,12,2023,3154,GUJARAT,MADHYA PRADESH
29,24,12,2023,6,GUJARAT,KARNATAKA
33,24,12,2023,4,GUJARAT,TAMIL NADU
02,27,12,2023,2,MAHARASHTRA,HIMACHAL PRADESH
05,27,12,2023,42,MAHARASHTRA,UTTARAKHAND
08,27,12,2023,228,MAHARASHTRA,RAJASTHAN
09,27,12,2023,22546,MAHARASHTRA,UTTAR PRADESH
10,27,12,2023,14758,MAHARASHTRA,BIHAR
29,27,12,2023,220,MAHARASHTRA,KARNATAKA
23,29,12,2023,29,KARNATAKA,MADHYA PRADESH
32,29,12,2023,9,KARNATAKA,KERALA
10,30,12,2023,310,GOA,BIHAR
18,30,12,2023,29,GOA,ASSAM
23,30,12,2023,47,GOA,MADHYA PRADESH
29,30,12,2023,248,GOA,KARNATAKA
07,32,12,2023,13,KERALA,DELHI
18,32,12,2023,136,KERALA,ASSAM
19,32,12,2023,91,KERALA,WEST BENGAL
24,32,12,2023,3,KERALA,GUJARAT
10,33,12,2023,241,TAMIL NADU,BIHAR
28,33,12,2023,6,TAMIL NADU,ANDHRA PRADESH
33,35,12,2023,33,ANDAMAN AND NICOBAR ISLANDS,TAMIL NADU
01,36,12,2023,3,TELANGANA,JAMMU AND KASHMIR
10,36,12,2023,553,TELANGANA,BIHAR
24,36,12,2023,5,TELANGANA,GUJARAT
29,36,12,2023,467,TELANGANA,KARNATAKA
01,37,12,2023,1,LADAKH,JAMMU AND KASHMIR
18,37,12,2023,1,LADAKH,ASSAM
10,38,12,2023,2976,Dadar & Nagar Haveli & Daman & Diu,BIHAR
18,38,12,2023,10,Dadar & Nagar Haveli & Daman & Diu,ASSAM
20,38,12,2023,125,Dadar & Nagar Haveli & Daman & Diu,JHARKHAND
09,01,1,2024,960,JAMMU AND KASHMIR,UTTAR PRADESH
10,01,1,2024,754,JAMMU AND KASHMIR,BIHAR
08,02,1,2024,1,HIMACHAL PRADESH,RAJASTHAN
09,03,1,2024,82,PUNJAB,UTTAR PRADESH
19,03,1,2024,1,PUNJAB,WEST BENGAL
18,05,1,2024,1,UTTARAKHAND,ASSAM
19,05,1,2024,3,UTTARAKHAND,WEST BENGAL
24,05,1,2024,1,UTTARAKHAND,GUJARAT
07,06,1,2024,361,HARYANA,DELHI
09,06,1,2024,18061,HARYANA,UTTAR PRADESH
18,06,1,2024,9,HARYANA,ASSAM
01,07,1,2024,379,DELHI,JAMMU AND KASHMIR
02,07,1,2024,68,DELHI,HIMACHAL PRADESH
05,07,1,2024,5185,DELHI,UTTARAKHAND
18,07,1,2024,224,DELHI,ASSAM
02,08,1,2024,1,RAJASTHAN,HIMACHAL PRADESH
18,08,1,2024,3,RAJASTHAN,ASSAM
23,08,1,2024,2275,RAJASTHAN,MADHYA PRADESH
28,08,1,2024,1,RAJASTHAN,ANDHRA PRADESH
06,09,1,2024,33,UTTAR PRADESH,HARYANA
07,09,1,2024,115,UTTAR PRADESH,DELHI
10,09,1,2024,271,UTTAR PRADESH,BIHAR
19,09,1,2024,3,UTTAR PRADESH,WEST BENGAL
22,09,1,2024,55,UTTAR PRADESH,CHHATTISGARH
28,10,1,2024,6,BIHAR,ANDHRA PRADESH
23,11,1,2024,1,SIKKIM,MADHYA PRADESH
18,16,1,2024,10,TRIPURA,ASSAM
10,19,1,2024,2356,WEST BENGAL,BIHAR
27,19,1,2024,3,WEST BENGAL,MAHARASHTRA
20,22,1,2024,17,CHHATTISGARH,JHARKHAND
23,22,1,2024,127,CHHATTISGARH,MADHYA PRADESH
01,23,1,2024,6,MADHYA PRADESH,JAMMU AND KASHMIR
06,23,1,2024,46,MADHYA PRADESH,HARYANA
09,23,1,2024,4767,MADHYA PRADESH,UTTAR PRADESH
28,23,1,2024,2,MADHYA PRADESH,ANDHRA PRADESH
19,24,1,2024,15,GUJARAT,WEST BENGAL
22,24,1,2024,384,GUJARAT,CHHATTISGARH
29,24,1,2024,12,GUJARAT,KARNATAKA
38,24,1,2024,8,GUJARAT,Dadar & Nagar Haveli & Daman & Diu
02,27,1,2024,2,MAHARASHTRA,HIMACHAL PRADESH
05,27,1,2024,45,MAHARASHTRA,UTTARAKHAND
06,27,1,2024,207,MAHARASHTRA,HARYANA
09,27,1,2024,27623,MAHARASHTRA,UTTAR PRADESH
24,27,1,2024,218,MAHARASHTRA,GUJARAT
29,27,1,2024,228,MAHARASHTRA,KARNATAKA
06,29,1,2024,6,KARNATAKA,HARYANA
20,29,1,2024,9,KARNATAKA,JHARKHAND
22,29,1,2024,11,KARNATAKA,CHHATTISGARH
01,30,1,2024,2,GOA,JAMMU AND KASHMIR
08,30,1,2024,7,GOA,RAJASTHAN
09,30,1,2024,438,GOA,UTTAR PRADESH
29,30,8,2022,193,GOA,KARNATAKA
33,30,8,2022,2,GOA,TAMIL NADU
36,30,8,2022,2,GOA,TELANGANA
05,32,8,2022,1,KERALA,UTTARAKHAND
07,32,8,2022,2,KERALA,DELHI
10,32,8,2022,280,KERALA,BIHAR
24,32,8,2022,1,KERALA,GUJARAT
33,32,8,2022,252,KERALA,TAMIL NADU
01,33,8,2022,2,TAMIL NADU,JAMMU AND KASHMIR
07,33,8,2022,3,TAMIL NADU,DELHI
10,33,8,2022,374,TAMIL NADU,BIHAR
10,35,8,2022,13,ANDAMAN AND NICOBAR ISLANDS,BIHAR
22,36,8,2022,14,TELANGANA,CHHATTISGARH
01,37,8,2022,3,LADAKH,JAMMU AND KASHMIR
08,37,8,2022,2,LADAKH,RAJASTHAN
10,37,8,2022,1,LADAKH,BIHAR
09,01,9,2022,1067,JAMMU AND KASHMIR,UTTAR PRADESH
18,01,9,2022,10,JAMMU AND KASHMIR,ASSAM
19,01,9,2022,21,JAMMU AND KASHMIR,WEST BENGAL
01,02,9,2022,2,HIMACHAL PRADESH,JAMMU AND KASHMIR
06,02,9,2022,15,HIMACHAL PRADESH,HARYANA
08,03,9,2022,3,PUNJAB,RAJASTHAN
08,05,9,2022,3,UTTARAKHAND,RAJASTHAN
19,05,9,2022,2,UTTARAKHAND,WEST BENGAL
22,05,9,2022,8,UTTARAKHAND,CHHATTISGARH
02,06,9,2022,4,HARYANA,HIMACHAL PRADESH
08,06,9,2022,639,HARYANA,RAJASTHAN
19,06,9,2022,139,HARYANA,WEST BENGAL
20,06,9,2022,261,HARYANA,JHARKHAND
28,06,9,2022,1,HARYANA,ANDHRA PRADESH
05,07,9,2022,2310,DELHI,UTTARAKHAND
08,07,9,2022,1595,DELHI,RAJASTHAN
18,07,9,2022,28,DELHI,ASSAM
23,08,9,2022,678,RAJASTHAN,MADHYA PRADESH
06,10,9,2022,173,BIHAR,HARYANA
07,10,9,2022,535,BIHAR,DELHI
08,10,9,2022,34,BIHAR,RAJASTHAN
10,11,9,2022,44,SIKKIM,BIHAR
09,16,9,2022,1,TRIPURA,UTTAR PRADESH
19,16,9,2022,4,TRIPURA,WEST BENGAL
10,17,9,2022,5,MEGHALAYA,BIHAR
20,19,9,2022,9,WEST BENGAL,JHARKHAND
09,20,9,2022,4,JHARKHAND,UTTAR PRADESH
21,20,9,2022,3,JHARKHAND,ODISHA
22,21,9,2022,4,ODISHA,CHHATTISGARH
23,21,9,2022,1,ODISHA,MADHYA PRADESH
06,22,9,2022,4,CHHATTISGARH,HARYANA
10,22,9,2022,108,CHHATTISGARH,BIHAR
20,22,9,2022,25,CHHATTISGARH,JHARKHAND
09,23,9,2022,279,MADHYA PRADESH,UTTAR PRADESH
19,23,9,2022,3,MADHYA PRADESH,WEST BENGAL
20,23,9,2022,55,MADHYA PRADESH,JHARKHAND
05,24,9,2022,11,GUJARAT,UTTARAKHAND
22,24,9,2022,45,GUJARAT,CHHATTISGARH
28,24,9,2022,3,GUJARAT,ANDHRA PRADESH
05,27,9,2022,8,MAHARASHTRA,UTTARAKHAND
07,27,9,2022,14,MAHARASHTRA,DELHI
10,27,9,2022,5054,MAHARASHTRA,BIHAR
18,27,9,2022,2,MAHARASHTRA,ASSAM
28,27,9,2022,6,MAHARASHTRA,ANDHRA PRADESH
10,28,9,2022,2,ANDHRA PRADESH,BIHAR
20,28,9,2022,2,ANDHRA PRADESH,JHARKHAND
27,28,9,2022,1,ANDHRA PRADESH,MAHARASHTRA
05,29,9,2022,1,KARNATAKA,UTTARAKHAND
07,29,9,2022,4,KARNATAKA,DELHI
09,29,9,2022,37,KARNATAKA,UTTAR PRADESH
20,29,9,2022,10,KARNATAKA,JHARKHAND
21,29,9,2022,52,KARNATAKA,ODISHA
30,29,9,2022,5,KARNATAKA,GOA
06,30,9,2022,3,GOA,HARYANA
18,30,9,2022,1,GOA,ASSAM
23,30,9,2022,21,GOA,MADHYA PRADESH
27,30,9,2022,25,GOA,MAHARASHTRA
07,32,9,2022,2,KERALA,DELHI
18,32,9,2022,9,KERALA,ASSAM
19,32,9,2022,21,KERALA,WEST BENGAL
23,32,9,2022,106,KERALA,MADHYA PRADESH
30,32,9,2022,2,KERALA,GOA
07,33,9,2022,2,TAMIL NADU,DELHI
10,33,9,2022,429,TAMIL NADU,BIHAR
22,33,9,2022,29,TAMIL NADU,CHHATTISGARH
28,33,9,2022,5,TAMIL NADU,ANDHRA PRADESH
10,35,9,2022,10,ANDAMAN AND NICOBAR ISLANDS,BIHAR
19,35,9,2022,21,ANDAMAN AND NICOBAR ISLANDS,WEST BENGAL
23,36,9,2022,17,TELANGANA,MADHYA PRADESH
28,36,9,2022,159,TELANGANA,ANDHRA PRADESH
10,37,9,2022,3,LADAKH,BIHAR
07,01,10,2022,8,JAMMU AND KASHMIR,DELHI
09,01,10,2022,1245,JAMMU AND KASHMIR,UTTAR PRADESH
07,02,10,2022,8,HIMACHAL PRADESH,DELHI
18,02,10,2022,2,HIMACHAL PRADESH,ASSAM
20,02,10,2022,28,HIMACHAL PRADESH,JHARKHAND
21,02,10,2022,2,HIMACHAL PRADESH,ODISHA
22,02,10,2022,4,HIMACHAL PRADESH,CHHATTISGARH
02,03,10,2022,1,PUNJAB,HIMACHAL PRADESH
06,03,10,2022,6,PUNJAB,HARYANA
07,03,10,2022,1,PUNJAB,DELHI
20,03,10,2022,7,PUNJAB,JHARKHAND
06,05,10,2022,13,UTTARAKHAND,HARYANA
07,05,10,2022,32,UTTARAKHAND,DELHI
23,05,10,2022,22,UTTARAKHAND,MADHYA PRADESH
02,07,10,2022,96,DELHI,HIMACHAL PRADESH
06,07,10,2022,3532,DELHI,HARYANA
22,07,10,2022,143,DELHI,CHHATTISGARH
23,07,10,2022,16883,DELHI,MADHYA PRADESH
27,07,10,2022,158,DELHI,MAHARASHTRA
29,07,10,2022,22,DELHI,KARNATAKA
32,07,10,2022,43,DELHI,KERALA
10,08,10,2022,963,RAJASTHAN,BIHAR
20,08,10,2022,12,RAJASTHAN,JHARKHAND
23,08,10,2022,335,RAJASTHAN,MADHYA PRADESH
33,08,10,2022,1,RAJASTHAN,TAMIL NADU
18,10,10,2022,16,BIHAR,ASSAM
24,10,10,2022,20,BIHAR,GUJARAT
01,19,10,2022,2,WEST BENGAL,JAMMU AND KASHMIR
22,21,10,2022,1,ODISHA,CHHATTISGARH
27,21,10,2022,2,ODISHA,MAHARASHTRA
28,21,10,2022,1,ODISHA,ANDHRA PRADESH
06,23,10,2022,8,MADHYA PRADESH,HARYANA
09,23,10,2022,332,MADHYA PRADESH,UTTAR PRADESH
10,23,10,2022,303,MADHYA PRADESH,BIHAR
22,23,10,2022,43,MADHYA PRADESH,CHHATTISGARH
08,24,10,2022,404,GUJARAT,RAJASTHAN
09,24,10,2022,2860,GUJARAT,UTTAR PRADESH
32,24,10,2022,1,GUJARAT,KERALA
09,27,10,2022,8696,MAHARASHTRA,UTTAR PRADESH
29,27,10,2022,164,MAHARASHTRA,KARNATAKA
30,27,10,2022,1,MAHARASHTRA,GOA
32,27,10,2022,9,MAHARASHTRA,KERALA
08,28,10,2022,1,ANDHRA PRADESH,RAJASTHAN
08,29,10,2022,3,KARNATAKA,RAJASTHAN
23,29,10,2022,8,KARNATAKA,MADHYA PRADESH
24,29,10,2022,2,KARNATAKA,GUJARAT
08,30,10,2022,1,GOA,RAJASTHAN
10,32,10,2022,537,KERALA,BIHAR
23,32,10,2022,112,KERALA,MADHYA PRADESH
23,33,10,2022,18,TAMIL NADU,MADHYA PRADESH
21,34,10,2022,22,PUDUCHERRY,ODISHA
06,36,10,2022,2,TELANGANA,HARYANA
19,36,10,2022,1,TELANGANA,WEST BENGAL
23,36,10,2022,23,TELANGANA,MADHYA PRADESH
28,36,10,2022,184,TELANGANA,ANDHRA PRADESH
19,02,11,2022,2,HIMACHAL PRADESH,WEST BENGAL
06,03,11,2022,8,PUNJAB,HARYANA
05,04,11,2022,2,CHANDIGARH,UTTARAKHAND
21,05,11,2022,3,UTTARAKHAND,ODISHA
09,06,11,2022,31506,HARYANA,UTTAR PRADESH
21,06,11,2022,37,HARYANA,ODISHA
36,06,11,2022,1,HARYANA,TELANGANA
05,07,11,2022,2007,DELHI,UTTARAKHAND
16,07,11,2022,3,DELHI,TRIPURA
22,07,11,2022,366,DELHI,CHHATTISGARH
33,07,11,2022,278,DELHI,TAMIL NADU
18,08,11,2022,2,RAJASTHAN,ASSAM
22,08,11,2022,26,RAJASTHAN,CHHATTISGARH
05,09,11,2022,5,UTTAR PRADESH,UTTARAKHAND
06,09,11,2022,8,UTTAR PRADESH,HARYANA
05,10,11,2022,2,BIHAR,UTTARAKHAND
22,10,11,2022,81,BIHAR,CHHATTISGARH
23,10,11,2022,115,BIHAR,MADHYA PRADESH
36,10,11,2022,1,BIHAR,TELANGANA
09,11,11,2022,2,SIKKIM,UTTAR PRADESH
10,11,11,2022,87,SIKKIM,BIHAR
22,19,11,2022,1,WEST BENGAL,CHHATTISGARH
09,20,11,2022,35,JHARKHAND,UTTAR PRADESH
21,20,11,2022,3,JHARKHAND,ODISHA
22,20,11,2022,13,JHARKHAND,CHHATTISGARH
29,20,11,2022,1,JHARKHAND,KARNATAKA
27,21,11,2022,2,ODISHA,MAHARASHTRA
28,21,11,2022,1,ODISHA,ANDHRA PRADESH
01,23,11,2022,1,MADHYA PRADESH,JAMMU AND KASHMIR
08,23,11,2022,66,MADHYA PRADESH,RAJASTHAN
10,23,11,2022,474,MADHYA PRADESH,BIHAR
06,24,11,2022,27,GUJARAT,HARYANA
08,24,11,2022,309,GUJARAT,RAJASTHAN
16,24,11,2022,1,GUJARAT,TRIPURA
09,27,11,2022,11313,MAHARASHTRA,UTTAR PRADESH
18,27,11,2022,4,MAHARASHTRA,ASSAM
30,27,11,2022,3,MAHARASHTRA,GOA
09,29,11,2022,149,KARNATAKA,UTTAR PRADESH
21,29,11,2022,59,KARNATAKA,ODISHA
33,29,11,2022,83,KARNATAKA,TAMIL NADU
09,30,11,2022,116,GOA,UTTAR PRADESH
27,30,11,2022,32,GOA,MAHARASHTRA
07,32,11,2022,2,KERALA,DELHI
09,32,11,2022,140,KERALA,UTTAR PRADESH
21,32,11,2022,7,KERALA,ODISHA
09,33,11,2022,28,TAMIL NADU,UTTAR PRADESH
19,35,11,2022,4,ANDAMAN AND NICOBAR ISLANDS,WEST BENGAL
20,35,11,2022,1,ANDAMAN AND NICOBAR ISLANDS,JHARKHAND
22,36,11,2022,24,TELANGANA,CHHATTISGARH
28,36,11,2022,199,TELANGANA,ANDHRA PRADESH
29,36,11,2022,142,TELANGANA,KARNATAKA
33,36,11,2022,3,TELANGANA,TAMIL NADU
05,01,12,2022,1,JAMMU AND KASHMIR,UTTARAKHAND
19,01,12,2022,4,JAMMU AND KASHMIR,WEST BENGAL
23,01,12,2022,650,JAMMU AND KASHMIR,MADHYA PRADESH
20,02,12,2022,32,HIMACHAL PRADESH,JHARKHAND
21,02,12,2022,3,HIMACHAL PRADESH,ODISHA
22,02,12,2022,7,HIMACHAL PRADESH,CHHATTISGARH
22,03,12,2022,1,PUNJAB,CHHATTISGARH
23,03,12,2022,6,PUNJAB,MADHYA PRADESH
10,04,12,2022,20,CHANDIGARH,BIHAR
23,04,12,2022,1,CHANDIGARH,MADHYA PRADESH
08,05,12,2022,2,UTTARAKHAND,RAJASTHAN
09,05,12,2022,4115,UTTARAKHAND,UTTAR PRADESH
10,05,12,2022,942,UTTARAKHAND,BIHAR
02,06,12,2022,10,HARYANA,HIMACHAL PRADESH
19,06,12,2022,165,HARYANA,WEST BENGAL
23,06,12,2022,5861,HARYANA,MADHYA PRADESH
05,07,12,2022,2008,DELHI,UTTARAKHAND
10,07,12,2022,211376,DELHI,BIHAR
22,07,12,2022,363,DELHI,CHHATTISGARH
06,08,12,2022,160,RAJASTHAN,HARYANA
19,08,12,2022,6,RAJASTHAN,WEST BENGAL
21,08,12,2022,3,RAJASTHAN,ODISHA
19,10,12,2022,73,BIHAR,WEST BENGAL
24,10,12,2022,17,BIHAR,GUJARAT
09,11,12,2022,3,SIKKIM,UTTAR PRADESH
10,11,12,2022,93,SIKKIM,BIHAR
09,16,12,2022,2,TRIPURA,UTTAR PRADESH
18,16,12,2022,15,TRIPURA,ASSAM
28,16,12,2022,1,TRIPURA,ANDHRA PRADESH
01,19,12,2022,6,WEST BENGAL,JAMMU AND KASHMIR
18,19,12,2022,4,WEST BENGAL,ASSAM
10,20,12,2022,635,JHARKHAND,BIHAR
21,20,12,2022,5,JHARKHAND,ODISHA
09,21,12,2022,2,ODISHA,UTTAR PRADESH
06,22,12,2022,2,CHHATTISGARH,HARYANA
19,23,12,2022,4,MADHYA PRADESH,WEST BENGAL
21,23,12,2022,19,MADHYA PRADESH,ODISHA
09,24,12,2022,5026,GUJARAT,UTTAR PRADESH
10,24,12,2022,2943,GUJARAT,BIHAR
16,24,12,2022,1,GUJARAT,TRIPURA
19,24,12,2022,19,GUJARAT,WEST BENGAL
21,24,12,2022,283,GUJARAT,ODISHA
29,24,12,2022,17,GUJARAT,KARNATAKA
19,27,12,2022,157,MAHARASHTRA,WEST BENGAL
22,27,12,2022,61,MAHARASHTRA,CHHATTISGARH
28,27,12,2022,18,MAHARASHTRA,ANDHRA PRADESH
36,27,12,2022,10,MAHARASHTRA,TELANGANA
08,28,12,2022,2,ANDHRA PRADESH,RAJASTHAN
09,28,12,2022,3,ANDHRA PRADESH,UTTAR PRADESH
01,29,12,2022,2,KARNATAKA,JAMMU AND KASHMIR
05,29,12,2022,1,KARNATAKA,UTTARAKHAND
08,29,12,2022,4,KARNATAKA,RAJASTHAN
27,29,12,2022,55,KARNATAKA,MAHARASHTRA
32,29,12,2022,22,KARNATAKA,KERALA
33,29,12,2022,62,KARNATAKA,TAMIL NADU
09,30,12,2022,103,GOA,UTTAR PRADESH
22,30,12,2022,10,GOA,CHHATTISGARH
28,30,12,2022,2,GOA,ANDHRA PRADESH
01,32,12,2022,10,KERALA,JAMMU AND KASHMIR
06,32,12,2022,4,KERALA,HARYANA
08,32,12,2022,8,KERALA,RAJASTHAN
20,32,12,2022,82,KERALA,JHARKHAND
29,32,12,2022,897,KERALA,KARNATAKA
09,33,12,2022,17,TAMIL NADU,UTTAR PRADESH
21,34,12,2022,24,PUDUCHERRY,ODISHA
32,34,12,2022,1,PUDUCHERRY,KERALA
20,35,12,2022,2,ANDAMAN AND NICOBAR ISLANDS,JHARKHAND
08,36,12,2022,9,TELANGANA,RAJASTHAN
18,36,12,2022,5,TELANGANA,ASSAM
19,36,12,2022,6,TELANGANA,WEST BENGAL
28,36,12,2022,595,TELANGANA,ANDHRA PRADESH
20,01,1,2023,7,JAMMU AND KASHMIR,JHARKHAND
22,01,1,2023,89,JAMMU AND KASHMIR,CHHATTISGARH
23,01,1,2023,383,JAMMU AND KASHMIR,MADHYA PRADESH
27,01,1,2023,4,JAMMU AND KASHMIR,MAHARASHTRA
32,01,1,2023,1,JAMMU AND KASHMIR,KERALA
01,02,1,2023,3,HIMACHAL PRADESH,JAMMU AND KASHMIR
19,02,1,2023,5,HIMACHAL PRADESH,WEST BENGAL
02,05,1,2023,2,UTTARAKHAND,HIMACHAL PRADESH
22,05,1,2023,5,UTTARAKHAND,CHHATTISGARH
23,05,1,2023,22,UTTARAKHAND,MADHYA PRADESH
05,06,1,2023,85,HARYANA,UTTARAKHAND
09,06,1,2023,16200,HARYANA,UTTAR PRADESH
19,06,1,2023,98,HARYANA,WEST BENGAL
02,07,1,2023,63,DELHI,HIMACHAL PRADESH
05,07,1,2023,1122,DELHI,UTTARAKHAND
16,07,1,2023,1,DELHI,TRIPURA
19,07,1,2023,872,DELHI,WEST BENGAL
22,07,1,2023,201,DELHI,CHHATTISGARH
28,07,1,2023,5,DELHI,ANDHRA PRADESH
07,08,1,2023,33,RAJASTHAN,DELHI
18,08,1,2023,2,RAJASTHAN,ASSAM
01,19,1,2023,10,WEST BENGAL,JAMMU AND KASHMIR
21,19,1,2023,1,WEST BENGAL,ODISHA
27,19,1,2023,3,WEST BENGAL,MAHARASHTRA
33,19,1,2023,1,WEST BENGAL,TAMIL NADU
22,20,1,2023,16,JHARKHAND,CHHATTISGARH
28,20,1,2023,1,JHARKHAND,ANDHRA PRADESH
24,21,1,2023,3,ODISHA,GUJARAT
20,22,1,2023,25,CHHATTISGARH,JHARKHAND
07,23,1,2023,31,MADHYA PRADESH,DELHI
08,23,1,2023,111,MADHYA PRADESH,RAJASTHAN
21,23,1,2023,1,MADHYA PRADESH,ODISHA
29,23,1,2023,2,MADHYA PRADESH,KARNATAKA
16,24,1,2023,1,GUJARAT,TRIPURA
23,24,1,2023,2118,GUJARAT,MADHYA PRADESH
23,27,1,2023,534,MAHARASHTRA,MADHYA PRADESH
24,27,1,2023,121,MAHARASHTRA,GUJARAT
30,27,1,2023,1,MAHARASHTRA,GOA
32,27,1,2023,19,MAHARASHTRA,KERALA
07,29,1,2023,1,KARNATAKA,DELHI
09,29,1,2023,9,KARNATAKA,UTTAR PRADESH
23,29,1,2023,1,KARNATAKA,MADHYA PRADESH
24,29,1,2023,3,KARNATAKA,GUJARAT
32,29,1,2023,6,KARNATAKA,KERALA
23,30,1,2023,18,GOA,MADHYA PRADESH
32,30,1,2023,1,GOA,KERALA
09,32,1,2023,109,KERALA,UTTAR PRADESH
22,32,1,2023,3,KERALA,CHHATTISGARH
29,32,1,2023,475,KERALA,KARNATAKA
33,32,1,2023,164,KERALA,TAMIL NADU
07,33,1,2023,4,TAMIL NADU,DELHI
09,33,1,2023,15,TAMIL NADU,UTTAR PRADESH
10,33,1,2023,241,TAMIL NADU,BIHAR
10,34,1,2023,191,PUDUCHERRY,BIHAR
19,36,1,2023,4,TELANGANA,WEST BENGAL
24,36,1,2023,1,TELANGANA,GUJARAT
27,36,1,2023,314,TELANGANA,MAHARASHTRA
28,36,1,2023,319,TELANGANA,ANDHRA PRADESH
07,01,2,2023,5,JAMMU AND KASHMIR,DELHI
23,01,2,2023,413,JAMMU AND KASHMIR,MADHYA PRADESH
27,01,2,2023,3,JAMMU AND KASHMIR,MAHARASHTRA
19,02,2,2023,1,HIMACHAL PRADESH,WEST BENGAL
23,02,2,2023,123,HIMACHAL PRADESH,MADHYA PRADESH
19,06,2,2023,64,HARYANA,WEST BENGAL
20,06,2,2023,240,HARYANA,JHARKHAND
05,07,2,2023,2844,DELHI,UTTARAKHAND
28,07,2,2023,8,DELHI,ANDHRA PRADESH
07,08,2,2023,34,RAJASTHAN,DELHI
23,09,2,2023,3,UTTAR PRADESH,MADHYA PRADESH
18,10,2,2023,33,BIHAR,ASSAM
20,10,2,2023,1013,BIHAR,JHARKHAND
36,10,2,2023,12,BIHAR,TELANGANA
18,16,2,2023,8,TRIPURA,ASSAM
20,16,2,2023,51,TRIPURA,JHARKHAND
16,17,2,2023,1,MEGHALAYA,TRIPURA
23,19,2,2023,5,WEST BENGAL,MADHYA PRADESH
09,20,2,2023,27,JHARKHAND,UTTAR PRADESH
10,20,2,2023,648,JHARKHAND,BIHAR
22,20,2,2023,13,JHARKHAND,CHHATTISGARH
28,20,2,2023,2,JHARKHAND,ANDHRA PRADESH
24,21,2,2023,2,ODISHA,GUJARAT
29,21,2,2023,1,ODISHA,KARNATAKA
10,23,2,2023,591,MADHYA PRADESH,BIHAR
19,23,2,2023,2,MADHYA PRADESH,WEST BENGAL
20,23,2,2023,34,MADHYA PRADESH,JHARKHAND
24,23,2,2023,13,MADHYA PRADESH,GUJARAT
08,24,2,2023,263,GUJARAT,RAJASTHAN
09,24,2,2023,4002,GUJARAT,UTTAR PRADESH
16,24,2,2023,1,GUJARAT,TRIPURA
22,24,2,2023,393,GUJARAT,CHHATTISGARH
23,24,2,2023,1977,GUJARAT,MADHYA PRADESH
22,27,2,2023,2,MAHARASHTRA,CHHATTISGARH
20,29,2,2023,19,KARNATAKA,JHARKHAND
27,30,2,2023,35,GOA,MAHARASHTRA
23,32,2,2023,64,KERALA,MADHYA PRADESH
32,35,2,2023,1,ANDAMAN AND NICOBAR ISLANDS,KERALA
08,36,2,2023,4,TELANGANA,RAJASTHAN
32,36,2,2023,1,TELANGANA,KERALA
09,01,3,2023,436,JAMMU AND KASHMIR,UTTAR PRADESH
01,02,3,2023,2,HIMACHAL PRADESH,JAMMU AND KASHMIR
05,02,3,2023,27,HIMACHAL PRADESH,UTTARAKHAND
19,03,3,2023,2,PUNJAB,WEST BENGAL
20,03,3,2023,3,PUNJAB,JHARKHAND
27,03,3,2023,1,PUNJAB,MAHARASHTRA
10,04,3,2023,13,CHANDIGARH,BIHAR
07,05,3,2023,68,UTTARAKHAND,DELHI
27,05,3,2023,1,UTTARAKHAND,MAHARASHTRA
05,06,3,2023,195,HARYANA,UTTARAKHAND
09,06,3,2023,16969,HARYANA,UTTAR PRADESH
10,06,3,2023,19569,HARYANA,BIHAR
24,06,3,2023,16,HARYANA,GUJARAT
02,07,3,2023,73,DELHI,HIMACHAL PRADESH
09,07,3,2023,89825,DELHI,UTTAR PRADESH
16,07,3,2023,1,DELHI,TRIPURA
24,07,3,2023,124,DELHI,GUJARAT
32,07,3,2023,31,DELHI,KERALA
07,08,3,2023,60,RAJASTHAN,DELHI
19,08,3,2023,6,RAJASTHAN,WEST BENGAL
24,08,3,2023,38,RAJASTHAN,GUJARAT
29,08,3,2023,3,RAJASTHAN,KARNATAKA
05,10,3,2023,10,BIHAR,UTTARAKHAND
19,10,3,2023,83,BIHAR,WEST BENGAL
22,10,3,2023,62,BIHAR,CHHATTISGARH
23,10,3,2023,44,BIHAR,MADHYA PRADESH
09,11,3,2023,2,SIKKIM,UTTAR PRADESH
09,19,3,2023,17,WEST BENGAL,UTTAR PRADESH
10,19,3,2023,606,WEST BENGAL,BIHAR
23,19,3,2023,3,WEST BENGAL,MADHYA PRADESH
27,19,3,2023,1,WEST BENGAL,MAHARASHTRA
07,20,3,2023,16,JHARKHAND,DELHI
10,20,3,2023,676,JHARKHAND,BIHAR
29,20,3,2023,1,JHARKHAND,KARNATAKA
28,22,3,2023,1,CHHATTISGARH,ANDHRA PRADESH
20,23,3,2023,14,MADHYA PRADESH,JHARKHAND
22,23,3,2023,120,MADHYA PRADESH,CHHATTISGARH
09,24,3,2023,3326,GUJARAT,UTTAR PRADESH
10,24,3,2023,2251,GUJARAT,BIHAR
02,27,3,2023,1,MAHARASHTRA,HIMACHAL PRADESH
07,27,3,2023,20,MAHARASHTRA,DELHI
20,27,3,2023,423,MAHARASHTRA,JHARKHAND
22,27,3,2023,59,MAHARASHTRA,CHHATTISGARH
30,27,3,2023,1,MAHARASHTRA,GOA
07,29,3,2023,5,KARNATAKA,DELHI
32,29,3,2023,25,KARNATAKA,KERALA
09,30,3,2023,148,GOA,UTTAR PRADESH
18,30,3,2023,5,GOA,ASSAM
33,30,3,2023,18,GOA,TAMIL NADU
07,32,3,2023,3,KERALA,DELHI
09,32,3,2023,123,KERALA,UTTAR PRADESH
20,32,3,2023,66,KERALA,JHARKHAND
24,32,3,2023,2,KERALA,GUJARAT
30,32,3,2023,1,KERALA,GOA
29,33,3,2023,14,TAMIL NADU,KARNATAKA
09,34,3,2023,4,PUDUCHERRY,UTTAR PRADESH
33,35,3,2023,4,ANDAMAN AND NICOBAR ISLANDS,TAMIL NADU
07,36,3,2023,3,TELANGANA,DELHI
22,36,3,2023,73,TELANGANA,CHHATTISGARH
27,36,3,2023,369,TELANGANA,MAHARASHTRA
28,36,3,2023,543,TELANGANA,ANDHRA PRADESH
32,36,3,2023,6,TELANGANA,KERALA
07,01,4,2023,4,JAMMU AND KASHMIR,DELHI
20,01,4,2023,7,JAMMU AND KASHMIR,JHARKHAND
23,01,4,2023,247,JAMMU AND KASHMIR,MADHYA PRADESH
09,02,4,2023,4191,HIMACHAL PRADESH,UTTAR PRADESH
10,03,4,2023,17,PUNJAB,BIHAR
07,06,4,2023,492,HARYANA,DELHI
20,06,4,2023,304,HARYANA,JHARKHAND
24,06,4,2023,7,HARYANA,GUJARAT
16,07,4,2023,4,DELHI,TRIPURA
18,07,4,2023,68,DELHI,ASSAM
23,07,4,2023,9220,DELHI,MADHYA PRADESH
33,07,4,2023,1352,DELHI,TAMIL NADU
20,08,4,2023,36,RAJASTHAN,JHARKHAND
09,10,4,2023,500,BIHAR,UTTAR PRADESH
22,10,4,2023,86,BIHAR,CHHATTISGARH
10,17,4,2023,7,MEGHALAYA,BIHAR
16,17,4,2023,3,MEGHALAYA,TRIPURA
07,19,4,2023,26,WEST BENGAL,DELHI
16,19,4,2023,1,WEST BENGAL,TRIPURA
18,19,4,2023,2,WEST BENGAL,ASSAM
21,19,4,2023,3,WEST BENGAL,ODISHA
24,19,4,2023,1,WEST BENGAL,GUJARAT
10,20,4,2023,833,JHARKHAND,BIHAR
23,22,4,2023,36,CHHATTISGARH,MADHYA PRADESH
27,22,4,2023,8,CHHATTISGARH,MAHARASHTRA
10,23,4,2023,561,MADHYA PRADESH,BIHAR
19,23,4,2023,2,MADHYA PRADESH,WEST BENGAL
20,23,4,2023,29,MADHYA PRADESH,JHARKHAND
27,23,4,2023,132,MADHYA PRADESH,MAHARASHTRA
10,24,4,2023,2298,GUJARAT,BIHAR
16,24,4,2023,1,GUJARAT,TRIPURA
20,24,4,2023,105,GUJARAT,JHARKHAND
27,24,4,2023,682,GUJARAT,MAHARASHTRA
01,27,4,2023,4,MAHARASHTRA,JAMMU AND KASHMIR
22,27,4,2023,37,MAHARASHTRA,CHHATTISGARH
24,27,4,2023,99,MAHARASHTRA,GUJARAT
28,27,4,2023,13,MAHARASHTRA,ANDHRA PRADESH
33,27,4,2023,1063,MAHARASHTRA,TAMIL NADU
22,29,4,2023,14,KARNATAKA,CHHATTISGARH
05,30,4,2023,1,GOA,UTTARAKHAND
18,30,4,2023,4,GOA,ASSAM
27,30,4,2023,37,GOA,MAHARASHTRA
01,32,4,2023,2,KERALA,JAMMU AND KASHMIR
16,32,4,2023,1,KERALA,TRIPURA
20,32,4,2023,45,KERALA,JHARKHAND
07,33,4,2023,7,TAMIL NADU,DELHI
18,33,4,2023,10,TAMIL NADU,ASSAM
28,33,4,2023,3,TAMIL NADU,ANDHRA PRADESH
32,33,4,2023,7,TAMIL NADU,KERALA
19,35,4,2023,4,ANDAMAN AND NICOBAR ISLANDS,WEST BENGAL
33,35,4,2023,3,ANDAMAN AND NICOBAR ISLANDS,TAMIL NADU
07,36,4,2023,3,TELANGANA,DELHI
01,37,4,2023,1,LADAKH,JAMMU AND KASHMIR
07,01,5,2023,4,JAMMU AND KASHMIR,DELHI
10,02,5,2023,1562,HIMACHAL PRADESH,BIHAR
23,02,5,2023,92,HIMACHAL PRADESH,MADHYA PRADESH
27,02,5,2023,2,HIMACHAL PRADESH,MAHARASHTRA
07,06,5,2023,650,HARYANA,DELHI
08,06,5,2023,796,HARYANA,RAJASTHAN
22,06,5,2023,84,HARYANA,CHHATTISGARH
27,06,5,2023,13,HARYANA,MAHARASHTRA
33,06,5,2023,1,HARYANA,TAMIL NADU
01,07,5,2023,49,DELHI,JAMMU AND KASHMIR
22,07,5,2023,122,DELHI,CHHATTISGARH
28,07,5,2023,6,DELHI,ANDHRA PRADESH
32,07,5,2023,13,DELHI,KERALA
23,08,5,2023,1719,RAJASTHAN,MADHYA PRADESH
27,08,5,2023,15,RAJASTHAN,MAHARASHTRA
29,08,5,2023,4,RAJASTHAN,KARNATAKA
22,09,5,2023,5,UTTAR PRADESH,CHHATTISGARH
19,10,5,2023,184,BIHAR,WEST BENGAL
20,10,5,2023,950,BIHAR,JHARKHAND
21,10,5,2023,27,BIHAR,ODISHA
30,10,5,2023,1,BIHAR,GOA
09,11,5,2023,4,SIKKIM,UTTAR PRADESH
09,19,5,2023,25,WEST BENGAL,UTTAR PRADESH
21,19,5,2023,6,WEST BENGAL,ODISHA
07,20,5,2023,23,JHARKHAND,DELHI
22,20,5,2023,17,JHARKHAND,CHHATTISGARH
10,21,5,2023,2,ODISHA,BIHAR
09,22,5,2023,5,CHHATTISGARH,UTTAR PRADESH
23,22,5,2023,11,CHHATTISGARH,MADHYA PRADESH
07,23,5,2023,33,MADHYA PRADESH,DELHI
20,23,5,2023,2,MADHYA PRADESH,JHARKHAND
18,24,5,2023,1,GUJARAT,ASSAM
19,24,5,2023,12,GUJARAT,WEST BENGAL
20,24,5,2023,96,GUJARAT,JHARKHAND
18,27,5,2023,17,MAHARASHTRA,ASSAM
28,27,5,2023,6,MAHARASHTRA,ANDHRA PRADESH
10,29,5,2023,320,KARNATAKA,BIHAR
23,29,5,2023,7,KARNATAKA,MADHYA PRADESH
32,29,5,2023,25,KARNATAKA,KERALA
06,30,5,2023,7,GOA,HARYANA
10,30,5,2023,51,GOA,BIHAR
22,30,5,2023,2,GOA,CHHATTISGARH
27,30,5,2023,17,GOA,MAHARASHTRA
01,32,5,2023,2,KERALA,JAMMU AND KASHMIR
27,32,5,2023,53,KERALA,MAHARASHTRA
21,34,5,2023,14,PUDUCHERRY,ODISHA
33,35,5,2023,1,ANDAMAN AND NICOBAR ISLANDS,TAMIL NADU
18,36,5,2023,4,TELANGANA,ASSAM
19,36,5,2023,9,TELANGANA,WEST BENGAL
33,36,5,2023,5,TELANGANA,TAMIL NADU
27,37,5,2023,2,LADAKH,MAHARASHTRA
20,01,6,2023,8,JAMMU AND KASHMIR,JHARKHAND
22,01,6,2023,445,JAMMU AND KASHMIR,CHHATTISGARH
33,01,6,2023,1,JAMMU AND KASHMIR,TAMIL NADU
07,02,6,2023,15,HIMACHAL PRADESH,DELHI
10,02,6,2023,1734,HIMACHAL PRADESH,BIHAR
19,02,6,2023,7,HIMACHAL PRADESH,WEST BENGAL
23,02,6,2023,133,HIMACHAL PRADESH,MADHYA PRADESH
05,03,6,2023,3,PUNJAB,UTTARAKHAND
27,03,6,2023,1,PUNJAB,MAHARASHTRA
09,05,6,2023,5392,UTTARAKHAND,UTTAR PRADESH
27,05,6,2023,5,UTTARAKHAND,MAHARASHTRA
18,06,6,2023,11,HARYANA,ASSAM
23,06,6,2023,3469,HARYANA,MADHYA PRADESH
24,06,6,2023,7,HARYANA,GUJARAT
09,07,6,2023,81635,DELHI,UTTAR PRADESH
10,07,6,2023,118392,DELHI,BIHAR
27,07,6,2023,122,DELHI,MAHARASHTRA
29,07,6,2023,2,DELHI,KARNATAKA
05,08,6,2023,7,RAJASTHAN,UTTARAKHAND
19,08,6,2023,11,RAJASTHAN,WEST BENGAL
24,08,6,2023,36,RAJASTHAN,GUJARAT
08,10,6,2023,29,BIHAR,RAJASTHAN
19,10,6,2023,63,BIHAR,WEST BENGAL
23,10,6,2023,58,BIHAR,MADHYA PRADESH
09,11,6,2023,3,SIKKIM,UTTAR PRADESH
14,13,6,2023,1,NAGALAND,MANIPUR
07,20,6,2023,19,JHARKHAND,DELHI
22,20,6,2023,22,JHARKHAND,CHHATTISGARH
08,22,6,2023,2,CHHATTISGARH,RAJASTHAN
09,22,6,2023,30,CHHATTISGARH,UTTAR PRADESH
07,23,6,2023,40,MADHYA PRADESH,DELHI
10,23,6,2023,431,MADHYA PRADESH,BIHAR
21,24,6,2023,153,GUJARAT,ODISHA
22,24,6,2023,57,GUJARAT,CHHATTISGARH
23,27,6,2023,418,MAHARASHTRA,MADHYA PRADESH
24,27,6,2023,121,MAHARASHTRA,GUJARAT
09,29,6,2023,54,KARNATAKA,UTTAR PRADESH
10,29,6,2023,309,KARNATAKA,BIHAR
20,29,6,2023,6,KARNATAKA,JHARKHAND
23,29,6,2023,3,KARNATAKA,MADHYA PRADESH
28,29,6,2023,40,KARNATAKA,ANDHRA PRADESH
05,30,6,2023,2,GOA,UTTARAKHAND
10,30,6,2023,129,GOA,BIHAR
19,30,6,2023,3,GOA,WEST BENGAL
20,30,6,2023,3,GOA,JHARKHAND
23,30,6,2023,26,GOA,MADHYA PRADESH
08,32,6,2023,3,KERALA,RAJASTHAN
29,32,6,2023,117,KERALA,KARNATAKA
33,32,6,2023,131,KERALA,TAMIL NADU
08,33,6,2023,1,TAMIL NADU,RAJASTHAN
09,33,6,2023,20,TAMIL NADU,UTTAR PRADESH
28,33,6,2023,8,TAMIL NADU,ANDHRA PRADESH
08,34,6,2023,2,PUDUCHERRY,RAJASTHAN
19,35,6,2023,6,ANDAMAN AND NICOBAR ISLANDS,WEST BENGAL
18,36,6,2023,3,TELANGANA,ASSAM
24,36,6,2023,2,TELANGANA,GUJARAT
32,36,6,2023,3,TELANGANA,KERALA
10,37,6,2023,5,LADAKH,BIHAR
27,37,6,2023,2,LADAKH,MAHARASHTRA
06,01,7,2023,2,JAMMU AND KASHMIR,HARYANA
09,01,7,2023,7410,JAMMU AND KASHMIR,UTTAR PRADESH
05,02,7,2023,27,HIMACHAL PRADESH,UTTARAKHAND
06,02,7,2023,15,HIMACHAL PRADESH,HARYANA
08,03,7,2023,5,PUNJAB,RAJASTHAN
09,03,7,2023,302,PUNJAB,UTTAR PRADESH
23,05,7,2023,31,UTTARAKHAND,MADHYA PRADESH
01,06,7,2023,9,HARYANA,JAMMU AND KASHMIR
02,06,7,2023,2,HARYANA,HIMACHAL PRADESH
07,06,7,2023,594,HARYANA,DELHI
09,06,7,2023,23431,HARYANA,UTTAR PRADESH
08,07,7,2023,1712,DELHI,RAJASTHAN
09,07,7,2023,109945,DELHI,UTTAR PRADESH
13,07,7,2023,1,DELHI,NAGALAND
14,07,7,2023,2,DELHI,MANIPUR
22,07,7,2023,316,DELHI,CHHATTISGARH
28,07,7,2023,12,DELHI,ANDHRA PRADESH
29,07,7,2023,8,DELHI,KARNATAKA
05,08,7,2023,12,RAJASTHAN,UTTARAKHAND
23,08,7,2023,1366,RAJASTHAN,MADHYA PRADESH
06,09,7,2023,1,UTTAR PRADESH,HARYANA
07,10,7,2023,890,BIHAR,DELHI
08,10,7,2023,23,BIHAR,RAJASTHAN
20,10,7,2023,263,BIHAR,JHARKHAND
22,10,7,2023,56,BIHAR,CHHATTISGARH
24,10,7,2023,21,BIHAR,GUJARAT
29,10,7,2023,9,BIHAR,KARNATAKA
09,11,7,2023,4,SIKKIM,UTTAR PRADESH
10,16,7,2023,8,TRIPURA,BIHAR
20,16,7,2023,1,TRIPURA,JHARKHAND
10,17,7,2023,8,MEGHALAYA,BIHAR
10,01,10,2021,174,JAMMU AND KASHMIR,BIHAR
20,01,10,2021,2,JAMMU AND KASHMIR,JHARKHAND
03,02,10,2021,2,HIMACHAL PRADESH,PUNJAB
06,02,10,2021,20,HIMACHAL PRADESH,HARYANA
07,02,10,2021,3,HIMACHAL PRADESH,DELHI
06,03,10,2021,4,PUNJAB,HARYANA
09,04,10,2021,2,CHANDIGARH,UTTAR PRADESH
06,05,10,2021,6,UTTARAKHAND,HARYANA
07,05,10,2021,8,UTTARAKHAND,DELHI
08,05,10,2021,3,UTTARAKHAND,RAJASTHAN
23,05,10,2021,27,UTTARAKHAND,MADHYA PRADESH
03,06,10,2021,7,HARYANA,PUNJAB
05,06,10,2021,24,HARYANA,UTTARAKHAND
10,06,10,2021,3590,HARYANA,BIHAR
02,07,10,2021,39,DELHI,HIMACHAL PRADESH
09,07,10,2021,53890,DELHI,UTTAR PRADESH
24,07,10,2021,32,DELHI,GUJARAT
19,08,10,2021,1,RAJASTHAN,WEST BENGAL
05,09,10,2021,3,UTTAR PRADESH,UTTARAKHAND
21,10,10,2021,8,BIHAR,ODISHA
23,10,10,2021,16,BIHAR,MADHYA PRADESH
24,10,10,2021,5,BIHAR,GUJARAT
36,10,10,2021,6,BIHAR,TELANGANA
09,12,10,2021,1,ARUNACHAL PRADESH,UTTAR PRADESH
20,12,10,2021,1,ARUNACHAL PRADESH,JHARKHAND
07,20,10,2021,8,JHARKHAND,DELHI
27,20,10,2021,9,JHARKHAND,MAHARASHTRA
10,21,10,2021,34,ODISHA,BIHAR
20,21,10,2021,18,ODISHA,JHARKHAND
23,21,10,2021,2,ODISHA,MADHYA PRADESH
28,21,10,2021,3,ODISHA,ANDHRA PRADESH
06,23,10,2021,12,MADHYA PRADESH,HARYANA
20,23,10,2021,24,MADHYA PRADESH,JHARKHAND
21,24,10,2021,101,GUJARAT,ODISHA
29,24,10,2021,14,GUJARAT,KARNATAKA
05,27,10,2021,3,MAHARASHTRA,UTTARAKHAND
19,27,10,2021,6,MAHARASHTRA,WEST BENGAL
24,27,10,2021,41,MAHARASHTRA,GUJARAT
07,29,10,2021,2,KARNATAKA,DELHI
24,29,10,2021,4,KARNATAKA,GUJARAT
36,29,10,2021,7,KARNATAKA,TELANGANA
21,30,10,2021,5,GOA,ODISHA
06,32,10,2021,1,KERALA,HARYANA
23,32,10,2021,44,KERALA,MADHYA PRADESH
29,32,10,2021,214,KERALA,KARNATAKA
07,33,10,2021,1,TAMIL NADU,DELHI
10,33,10,2021,361,TAMIL NADU,BIHAR
19,33,10,2021,73,TAMIL NADU,WEST BENGAL
29,33,10,2021,5,TAMIL NADU,KARNATAKA
07,01,11,2021,1,JAMMU AND KASHMIR,DELHI
27,01,11,2021,1,JAMMU AND KASHMIR,MAHARASHTRA
05,02,11,2021,10,HIMACHAL PRADESH,UTTARAKHAND
10,02,11,2021,166,HIMACHAL PRADESH,BIHAR
23,02,11,2021,10,HIMACHAL PRADESH,MADHYA PRADESH
09,03,11,2021,252,PUNJAB,UTTAR PRADESH
23,03,11,2021,4,PUNJAB,MADHYA PRADESH
21,05,11,2021,2,UTTARAKHAND,ODISHA
10,06,11,2021,4256,HARYANA,BIHAR
20,06,11,2021,76,HARYANA,JHARKHAND
36,06,11,2021,1,HARYANA,TELANGANA
06,07,11,2021,865,DELHI,HARYANA
08,07,11,2021,609,DELHI,RAJASTHAN
05,08,11,2021,1,RAJASTHAN,UTTARAKHAND
29,08,11,2021,1,RAJASTHAN,KARNATAKA
32,09,11,2021,1,UTTAR PRADESH,KERALA
06,10,11,2021,52,BIHAR,HARYANA
36,10,11,2021,9,BIHAR,TELANGANA
10,12,11,2021,3,ARUNACHAL PRADESH,BIHAR
10,20,11,2021,449,JHARKHAND,BIHAR
27,20,11,2021,8,JHARKHAND,MAHARASHTRA
32,20,11,2021,1,JHARKHAND,KERALA
27,21,11,2021,3,ODISHA,MAHARASHTRA
29,21,11,2021,5,ODISHA,KARNATAKA
05,24,11,2021,1,GUJARAT,UTTARAKHAND
07,24,11,2021,6,GUJARAT,DELHI
23,24,11,2021,588,GUJARAT,MADHYA PRADESH
32,24,11,2021,2,GUJARAT,KERALA
36,24,11,2021,1,GUJARAT,TELANGANA
07,27,11,2021,3,MAHARASHTRA,DELHI
13,27,11,2021,1,MAHARASHTRA,NAGALAND
32,27,11,2021,3,MAHARASHTRA,KERALA
10,28,11,2021,27,ANDHRA PRADESH,BIHAR
08,29,11,2021,4,KARNATAKA,RAJASTHAN
09,29,11,2021,185,KARNATAKA,UTTAR PRADESH
24,29,11,2021,1,KARNATAKA,GUJARAT
28,29,11,2021,40,KARNATAKA,ANDHRA PRADESH
06,30,11,2021,2,GOA,HARYANA
23,30,11,2021,8,GOA,MADHYA PRADESH
27,30,11,2021,35,GOA,MAHARASHTRA
28,30,11,2021,1,GOA,ANDHRA PRADESH
06,32,11,2021,1,KERALA,HARYANA
23,32,11,2021,48,KERALA,MADHYA PRADESH
27,32,11,2021,44,KERALA,MAHARASHTRA
28,32,11,2021,2,KERALA,ANDHRA PRADESH
10,35,11,2021,4,ANDAMAN AND NICOBAR ISLANDS,BIHAR
08,36,11,2021,5,TELANGANA,RAJASTHAN
23,36,11,2021,8,TELANGANA,MADHYA PRADESH
08,37,11,2021,6,LADAKH,RAJASTHAN
09,01,12,2021,477,JAMMU AND KASHMIR,UTTAR PRADESH
10,01,12,2021,173,JAMMU AND KASHMIR,BIHAR
20,02,12,2021,6,HIMACHAL PRADESH,JHARKHAND
10,05,12,2021,293,UTTARAKHAND,BIHAR
01,06,12,2021,6,HARYANA,JAMMU AND KASHMIR
03,06,12,2021,12,HARYANA,PUNJAB
09,06,12,2021,18227,HARYANA,UTTAR PRADESH
10,06,12,2021,6288,HARYANA,BIHAR
19,06,12,2021,7,HARYANA,WEST BENGAL
27,06,12,2021,13,HARYANA,MAHARASHTRA
29,06,12,2021,1,HARYANA,KARNATAKA
03,07,12,2021,10,DELHI,PUNJAB
13,07,12,2021,2,DELHI,NAGALAND
16,07,12,2021,2,DELHI,TRIPURA
24,07,12,2021,47,DELHI,GUJARAT
29,07,12,2021,1,DELHI,KARNATAKA
36,07,12,2021,1,DELHI,TELANGANA
01,08,12,2021,2,RAJASTHAN,JAMMU AND KASHMIR
21,08,12,2021,1,RAJASTHAN,ODISHA
23,08,12,2021,183,RAJASTHAN,MADHYA PRADESH
27,08,12,2021,5,RAJASTHAN,MAHARASHTRA
05,09,12,2021,20,UTTAR PRADESH,UTTARAKHAND
20,09,12,2021,113,UTTAR PRADESH,JHARKHAND
08,10,12,2021,10,BIHAR,RAJASTHAN
13,10,12,2021,2,BIHAR,NAGALAND
20,10,12,2021,225,BIHAR,JHARKHAND
24,10,12,2021,13,BIHAR,GUJARAT
28,10,12,2021,2,BIHAR,ANDHRA PRADESH
36,10,12,2021,10,BIHAR,TELANGANA
10,11,12,2021,18,SIKKIM,BIHAR
19,16,12,2021,16,TRIPURA,WEST BENGAL
20,16,12,2021,86,TRIPURA,JHARKHAND
27,16,12,2021,1,TRIPURA,MAHARASHTRA
21,20,12,2021,6,JHARKHAND,ODISHA
08,23,12,2021,34,MADHYA PRADESH,RAJASTHAN
10,23,12,2021,280,MADHYA PRADESH,BIHAR
06,24,12,2021,30,GUJARAT,HARYANA
08,24,12,2021,313,GUJARAT,RAJASTHAN
10,24,12,2021,1518,GUJARAT,BIHAR
16,27,12,2021,1,MAHARASHTRA,TRIPURA
21,27,12,2021,2,MAHARASHTRA,ODISHA
23,27,12,2021,196,MAHARASHTRA,MADHYA PRADESH
33,28,12,2021,1,ANDHRA PRADESH,TAMIL NADU
09,29,12,2021,217,KARNATAKA,UTTAR PRADESH
10,29,12,2021,361,KARNATAKA,BIHAR
27,29,12,2021,97,KARNATAKA,MAHARASHTRA
06,30,12,2021,3,GOA,HARYANA
33,30,12,2021,10,GOA,TAMIL NADU
36,30,12,2021,2,GOA,TELANGANA
06,32,12,2021,1,KERALA,HARYANA
29,32,12,2021,277,KERALA,KARNATAKA
10,33,12,2021,504,TAMIL NADU,BIHAR
06,36,12,2021,2,TELANGANA,HARYANA
10,37,12,2021,1,LADAKH,BIHAR
10,01,1,2022,161,JAMMU AND KASHMIR,BIHAR
20,01,1,2022,12,JAMMU AND KASHMIR,JHARKHAND
03,02,1,2022,4,HIMACHAL PRADESH,PUNJAB
23,02,1,2022,36,HIMACHAL PRADESH,MADHYA PRADESH
09,03,1,2022,657,PUNJAB,UTTAR PRADESH
10,05,1,2022,381,UTTARAKHAND,BIHAR
27,05,1,2022,1,UTTARAKHAND,MAHARASHTRA
19,06,1,2022,49,HARYANA,WEST BENGAL
22,06,1,2022,6,HARYANA,CHHATTISGARH
01,07,1,2022,296,DELHI,JAMMU AND KASHMIR
03,07,1,2022,15,DELHI,PUNJAB
06,07,1,2022,2063,DELHI,HARYANA
10,07,1,2022,76340,DELHI,BIHAR
21,07,1,2022,335,DELHI,ODISHA
27,07,1,2022,67,DELHI,MAHARASHTRA
05,08,1,2022,1,RAJASTHAN,UTTARAKHAND
10,08,1,2022,242,RAJASTHAN,BIHAR
27,08,1,2022,10,RAJASTHAN,MAHARASHTRA
01,09,1,2022,1,UTTAR PRADESH,JAMMU AND KASHMIR
05,09,1,2022,11,UTTAR PRADESH,UTTARAKHAND
24,09,1,2022,21,UTTAR PRADESH,GUJARAT
29,09,1,2022,10,UTTAR PRADESH,KARNATAKA
05,10,1,2022,9,BIHAR,UTTARAKHAND
09,10,1,2022,623,BIHAR,UTTAR PRADESH
19,10,1,2022,61,BIHAR,WEST BENGAL
23,10,1,2022,22,BIHAR,MADHYA PRADESH
27,10,1,2022,60,BIHAR,MAHARASHTRA
09,11,1,2022,1,SIKKIM,UTTAR PRADESH
10,20,1,2022,694,JHARKHAND,BIHAR
22,20,1,2022,5,JHARKHAND,CHHATTISGARH
20,21,1,2022,22,ODISHA,JHARKHAND
22,21,1,2022,1,ODISHA,CHHATTISGARH
33,21,1,2022,2,ODISHA,TAMIL NADU
36,21,1,2022,5,ODISHA,TELANGANA
09,23,1,2022,1004,MADHYA PRADESH,UTTAR PRADESH
10,24,1,2022,1748,GUJARAT,BIHAR
22,24,1,2022,4,GUJARAT,CHHATTISGARH
27,24,1,2022,652,GUJARAT,MAHARASHTRA
29,24,1,2022,16,GUJARAT,KARNATAKA
32,24,1,2022,2,GUJARAT,KERALA
19,27,1,2022,53,MAHARASHTRA,WEST BENGAL
09,28,1,2022,8,ANDHRA PRADESH,UTTAR PRADESH
36,28,1,2022,28,ANDHRA PRADESH,TELANGANA
10,29,1,2022,473,KARNATAKA,BIHAR
23,29,1,2022,19,KARNATAKA,MADHYA PRADESH
10,30,1,2022,122,GOA,BIHAR
33,30,1,2022,6,GOA,TAMIL NADU
05,32,1,2022,1,KERALA,UTTARAKHAND
20,32,1,2022,16,KERALA,JHARKHAND
24,32,1,2022,1,KERALA,GUJARAT
09,33,1,2022,2,TAMIL NADU,UTTAR PRADESH
23,08,1,2020,1,RAJASTHAN,MADHYA PRADESH
30,23,1,2020,18,MADHYA PRADESH,GOA
36,28,1,2020,39,ANDHRA PRADESH,TELANGANA
08,32,1,2020,2,KERALA,RAJASTHAN
08,24,2,2020,5,GUJARAT,RAJASTHAN
08,32,2,2020,2,KERALA,RAJASTHAN
27,36,2,2020,77,TELANGANA,MAHARASHTRA
06,09,3,2020,2,UTTAR PRADESH,HARYANA
27,30,3,2020,2,GOA,MAHARASHTRA
29,32,3,2020,78,KERALA,KARNATAKA
23,24,4,2020,3,GUJARAT,MADHYA PRADESH
06,28,4,2020,2,ANDHRA PRADESH,HARYANA
36,28,4,2020,18,ANDHRA PRADESH,TELANGANA
32,29,4,2020,3,KARNATAKA,KERALA
08,32,4,2020,1,KERALA,RAJASTHAN
27,32,4,2020,15,KERALA,MAHARASHTRA
06,15,5,2020,1,MIZORAM,HARYANA
08,27,5,2020,1,MAHARASHTRA,RAJASTHAN
09,30,5,2020,2,GOA,UTTAR PRADESH
29,30,5,2020,40,GOA,KARNATAKA
29,32,5,2020,91,KERALA,KARNATAKA
27,36,5,2020,22,TELANGANA,MAHARASHTRA
29,36,5,2020,15,TELANGANA,KARNATAKA
08,06,6,2020,1,HARYANA,RAJASTHAN
09,06,6,2020,6,HARYANA,UTTAR PRADESH
23,06,6,2020,1,HARYANA,MADHYA PRADESH
29,09,6,2020,1,UTTAR PRADESH,KARNATAKA
27,23,6,2020,1,MADHYA PRADESH,MAHARASHTRA
10,29,6,2020,3,KARNATAKA,BIHAR
27,29,6,2020,7,KARNATAKA,MAHARASHTRA
10,01,7,2020,10,JAMMU AND KASHMIR,BIHAR
20,06,7,2020,2,HARYANA,JHARKHAND
08,09,7,2020,7,UTTAR PRADESH,RAJASTHAN
09,24,7,2020,8,GUJARAT,UTTAR PRADESH
10,29,7,2020,2,KARNATAKA,BIHAR
29,36,7,2020,16,TELANGANA,KARNATAKA
09,06,8,2020,277,HARYANA,UTTAR PRADESH
20,09,8,2020,6,UTTAR PRADESH,JHARKHAND
23,09,8,2020,1,UTTAR PRADESH,MADHYA PRADESH
27,09,8,2020,578,UTTAR PRADESH,MAHARASHTRA
08,24,8,2020,16,GUJARAT,RAJASTHAN
09,24,8,2020,34,GUJARAT,UTTAR PRADESH
10,27,8,2020,4,MAHARASHTRA,BIHAR
09,29,8,2020,1,KARNATAKA,UTTAR PRADESH
32,29,8,2020,1,KARNATAKA,KERALA
10,30,8,2020,6,GOA,BIHAR
20,30,8,2020,4,GOA,JHARKHAND
24,32,8,2020,1,KERALA,GUJARAT
27,32,8,2020,35,KERALA,MAHARASHTRA
27,36,8,2020,24,TELANGANA,MAHARASHTRA
01,37,8,2020,1,LADAKH,JAMMU AND KASHMIR
06,05,9,2020,1,UTTARAKHAND,HARYANA
09,06,9,2020,535,HARYANA,UTTAR PRADESH
23,06,9,2020,34,HARYANA,MADHYA PRADESH
08,09,9,2020,10,UTTAR PRADESH,RAJASTHAN
09,20,9,2020,7,JHARKHAND,UTTAR PRADESH
10,23,9,2020,7,MADHYA PRADESH,BIHAR
06,24,9,2020,2,GUJARAT,HARYANA
08,24,9,2020,34,GUJARAT,RAJASTHAN
09,24,9,2020,91,GUJARAT,UTTAR PRADESH
09,27,9,2020,60,MAHARASHTRA,UTTAR PRADESH
29,28,9,2020,6,ANDHRA PRADESH,KARNATAKA
23,30,9,2020,1,GOA,MADHYA PRADESH
27,32,9,2020,41,KERALA,MAHARASHTRA
12,33,9,2020,2,TAMIL NADU,ARUNACHAL PRADESH
09,06,10,2020,754,HARYANA,UTTAR PRADESH
08,09,10,2020,13,UTTAR PRADESH,RAJASTHAN
29,09,10,2020,4,UTTAR PRADESH,KARNATAKA
36,09,10,2020,3,UTTAR PRADESH,TELANGANA
09,10,10,2020,1,BIHAR,UTTAR PRADESH
28,20,10,2020,1,JHARKHAND,ANDHRA PRADESH
06,24,10,2020,4,GUJARAT,HARYANA
29,24,10,2020,1,GUJARAT,KARNATAKA
10,27,10,2020,112,MAHARASHTRA,BIHAR
33,29,10,2020,5,KARNATAKA,TAMIL NADU
23,30,10,2020,1,GOA,MADHYA PRADESH
32,31,10,2020,1,LAKSHADWEEP,KERALA
09,32,10,2020,8,KERALA,UTTAR PRADESH
06,33,10,2020,1,TAMIL NADU,HARYANA
29,33,10,2020,1,TAMIL NADU,KARNATAKA
10,35,10,2020,12,ANDAMAN AND NICOBAR ISLANDS,BIHAR
28,36,10,2020,238,TELANGANA,ANDHRA PRADESH
09,01,11,2020,46,JAMMU AND KASHMIR,UTTAR PRADESH
36,06,11,2020,1,HARYANA,TELANGANA
08,10,11,2020,1,BIHAR,RAJASTHAN
27,10,11,2020,1,BIHAR,MAHARASHTRA
10,20,11,2020,66,JHARKHAND,BIHAR
10,23,11,2020,21,MADHYA PRADESH,BIHAR
27,28,11,2020,1,ANDHRA PRADESH,MAHARASHTRA
36,28,11,2020,59,ANDHRA PRADESH,TELANGANA
10,29,11,2020,3,KARNATAKA,BIHAR
06,30,11,2020,1,GOA,HARYANA
20,30,11,2020,2,GOA,JHARKHAND
29,30,11,2020,108,GOA,KARNATAKA
03,01,12,2020,1,JAMMU AND KASHMIR,PUNJAB
08,06,12,2020,2,HARYANA,RAJASTHAN
09,06,12,2020,367,HARYANA,UTTAR PRADESH
24,09,12,2020,23,UTTAR PRADESH,GUJARAT
10,16,12,2020,37,TRIPURA,BIHAR
10,20,12,2020,101,JHARKHAND,BIHAR
23,24,12,2020,62,GUJARAT,MADHYA PRADESH
28,29,12,2020,2,KARNATAKA,ANDHRA PRADESH
32,29,12,2020,1,KARNATAKA,KERALA
33,29,12,2020,5,KARNATAKA,TAMIL NADU
27,30,12,2020,21,GOA,MAHARASHTRA
23,32,12,2020,1,KERALA,MADHYA PRADESH
03,01,1,2021,3,JAMMU AND KASHMIR,PUNJAB
06,01,1,2021,5,JAMMU AND KASHMIR,HARYANA
01,06,1,2021,2,HARYANA,JAMMU AND KASHMIR
03,06,1,2021,2,HARYANA,PUNJAB
10,08,1,2021,6,RAJASTHAN,BIHAR
24,08,1,2021,5,RAJASTHAN,GUJARAT
08,09,1,2021,23,UTTAR PRADESH,RAJASTHAN
23,09,1,2021,24,UTTAR PRADESH,MADHYA PRADESH
24,09,1,2021,23,UTTAR PRADESH,GUJARAT
20,16,1,2021,2,TRIPURA,JHARKHAND
10,23,1,2021,6,MADHYA PRADESH,BIHAR
06,24,1,2021,3,GUJARAT,HARYANA
27,24,1,2021,74,GUJARAT,MAHARASHTRA
09,29,1,2021,14,KARNATAKA,UTTAR PRADESH
27,30,1,2021,19,GOA,MAHARASHTRA
06,32,1,2021,1,KERALA,HARYANA
09,32,1,2021,14,KERALA,UTTAR PRADESH
33,32,1,2021,12,KERALA,TAMIL NADU
29,36,1,2021,3,TELANGANA,KARNATAKA
09,01,2,2021,253,JAMMU AND KASHMIR,UTTAR PRADESH
10,01,2,2021,185,JAMMU AND KASHMIR,BIHAR
20,01,2,2021,1,JAMMU AND KASHMIR,JHARKHAND
06,02,2,2021,1,HIMACHAL PRADESH,HARYANA
09,06,2,2021,400,HARYANA,UTTAR PRADESH
10,09,2,2021,78,UTTAR PRADESH,BIHAR
36,09,2,2021,5,UTTAR PRADESH,TELANGANA
09,10,2,2021,4,BIHAR,UTTAR PRADESH
10,13,2,2021,15,NAGALAND,BIHAR
20,16,2,2021,1,TRIPURA,JHARKHAND
09,20,2,2021,13,JHARKHAND,UTTAR PRADESH
08,23,2,2021,2,MADHYA PRADESH,RAJASTHAN
06,28,2,2021,1,ANDHRA PRADESH,HARYANA
10,28,2,2021,2,ANDHRA PRADESH,BIHAR
28,29,2,2021,5,KARNATAKA,ANDHRA PRADESH
33,29,2,2021,15,KARNATAKA,TAMIL NADU
09,30,2,2021,35,GOA,UTTAR PRADESH
23,30,2,2021,3,GOA,MADHYA PRADESH
27,32,2,2021,40,KERALA,MAHARASHTRA
05,01,3,2021,3,JAMMU AND KASHMIR,UTTARAKHAND
10,01,3,2021,137,JAMMU AND KASHMIR,BIHAR
09,03,3,2021,53,PUNJAB,UTTAR PRADESH
09,04,3,2021,6,CHANDIGARH,UTTAR PRADESH
10,04,3,2021,4,CHANDIGARH,BIHAR
03,06,3,2021,8,HARYANA,PUNJAB
05,06,3,2021,1,HARYANA,UTTARAKHAND
20,06,3,2021,9,HARYANA,JHARKHAND
03,08,3,2021,2,RAJASTHAN,PUNJAB
10,08,3,2021,7,RAJASTHAN,BIHAR
20,16,3,2021,9,TRIPURA,JHARKHAND
06,20,3,2021,1,JHARKHAND,HARYANA
09,20,3,2021,14,JHARKHAND,UTTAR PRADESH
27,20,3,2021,3,JHARKHAND,MAHARASHTRA
27,24,3,2021,123,GUJARAT,MAHARASHTRA
29,24,3,2021,2,GUJARAT,KARNATAKA
20,27,3,2021,1,MAHARASHTRA,JHARKHAND
23,27,3,2021,17,MAHARASHTRA,MADHYA PRADESH
24,27,3,2021,4,MAHARASHTRA,GUJARAT
29,27,3,2021,23,MAHARASHTRA,KARNATAKA
36,27,3,2021,2,MAHARASHTRA,TELANGANA
23,29,3,2021,8,KARNATAKA,MADHYA PRADESH
32,30,3,2021,1,GOA,KERALA
09,32,3,2021,22,KERALA,UTTAR PRADESH
27,32,3,2021,38,KERALA,MAHARASHTRA
33,32,3,2021,29,KERALA,TAMIL NADU
36,32,3,2021,2,KERALA,TELANGANA
09,01,4,2021,472,JAMMU AND KASHMIR,UTTAR PRADESH
23,01,4,2021,10,JAMMU AND KASHMIR,MADHYA PRADESH
03,02,4,2021,2,HIMACHAL PRADESH,PUNJAB
10,02,4,2021,32,HIMACHAL PRADESH,BIHAR
09,03,4,2021,40,PUNJAB,UTTAR PRADESH
06,05,4,2021,1,UTTARAKHAND,HARYANA
06,08,4,2021,42,RAJASTHAN,HARYANA
10,09,4,2021,213,UTTAR PRADESH,BIHAR
27,10,4,2021,14,BIHAR,MAHARASHTRA
36,10,4,2021,2,BIHAR,TELANGANA
06,16,4,2021,4,TRIPURA,HARYANA
09,16,4,2021,2,TRIPURA,UTTAR PRADESH
06,20,4,2021,1,JHARKHAND,HARYANA
27,20,4,2021,3,JHARKHAND,MAHARASHTRA
09,23,4,2021,47,MADHYA PRADESH,UTTAR PRADESH
10,23,4,2021,32,MADHYA PRADESH,BIHAR
20,23,4,2021,9,MADHYA PRADESH,JHARKHAND
20,24,4,2021,21,GUJARAT,JHARKHAND
21,24,4,2021,5,GUJARAT,ODISHA
01,27,4,2021,17,MAHARASHTRA,JAMMU AND KASHMIR
20,27,4,2021,1,MAHARASHTRA,JHARKHAND
28,27,4,2021,2,MAHARASHTRA,ANDHRA PRADESH
28,29,4,2021,20,KARNATAKA,ANDHRA PRADESH
28,30,4,2021,1,GOA,ANDHRA PRADESH
06,32,4,2021,1,KERALA,HARYANA
09,32,4,2021,26,KERALA,UTTAR PRADESH
27,32,4,2021,38,KERALA,MAHARASHTRA
27,36,4,2021,86,TELANGANA,MAHARASHTRA
33,36,4,2021,4,TELANGANA,TAMIL NADU
08,37,4,2021,2,LADAKH,RAJASTHAN
27,01,5,2021,7,JAMMU AND KASHMIR,MAHARASHTRA
06,03,5,2021,1,PUNJAB,HARYANA
06,05,5,2021,2,UTTARAKHAND,HARYANA
09,05,5,2021,649,UTTARAKHAND,UTTAR PRADESH
09,06,5,2021,1359,HARYANA,UTTAR PRADESH
20,06,5,2021,22,HARYANA,JHARKHAND
23,06,5,2021,39,HARYANA,MADHYA PRADESH
36,06,5,2021,2,HARYANA,TELANGANA
24,08,5,2021,7,RAJASTHAN,GUJARAT
09,10,5,2021,91,BIHAR,UTTAR PRADESH
20,10,5,2021,34,BIHAR,JHARKHAND
13,16,5,2021,1,TRIPURA,NAGALAND
06,23,5,2021,2,MADHYA PRADESH,HARYANA
09,23,5,2021,57,MADHYA PRADESH,UTTAR PRADESH
24,23,5,2021,3,MADHYA PRADESH,GUJARAT
02,24,5,2021,1,GUJARAT,HIMACHAL PRADESH
06,24,5,2021,14,GUJARAT,HARYANA
06,27,5,2021,5,MAHARASHTRA,HARYANA
09,27,5,2021,488,MAHARASHTRA,UTTAR PRADESH
09,28,5,2021,13,ANDHRA PRADESH,UTTAR PRADESH
10,28,5,2021,103,ANDHRA PRADESH,BIHAR
21,28,5,2021,70,ANDHRA PRADESH,ODISHA
24,28,5,2021,1,ANDHRA PRADESH,GUJARAT
33,28,5,2021,9,ANDHRA PRADESH,TAMIL NADU
09,29,5,2021,51,KARNATAKA,UTTAR PRADESH
32,29,5,2021,15,KARNATAKA,KERALA
33,30,5,2021,1,GOA,TAMIL NADU
20,32,5,2021,2,KERALA,JHARKHAND
13,36,5,2021,1,TELANGANA,NAGALAND
10,02,6,2021,8,HIMACHAL PRADESH,BIHAR
21,02,6,2021,2,HIMACHAL PRADESH,ODISHA
02,03,6,2021,1,PUNJAB,HIMACHAL PRADESH
06,03,6,2021,3,PUNJAB,HARYANA
20,03,6,2021,1,PUNJAB,JHARKHAND
06,05,6,2021,1,UTTARAKHAND,HARYANA
27,05,6,2021,1,UTTARAKHAND,MAHARASHTRA
29,06,6,2021,1,HARYANA,KARNATAKA
36,06,6,2021,1,HARYANA,TELANGANA
32,08,6,2021,1,RAJASTHAN,KERALA
06,09,6,2021,95,UTTAR PRADESH,HARYANA
10,09,6,2021,199,UTTAR PRADESH,BIHAR
24,09,6,2021,38,UTTAR PRADESH,GUJARAT
32,09,6,2021,1,UTTAR PRADESH,KERALA
24,10,6,2021,6,BIHAR,GUJARAT
29,10,6,2021,6,BIHAR,KARNATAKA
10,12,6,2021,6,ARUNACHAL PRADESH,BIHAR
10,13,6,2021,17,NAGALAND,BIHAR
10,20,6,2021,266,JHARKHAND,BIHAR
24,20,6,2021,1,JHARKHAND,GUJARAT
08,23,6,2021,7,MADHYA PRADESH,RAJASTHAN
09,23,6,2021,147,MADHYA PRADESH,UTTAR PRADESH
10,23,6,2021,62,MADHYA PRADESH,BIHAR
24,23,6,2021,7,MADHYA PRADESH,GUJARAT
09,24,6,2021,1019,GUJARAT,UTTAR PRADESH
28,24,6,2021,1,GUJARAT,ANDHRA PRADESH
29,28,6,2021,23,ANDHRA PRADESH,KARNATAKA
36,28,6,2021,37,ANDHRA PRADESH,TELANGANA
06,29,6,2021,3,KARNATAKA,HARYANA
20,29,6,2021,4,KARNATAKA,JHARKHAND
21,29,6,2021,31,KARNATAKA,ODISHA
36,29,6,2021,12,KARNATAKA,TELANGANA
06,30,6,2021,1,GOA,HARYANA
09,30,6,2021,60,GOA,UTTAR PRADESH
21,30,6,2021,2,GOA,ODISHA
23,30,6,2021,3,GOA,MADHYA PRADESH
24,30,6,2021,1,GOA,GUJARAT
32,30,6,2021,1,GOA,KERALA
10,32,6,2021,7,KERALA,BIHAR
24,32,6,2021,2,KERALA,GUJARAT
23,01,7,2021,23,JAMMU AND KASHMIR,MADHYA PRADESH
27,01,7,2021,2,JAMMU AND KASHMIR,MAHARASHTRA
20,02,7,2021,3,HIMACHAL PRADESH,JHARKHAND
08,03,7,2021,1,PUNJAB,RAJASTHAN
20,03,7,2021,1,PUNJAB,JHARKHAND
10,04,7,2021,9,CHANDIGARH,BIHAR
10,05,7,2021,60,UTTARAKHAND,BIHAR
21,05,7,2021,1,UTTARAKHAND,ODISHA
01,06,7,2021,3,HARYANA,JAMMU AND KASHMIR
24,07,7,2021,2,DELHI,GUJARAT
03,08,7,2021,4,RAJASTHAN,PUNJAB
03,10,7,2021,1,BIHAR,PUNJAB
06,10,7,2021,28,BIHAR,HARYANA
21,10,7,2021,5,BIHAR,ODISHA
29,10,7,2021,6,BIHAR,KARNATAKA
06,11,7,2021,29,SIKKIM,HARYANA
10,11,7,2021,8,SIKKIM,BIHAR
09,12,7,2021,1,ARUNACHAL PRADESH,UTTAR PRADESH
20,12,7,2021,1,ARUNACHAL PRADESH,JHARKHAND
09,19,7,2021,1,WEST BENGAL,UTTAR PRADESH
09,20,7,2021,34,JHARKHAND,UTTAR PRADESH
10,21,7,2021,4,ODISHA,BIHAR
27,23,7,2021,40,MADHYA PRADESH,MAHARASHTRA
09,24,7,2021,1452,GUJARAT,UTTAR PRADESH
20,24,7,2021,20,GUJARAT,JHARKHAND
23,24,7,2021,242,GUJARAT,MADHYA PRADESH
28,24,7,2021,1,GUJARAT,ANDHRA PRADESH
16,27,7,2021,1,MAHARASHTRA,TRIPURA
28,27,7,2021,5,MAHARASHTRA,ANDHRA PRADESH
29,27,7,2021,50,MAHARASHTRA,KARNATAKA
10,28,7,2021,18,ANDHRA PRADESH,BIHAR
21,29,7,2021,20,KARNATAKA,ODISHA
30,29,7,2021,4,KARNATAKA,GOA
32,29,7,2021,17,KARNATAKA,KERALA
06,30,7,2021,41,GOA,HARYANA
27,30,7,2021,45,GOA,MAHARASHTRA
32,30,7,2021,1,GOA,KERALA
06,32,7,2021,1,KERALA,HARYANA
20,32,7,2021,3,KERALA,JHARKHAND
21,32,7,2021,1,KERALA,ODISHA
20,35,7,2021,6,ANDAMAN AND NICOBAR ISLANDS,JHARKHAND
08,02,8,2021,1,HIMACHAL PRADESH,RAJASTHAN
20,02,8,2021,5,HIMACHAL PRADESH,JHARKHAND
02,03,8,2021,3,PUNJAB,HIMACHAL PRADESH
21,03,8,2021,1,PUNJAB,ODISHA
09,04,8,2021,11,CHANDIGARH,UTTAR PRADESH
27,06,8,2021,7,HARYANA,MAHARASHTRA
33,07,8,2021,15,DELHI,TAMIL NADU
27,08,8,2021,5,RAJASTHAN,MAHARASHTRA
08,09,8,2021,19,UTTAR PRADESH,RAJASTHAN
24,09,8,2021,14,UTTAR PRADESH,GUJARAT
03,10,8,2021,5,BIHAR,PUNJAB
09,10,8,2021,147,BIHAR,UTTAR PRADESH
21,10,8,2021,4,BIHAR,ODISHA
23,10,8,2021,12,BIHAR,MADHYA PRADESH
24,10,8,2021,3,BIHAR,GUJARAT
36,10,8,2021,6,BIHAR,TELANGANA
09,11,8,2021,2,SIKKIM,UTTAR PRADESH
10,12,8,2021,8,ARUNACHAL PRADESH,BIHAR
09,16,8,2021,1,TRIPURA,UTTAR PRADESH
13,16,8,2021,1,TRIPURA,NAGALAND
10,17,8,2021,2,MEGHALAYA,BIHAR
10,19,8,2021,34,WEST BENGAL,BIHAR
21,19,8,2021,1,WEST BENGAL,ODISHA
10,21,8,2021,14,ODISHA,BIHAR
24,23,8,2021,8,MADHYA PRADESH,GUJARAT
06,24,8,2021,19,GUJARAT,HARYANA
08,24,8,2021,189,GUJARAT,RAJASTHAN
20,24,8,2021,33,GUJARAT,JHARKHAND
27,24,8,2021,467,GUJARAT,MAHARASHTRA
28,27,8,2021,4,MAHARASHTRA,ANDHRA PRADESH
09,29,8,2021,138,KARNATAKA,UTTAR PRADESH
21,29,8,2021,26,KARNATAKA,ODISHA
24,29,8,2021,3,KARNATAKA,GUJARAT
10,30,8,2021,71,GOA,BIHAR
32,30,8,2021,1,GOA,KERALA
33,30,8,2021,1,GOA,TAMIL NADU
10,32,8,2021,57,KERALA,BIHAR
23,32,8,2021,30,KERALA,MADHYA PRADESH
33,32,8,2021,97,KERALA,TAMIL NADU
09,33,8,2021,2,TAMIL NADU,UTTAR PRADESH
20,35,8,2021,3,ANDAMAN AND NICOBAR ISLANDS,JHARKHAND
33,36,8,2021,2,TELANGANA,TAMIL NADU
05,01,9,2021,7,JAMMU AND KASHMIR,UTTARAKHAND
09,01,9,2021,772,JAMMU AND KASHMIR,UTTAR PRADESH
20,01,9,2021,2,JAMMU AND KASHMIR,JHARKHAND
23,01,9,2021,138,JAMMU AND KASHMIR,MADHYA PRADESH
10,03,9,2021,468,PUNJAB,BIHAR
23,03,9,2021,6,PUNJAB,MADHYA PRADESH
09,05,9,2021,2886,UTTARAKHAND,UTTAR PRADESH
06,09,9,2021,212,UTTAR PRADESH,HARYANA
21,09,9,2021,12,UTTAR PRADESH,ODISHA
27,09,9,2021,514,UTTAR PRADESH,MAHARASHTRA
03,10,9,2021,1,BIHAR,PUNJAB
06,10,9,2021,14,BIHAR,HARYANA
08,10,9,2021,2,BIHAR,RAJASTHAN
23,10,9,2021,5,BIHAR,MADHYA PRADESH
09,12,9,2021,1,ARUNACHAL PRADESH,UTTAR PRADESH
13,16,9,2021,1,TRIPURA,NAGALAND
10,19,9,2021,47,WEST BENGAL,BIHAR
09,21,9,2021,25,ODISHA,UTTAR PRADESH
36,21,9,2021,1,ODISHA,TELANGANA
27,23,9,2021,72,MADHYA PRADESH,MAHARASHTRA
10,24,9,2021,874,GUJARAT,BIHAR
16,24,9,2021,1,GUJARAT,TRIPURA
27,24,9,2021,477,GUJARAT,MAHARASHTRA
28,24,9,2021,1,GUJARAT,ANDHRA PRADESH
10,27,9,2021,2203,MAHARASHTRA,BIHAR
16,29,9,2021,3,KARNATAKA,TRIPURA
21,29,9,2021,54,KARNATAKA,ODISHA
32,29,9,2021,24,KARNATAKA,KERALA
36,29,9,2021,11,KARNATAKA,TELANGANA
10,30,9,2021,71,GOA,BIHAR
20,30,9,2021,4,GOA,JHARKHAND
29,30,9,2021,211,GOA,KARNATAKA
32,30,9,2021,1,GOA,KERALA
33,30,9,2021,1,GOA,TAMIL NADU
08,32,9,2021,1,KERALA,RAJASTHAN
23,32,9,2021,35,KERALA,MADHYA PRADESH
27,32,9,2021,52,KERALA,MAHARASHTRA
20,33,9,2021,38,TAMIL NADU,JHARKHAND
28,36,9,2021,203,TELANGANA,ANDHRA PRADESH
33,36,9,2021,2,TELANGANA,TAMIL NADU
28,10,5,2022,4,BIHAR,ANDHRA PRADESH
36,10,5,2022,13,BIHAR,TELANGANA
10,11,5,2022,46,SIKKIM,BIHAR
21,11,5,2022,1,SIKKIM,ODISHA
10,20,5,2022,341,JHARKHAND,BIHAR
22,20,5,2022,5,JHARKHAND,CHHATTISGARH
24,21,5,2022,1,ODISHA,GUJARAT
10,22,5,2022,43,CHHATTISGARH,BIHAR
20,23,5,2022,40,MADHYA PRADESH,JHARKHAND
21,23,5,2022,7,MADHYA PRADESH,ODISHA
22,23,5,2022,25,MADHYA PRADESH,CHHATTISGARH
29,23,5,2022,1,MADHYA PRADESH,KARNATAKA
08,24,5,2022,368,GUJARAT,RAJASTHAN
20,24,5,2022,97,GUJARAT,JHARKHAND
22,24,5,2022,21,GUJARAT,CHHATTISGARH
29,24,5,2022,11,GUJARAT,KARNATAKA
08,27,5,2022,50,MAHARASHTRA,RAJASTHAN
20,27,5,2022,89,MAHARASHTRA,JHARKHAND
10,28,5,2022,29,ANDHRA PRADESH,BIHAR
20,28,5,2022,3,ANDHRA PRADESH,JHARKHAND
10,29,5,2022,401,KARNATAKA,BIHAR
30,29,5,2022,7,KARNATAKA,GOA
20,30,5,2022,6,GOA,JHARKHAND
23,30,5,2022,2,GOA,MADHYA PRADESH
32,30,5,2022,1,GOA,KERALA
16,32,5,2022,3,KERALA,TRIPURA
27,33,5,2022,4,TAMIL NADU,MAHARASHTRA
28,33,5,2022,1,TAMIL NADU,ANDHRA PRADESH
29,33,5,2022,7,TAMIL NADU,KARNATAKA
19,35,5,2022,3,ANDAMAN AND NICOBAR ISLANDS,WEST BENGAL
27,37,5,2022,2,LADAKH,MAHARASHTRA
10,01,6,2022,1006,JAMMU AND KASHMIR,BIHAR
22,01,6,2022,199,JAMMU AND KASHMIR,CHHATTISGARH
27,01,6,2022,5,JAMMU AND KASHMIR,MAHARASHTRA
33,01,6,2022,2,JAMMU AND KASHMIR,TAMIL NADU
08,02,6,2022,4,HIMACHAL PRADESH,RAJASTHAN
20,02,6,2022,14,HIMACHAL PRADESH,JHARKHAND
07,03,6,2022,4,PUNJAB,DELHI
06,05,6,2022,9,UTTARAKHAND,HARYANA
23,05,6,2022,18,UTTARAKHAND,MADHYA PRADESH
01,07,6,2022,30,DELHI,JAMMU AND KASHMIR
13,07,6,2022,4,DELHI,NAGALAND
20,07,6,2022,1523,DELHI,JHARKHAND
24,07,6,2022,64,DELHI,GUJARAT
29,07,6,2022,5,DELHI,KARNATAKA
32,07,6,2022,20,DELHI,KERALA
23,08,6,2022,333,RAJASTHAN,MADHYA PRADESH
02,10,6,2022,1,BIHAR,HIMACHAL PRADESH
08,10,6,2022,32,BIHAR,RAJASTHAN
13,10,6,2022,3,BIHAR,NAGALAND
10,11,6,2022,47,SIKKIM,BIHAR
10,17,6,2022,5,MEGHALAYA,BIHAR
06,18,6,2022,1,ASSAM,HARYANA
07,19,6,2022,1,WEST BENGAL,DELHI
05,20,6,2022,1,JHARKHAND,UTTARAKHAND
06,20,6,2022,2,JHARKHAND,HARYANA
10,20,6,2022,354,JHARKHAND,BIHAR
21,20,6,2022,1,JHARKHAND,ODISHA
22,20,6,2022,4,JHARKHAND,CHHATTISGARH
06,22,6,2022,10,CHHATTISGARH,HARYANA
27,22,6,2022,6,CHHATTISGARH,MAHARASHTRA
02,24,6,2022,1,GUJARAT,HIMACHAL PRADESH
07,24,6,2022,22,GUJARAT,DELHI
32,24,6,2022,3,GUJARAT,KERALA
06,27,6,2022,29,MAHARASHTRA,HARYANA
08,27,6,2022,61,MAHARASHTRA,RAJASTHAN
23,27,6,2022,215,MAHARASHTRA,MADHYA PRADESH
28,27,6,2022,2,MAHARASHTRA,ANDHRA PRADESH
19,28,6,2022,1,ANDHRA PRADESH,WEST BENGAL
33,28,6,2022,1,ANDHRA PRADESH,TAMIL NADU
07,29,6,2022,7,KARNATAKA,DELHI
08,29,6,2022,7,KARNATAKA,RAJASTHAN
10,29,6,2022,471,KARNATAKA,BIHAR
23,29,6,2022,5,KARNATAKA,MADHYA PRADESH
27,29,6,2022,93,KARNATAKA,MAHARASHTRA
28,29,6,2022,37,KARNATAKA,ANDHRA PRADESH
33,29,6,2022,71,KARNATAKA,TAMIL NADU
36,29,6,2022,6,KARNATAKA,TELANGANA
02,30,6,2022,1,GOA,HIMACHAL PRADESH
23,30,6,2022,6,GOA,MADHYA PRADESH
24,30,6,2022,1,GOA,GUJARAT
28,30,6,2022,1,GOA,ANDHRA PRADESH
06,32,6,2022,2,KERALA,HARYANA
16,32,6,2022,3,KERALA,TRIPURA
20,32,6,2022,31,KERALA,JHARKHAND
30,32,6,2022,1,KERALA,GOA
22,33,6,2022,30,TAMIL NADU,CHHATTISGARH
10,35,6,2022,15,ANDAMAN AND NICOBAR ISLANDS,BIHAR
06,36,6,2022,8,TELANGANA,HARYANA
23,36,6,2022,7,TELANGANA,MADHYA PRADESH
01,37,6,2022,9,LADAKH,JAMMU AND KASHMIR
27,37,6,2022,2,LADAKH,MAHARASHTRA
05,01,7,2022,3,JAMMU AND KASHMIR,UTTARAKHAND
10,01,7,2022,851,JAMMU AND KASHMIR,BIHAR
20,02,7,2022,25,HIMACHAL PRADESH,JHARKHAND
23,02,7,2022,110,HIMACHAL PRADESH,MADHYA PRADESH
27,02,7,2022,1,HIMACHAL PRADESH,MAHARASHTRA
07,03,7,2022,1,PUNJAB,DELHI
10,03,7,2022,372,PUNJAB,BIHAR
22,03,7,2022,1,PUNJAB,CHHATTISGARH
09,04,7,2022,6,CHANDIGARH,UTTAR PRADESH
10,05,7,2022,573,UTTARAKHAND,BIHAR
07,06,7,2022,14,HARYANA,DELHI
27,06,7,2022,16,HARYANA,MAHARASHTRA
13,07,7,2022,3,DELHI,NAGALAND
22,07,7,2022,161,DELHI,CHHATTISGARH
24,07,7,2022,92,DELHI,GUJARAT
28,07,7,2022,2,DELHI,ANDHRA PRADESH
29,07,7,2022,10,DELHI,KARNATAKA
05,08,7,2022,7,RAJASTHAN,UTTARAKHAND
33,08,7,2022,1,RAJASTHAN,TAMIL NADU
21,09,7,2022,1,UTTAR PRADESH,ODISHA
05,10,7,2022,12,BIHAR,UTTARAKHAND
21,10,7,2022,38,BIHAR,ODISHA
28,10,7,2022,4,BIHAR,ANDHRA PRADESH
06,11,7,2022,2,SIKKIM,HARYANA
06,13,7,2022,1,NAGALAND,HARYANA
20,19,7,2022,3,WEST BENGAL,JHARKHAND
21,19,7,2022,2,WEST BENGAL,ODISHA
19,20,7,2022,2,JHARKHAND,WEST BENGAL
21,20,7,2022,2,JHARKHAND,ODISHA
27,20,7,2022,7,JHARKHAND,MAHARASHTRA
29,21,7,2022,4,ODISHA,KARNATAKA
09,22,7,2022,12,CHHATTISGARH,UTTAR PRADESH
21,23,7,2022,7,MADHYA PRADESH,ODISHA
08,24,7,2022,456,GUJARAT,RAJASTHAN
09,24,7,2022,2835,GUJARAT,UTTAR PRADESH
10,24,7,2022,2147,GUJARAT,BIHAR
20,24,7,2022,126,GUJARAT,JHARKHAND
22,27,7,2022,13,MAHARASHTRA,CHHATTISGARH
23,27,7,2022,148,MAHARASHTRA,MADHYA PRADESH
29,27,7,2022,59,MAHARASHTRA,KARNATAKA
08,29,7,2022,9,KARNATAKA,RAJASTHAN
22,29,7,2022,24,KARNATAKA,CHHATTISGARH
23,29,7,2022,10,KARNATAKA,MADHYA PRADESH
09,30,7,2022,99,GOA,UTTAR PRADESH
22,30,7,2022,2,GOA,CHHATTISGARH
29,30,7,2022,197,GOA,KARNATAKA
33,30,7,2022,5,GOA,TAMIL NADU
21,32,7,2022,7,KERALA,ODISHA
29,32,7,2022,344,KERALA,KARNATAKA
30,32,7,2022,1,KERALA,GOA
08,33,7,2022,7,TAMIL NADU,RAJASTHAN
09,33,7,2022,14,TAMIL NADU,UTTAR PRADESH
29,33,7,2022,12,TAMIL NADU,KARNATAKA
36,33,7,2022,1,TAMIL NADU,TELANGANA
33,35,7,2022,3,ANDAMAN AND NICOBAR ISLANDS,TAMIL NADU
22,36,7,2022,10,TELANGANA,CHHATTISGARH
23,36,7,2022,10,TELANGANA,MADHYA PRADESH
28,36,7,2022,131,TELANGANA,ANDHRA PRADESH
32,36,7,2022,1,TELANGANA,KERALA
09,01,8,2022,3567,JAMMU AND KASHMIR,UTTAR PRADESH
10,01,8,2022,740,JAMMU AND KASHMIR,BIHAR
19,01,8,2022,10,JAMMU AND KASHMIR,WEST BENGAL
08,02,8,2022,2,HIMACHAL PRADESH,RAJASTHAN
09,02,8,2022,3471,HIMACHAL PRADESH,UTTAR PRADESH
23,02,8,2022,117,HIMACHAL PRADESH,MADHYA PRADESH
09,04,8,2022,8,CHANDIGARH,UTTAR PRADESH
21,05,8,2022,1,UTTARAKHAND,ODISHA
24,05,8,2022,2,UTTARAKHAND,GUJARAT
33,05,8,2022,1,UTTARAKHAND,TAMIL NADU
01,06,8,2022,5,HARYANA,JAMMU AND KASHMIR
09,06,8,2022,20203,HARYANA,UTTAR PRADESH
23,06,8,2022,3000,HARYANA,MADHYA PRADESH
02,07,8,2022,72,DELHI,HIMACHAL PRADESH
06,07,8,2022,2443,DELHI,HARYANA
08,07,8,2022,1650,DELHI,RAJASTHAN
29,07,8,2022,9,DELHI,KARNATAKA
36,08,8,2022,2,RAJASTHAN,TELANGANA
09,10,8,2022,396,BIHAR,UTTAR PRADESH
18,10,8,2022,3,BIHAR,ASSAM
19,16,8,2022,1,TRIPURA,WEST BENGAL
09,18,8,2022,1,ASSAM,UTTAR PRADESH
10,19,8,2022,68,WEST BENGAL,BIHAR
33,19,8,2022,2,WEST BENGAL,TAMIL NADU
22,20,8,2022,6,JHARKHAND,CHHATTISGARH
22,21,8,2022,5,ODISHA,CHHATTISGARH
06,22,8,2022,3,CHHATTISGARH,HARYANA
07,23,8,2022,25,MADHYA PRADESH,DELHI
08,24,8,2022,443,GUJARAT,RAJASTHAN
09,24,8,2022,3448,GUJARAT,UTTAR PRADESH
21,24,8,2022,264,GUJARAT,ODISHA
29,24,8,2022,17,GUJARAT,KARNATAKA
08,27,8,2022,43,MAHARASHTRA,RAJASTHAN
09,27,8,2022,4289,MAHARASHTRA,UTTAR PRADESH
19,27,8,2022,23,MAHARASHTRA,WEST BENGAL
32,27,8,2022,1,MAHARASHTRA,KERALA
09,28,8,2022,4,ANDHRA PRADESH,UTTAR PRADESH
10,28,8,2022,1,ANDHRA PRADESH,BIHAR
06,29,8,2022,1,KARNATAKA,HARYANA
07,29,8,2022,4,KARNATAKA,DELHI
18,29,8,2022,4,KARNATAKA,ASSAM
22,29,8,2022,21,KARNATAKA,CHHATTISGARH
10,20,7,2023,1081,JHARKHAND,BIHAR
27,20,7,2023,13,JHARKHAND,MAHARASHTRA
28,20,7,2023,1,JHARKHAND,ANDHRA PRADESH
24,21,7,2023,3,ODISHA,GUJARAT
20,22,7,2023,2,CHHATTISGARH,JHARKHAND
27,22,7,2023,1,CHHATTISGARH,MAHARASHTRA
09,24,7,2023,4445,GUJARAT,UTTAR PRADESH
22,24,7,2023,73,GUJARAT,CHHATTISGARH
29,24,7,2023,8,GUJARAT,KARNATAKA
33,24,7,2023,1,GUJARAT,TAMIL NADU
29,30,7,2023,147,GOA,KARNATAKA
07,32,7,2023,5,KERALA,DELHI
29,32,7,2023,146,KERALA,KARNATAKA
09,33,7,2023,9,TAMIL NADU,UTTAR PRADESH
10,33,7,2023,326,TAMIL NADU,BIHAR
19,35,7,2023,7,ANDAMAN AND NICOBAR ISLANDS,WEST BENGAL
06,36,7,2023,2,TELANGANA,HARYANA
07,36,7,2023,4,TELANGANA,DELHI
23,36,7,2023,123,TELANGANA,MADHYA PRADESH
24,36,7,2023,3,TELANGANA,GUJARAT
28,36,7,2023,673,TELANGANA,ANDHRA PRADESH
01,37,7,2023,10,LADAKH,JAMMU AND KASHMIR
07,01,8,2023,4,JAMMU AND KASHMIR,DELHI
08,01,8,2023,6,JAMMU AND KASHMIR,RAJASTHAN
09,01,8,2023,3831,JAMMU AND KASHMIR,UTTAR PRADESH
10,01,8,2023,1291,JAMMU AND KASHMIR,BIHAR
18,01,8,2023,9,JAMMU AND KASHMIR,ASSAM
20,01,8,2023,1,JAMMU AND KASHMIR,JHARKHAND
27,01,8,2023,2,JAMMU AND KASHMIR,MAHARASHTRA
10,02,8,2023,2158,HIMACHAL PRADESH,BIHAR
23,03,8,2023,3,PUNJAB,MADHYA PRADESH
05,04,8,2023,3,CHANDIGARH,UTTARAKHAND
09,04,8,2023,13,CHANDIGARH,UTTAR PRADESH
10,05,8,2023,1399,UTTARAKHAND,BIHAR
23,05,8,2023,33,UTTARAKHAND,MADHYA PRADESH
27,05,8,2023,3,UTTARAKHAND,MAHARASHTRA
08,06,8,2023,863,HARYANA,RAJASTHAN
21,06,8,2023,33,HARYANA,ODISHA
02,07,8,2023,39,DELHI,HIMACHAL PRADESH
10,07,8,2023,152043,DELHI,BIHAR
16,07,8,2023,1,DELHI,TRIPURA
23,07,8,2023,17001,DELHI,MADHYA PRADESH
05,08,8,2023,10,RAJASTHAN,UTTARAKHAND
20,08,8,2023,11,RAJASTHAN,JHARKHAND
24,08,8,2023,39,RAJASTHAN,GUJARAT
05,09,8,2023,1,UTTAR PRADESH,UTTARAKHAND
08,09,8,2023,3,UTTAR PRADESH,RAJASTHAN
27,09,8,2023,55,UTTAR PRADESH,MAHARASHTRA
22,10,8,2023,60,BIHAR,CHHATTISGARH
23,10,8,2023,68,BIHAR,MADHYA PRADESH
06,11,8,2023,5,SIKKIM,HARYANA
10,16,8,2023,4,TRIPURA,BIHAR
09,18,8,2023,1,ASSAM,UTTAR PRADESH
21,19,8,2023,6,WEST BENGAL,ODISHA
19,20,8,2023,1,JHARKHAND,WEST BENGAL
10,22,8,2023,87,CHHATTISGARH,BIHAR
18,22,8,2023,14,CHHATTISGARH,ASSAM
23,22,8,2023,54,CHHATTISGARH,MADHYA PRADESH
08,23,8,2023,145,MADHYA PRADESH,RAJASTHAN
10,23,8,2023,687,MADHYA PRADESH,BIHAR
21,24,8,2023,9,GUJARAT,ODISHA
23,24,8,2023,2763,GUJARAT,MADHYA PRADESH
33,24,8,2023,1,GUJARAT,TAMIL NADU
18,27,8,2023,23,MAHARASHTRA,ASSAM
16,29,8,2023,1,KARNATAKA,TRIPURA
18,29,8,2023,6,KARNATAKA,ASSAM
22,29,8,2023,9,KARNATAKA,CHHATTISGARH
23,29,8,2023,14,KARNATAKA,MADHYA PRADESH
27,29,8,2023,42,KARNATAKA,MAHARASHTRA
33,29,8,2023,29,KARNATAKA,TAMIL NADU
18,30,8,2023,4,GOA,ASSAM
01,32,8,2023,2,KERALA,JAMMU AND KASHMIR
09,33,8,2023,37,TAMIL NADU,UTTAR PRADESH
19,35,8,2023,3,ANDAMAN AND NICOBAR ISLANDS,WEST BENGAL
20,35,8,2023,1,ANDAMAN AND NICOBAR ISLANDS,JHARKHAND
08,36,8,2023,15,TELANGANA,RAJASTHAN
22,36,8,2023,150,TELANGANA,CHHATTISGARH
23,36,8,2023,160,TELANGANA,MADHYA PRADESH
08,37,8,2023,6,LADAKH,RAJASTHAN
07,01,9,2023,3,JAMMU AND KASHMIR,DELHI
20,01,9,2023,3,JAMMU AND KASHMIR,JHARKHAND
24,01,9,2023,1,JAMMU AND KASHMIR,GUJARAT
10,02,9,2023,2214,HIMACHAL PRADESH,BIHAR
23,02,9,2023,185,HIMACHAL PRADESH,MADHYA PRADESH
07,03,9,2023,8,PUNJAB,DELHI
20,03,9,2023,3,PUNJAB,JHARKHAND
10,04,9,2023,15,CHANDIGARH,BIHAR
09,05,9,2023,6281,UTTARAKHAND,UTTAR PRADESH
19,05,9,2023,3,UTTARAKHAND,WEST BENGAL
24,05,9,2023,1,UTTARAKHAND,GUJARAT
09,06,9,2023,29947,HARYANA,UTTAR PRADESH
28,06,9,2023,1,HARYANA,ANDHRA PRADESH
02,07,9,2023,33,DELHI,HIMACHAL PRADESH
06,07,9,2023,2172,DELHI,HARYANA
09,07,9,2023,130424,DELHI,UTTAR PRADESH
16,07,9,2023,1,DELHI,TRIPURA
21,07,9,2023,296,DELHI,ODISHA
27,07,9,2023,135,DELHI,MAHARASHTRA
33,07,9,2023,171,DELHI,TAMIL NADU
28,08,9,2023,1,RAJASTHAN,ANDHRA PRADESH
27,09,9,2023,57,UTTAR PRADESH,MAHARASHTRA
08,10,9,2023,36,BIHAR,RAJASTHAN
19,10,9,2023,181,BIHAR,WEST BENGAL
27,10,9,2023,207,BIHAR,MAHARASHTRA
19,16,9,2023,1,TRIPURA,WEST BENGAL
16,17,9,2023,3,MEGHALAYA,TRIPURA
19,17,9,2023,1,MEGHALAYA,WEST BENGAL
10,18,9,2023,4,ASSAM,BIHAR
07,19,9,2023,8,WEST BENGAL,DELHI
08,20,9,2023,1,JHARKHAND,RAJASTHAN
10,20,9,2023,947,JHARKHAND,BIHAR
07,22,9,2023,3,CHHATTISGARH,DELHI
09,22,9,2023,37,CHHATTISGARH,UTTAR PRADESH
10,22,9,2023,99,CHHATTISGARH,BIHAR
06,23,9,2023,21,MADHYA PRADESH,HARYANA
19,23,9,2023,1,MADHYA PRADESH,WEST BENGAL
32,23,9,2023,1,MADHYA PRADESH,KERALA
27,24,9,2023,604,GUJARAT,MAHARASHTRA
28,24,9,2023,4,GUJARAT,ANDHRA PRADESH
29,27,9,2023,166,MAHARASHTRA,KARNATAKA
33,27,9,2023,201,MAHARASHTRA,TAMIL NADU
33,29,9,2023,36,KARNATAKA,TAMIL NADU
05,30,9,2023,4,GOA,UTTARAKHAND
05,32,9,2023,4,KERALA,UTTARAKHAND
18,32,9,2023,119,KERALA,ASSAM
19,32,9,2023,81,KERALA,WEST BENGAL
20,32,9,2023,12,KERALA,JHARKHAND
24,32,9,2023,4,KERALA,GUJARAT
27,32,9,2023,63,KERALA,MAHARASHTRA
06,33,9,2023,1,TAMIL NADU,HARYANA
22,33,9,2023,4,TAMIL NADU,CHHATTISGARH
29,33,9,2023,4,TAMIL NADU,KARNATAKA
05,36,9,2023,3,TELANGANA,UTTARAKHAND
32,36,9,2023,5,TELANGANA,KERALA
01,37,9,2023,4,LADAKH,JAMMU AND KASHMIR
08,37,9,2023,3,LADAKH,RAJASTHAN
06,01,10,2023,8,JAMMU AND KASHMIR,HARYANA
07,01,10,2023,3,JAMMU AND KASHMIR,DELHI
08,01,10,2023,5,JAMMU AND KASHMIR,RAJASTHAN
23,01,10,2023,738,JAMMU AND KASHMIR,MADHYA PRADESH
20,02,10,2023,3,HIMACHAL PRADESH,JHARKHAND
27,02,10,2023,1,HIMACHAL PRADESH,MAHARASHTRA
18,03,10,2023,1,PUNJAB,ASSAM
05,04,10,2023,4,CHANDIGARH,UTTARAKHAND
09,04,10,2023,5,CHANDIGARH,UTTAR PRADESH
10,04,10,2023,10,CHANDIGARH,BIHAR
10,05,10,2023,1479,UTTARAKHAND,BIHAR
23,05,10,2023,32,UTTARAKHAND,MADHYA PRADESH
05,06,10,2023,271,HARYANA,UTTARAKHAND
06,07,10,2023,3283,DELHI,HARYANA
13,07,10,2023,3,DELHI,NAGALAND
23,07,10,2023,16175,DELHI,MADHYA PRADESH
28,07,10,2023,3,DELHI,ANDHRA PRADESH
29,07,10,2023,24,DELHI,KARNATAKA
33,07,10,2023,237,DELHI,TAMIL NADU
05,08,10,2023,11,RAJASTHAN,UTTARAKHAND
20,08,10,2023,4,RAJASTHAN,JHARKHAND
23,08,10,2023,1562,RAJASTHAN,MADHYA PRADESH
05,09,10,2023,1,UTTAR PRADESH,UTTARAKHAND
24,10,10,2023,32,BIHAR,GUJARAT
23,11,10,2023,1,SIKKIM,MADHYA PRADESH
20,16,10,2023,1,TRIPURA,JHARKHAND
19,17,10,2023,1,MEGHALAYA,WEST BENGAL
23,19,10,2023,5,WEST BENGAL,MADHYA PRADESH
06,20,10,2023,6,JHARKHAND,HARYANA
07,20,10,2023,27,JHARKHAND,DELHI
18,20,10,2023,1,JHARKHAND,ASSAM
19,20,10,2023,5,JHARKHAND,WEST BENGAL
27,20,10,2023,13,JHARKHAND,MAHARASHTRA
24,21,10,2023,1,ODISHA,GUJARAT
16,23,10,2023,1,MADHYA PRADESH,TRIPURA
27,23,10,2023,152,MADHYA PRADESH,MAHARASHTRA
09,24,10,2023,4877,GUJARAT,UTTAR PRADESH
21,24,10,2023,95,GUJARAT,ODISHA
27,24,10,2023,602,GUJARAT,MAHARASHTRA
29,24,10,2023,8,GUJARAT,KARNATAKA
10,27,10,2023,13326,MAHARASHTRA,BIHAR
18,27,10,2023,82,MAHARASHTRA,ASSAM
28,27,10,2023,4,MAHARASHTRA,ANDHRA PRADESH
22,29,10,2023,9,KARNATAKA,CHHATTISGARH
24,29,10,2023,2,KARNATAKA,GUJARAT
06,36,1,2022,4,TELANGANA,HARYANA
29,36,1,2022,137,TELANGANA,KARNATAKA
33,36,1,2022,1,TELANGANA,TAMIL NADU
08,01,2,2022,2,JAMMU AND KASHMIR,RAJASTHAN
22,02,2,2022,1,HIMACHAL PRADESH,CHHATTISGARH
10,03,2,2022,940,PUNJAB,BIHAR
19,03,2,2022,2,PUNJAB,WEST BENGAL
20,03,2,2022,14,PUNJAB,JHARKHAND
09,05,2,2022,3587,UTTARAKHAND,UTTAR PRADESH
10,05,2,2022,378,UTTARAKHAND,BIHAR
33,05,2,2022,1,UTTARAKHAND,TAMIL NADU
05,06,2,2022,117,HARYANA,UTTARAKHAND
24,06,2,2022,8,HARYANA,GUJARAT
27,06,2,2022,20,HARYANA,MAHARASHTRA
29,06,2,2022,2,HARYANA,KARNATAKA
32,07,2,2022,17,DELHI,KERALA
07,08,2,2022,11,RAJASTHAN,DELHI
19,08,2,2022,4,RAJASTHAN,WEST BENGAL
08,09,2,2022,29,UTTAR PRADESH,RAJASTHAN
27,09,2,2022,467,UTTAR PRADESH,MAHARASHTRA
03,10,2,2022,2,BIHAR,PUNJAB
13,10,2,2022,1,BIHAR,NAGALAND
27,10,2,2022,68,BIHAR,MAHARASHTRA
33,10,2,2022,1,BIHAR,TAMIL NADU
10,12,2,2022,6,ARUNACHAL PRADESH,BIHAR
10,16,2,2022,1086,TRIPURA,BIHAR
13,16,2,2022,1,TRIPURA,NAGALAND
20,16,2,2022,192,TRIPURA,JHARKHAND
10,17,2,2022,4,MEGHALAYA,BIHAR
09,20,2,2022,71,JHARKHAND,UTTAR PRADESH
10,20,2,2022,577,JHARKHAND,BIHAR
27,20,2,2022,10,JHARKHAND,MAHARASHTRA
27,21,2,2022,3,ODISHA,MAHARASHTRA
09,22,2,2022,5,CHHATTISGARH,UTTAR PRADESH
08,23,2,2022,34,MADHYA PRADESH,RAJASTHAN
20,23,2,2022,27,MADHYA PRADESH,JHARKHAND
06,24,2,2022,44,GUJARAT,HARYANA
16,24,2,2022,1,GUJARAT,TRIPURA
05,27,2,2022,6,MAHARASHTRA,UTTARAKHAND
06,27,2,2022,27,MAHARASHTRA,HARYANA
09,27,2,2022,8743,MAHARASHTRA,UTTAR PRADESH
23,27,2,2022,173,MAHARASHTRA,MADHYA PRADESH
24,27,2,2022,53,MAHARASHTRA,GUJARAT
32,27,2,2022,3,MAHARASHTRA,KERALA
29,28,2,2022,18,ANDHRA PRADESH,KARNATAKA
36,28,2,2022,31,ANDHRA PRADESH,TELANGANA
10,29,2,2022,496,KARNATAKA,BIHAR
21,29,2,2022,72,KARNATAKA,ODISHA
10,30,2,2022,115,GOA,BIHAR
23,30,2,2022,9,GOA,MADHYA PRADESH
36,30,2,2022,3,GOA,TELANGANA
08,32,2,2022,2,KERALA,RAJASTHAN
20,32,2,2022,22,KERALA,JHARKHAND
10,33,2,2022,126,TAMIL NADU,BIHAR
32,36,2,2022,1,TELANGANA,KERALA
05,01,3,2022,2,JAMMU AND KASHMIR,UTTARAKHAND
06,01,3,2022,1,JAMMU AND KASHMIR,HARYANA
06,02,3,2022,17,HIMACHAL PRADESH,HARYANA
07,02,3,2022,7,HIMACHAL PRADESH,DELHI
07,05,3,2022,29,UTTARAKHAND,DELHI
08,06,3,2022,419,HARYANA,RAJASTHAN
09,06,3,2022,25268,HARYANA,UTTAR PRADESH
10,06,3,2022,4517,HARYANA,BIHAR
21,06,3,2022,36,HARYANA,ODISHA
24,06,3,2022,10,HARYANA,GUJARAT
03,07,3,2022,28,DELHI,PUNJAB
20,07,3,2022,1569,DELHI,JHARKHAND
23,07,3,2022,7868,DELHI,MADHYA PRADESH
24,07,3,2022,71,DELHI,GUJARAT
28,07,3,2022,3,DELHI,ANDHRA PRADESH
05,08,3,2022,4,RAJASTHAN,UTTARAKHAND
09,08,3,2022,2447,RAJASTHAN,UTTAR PRADESH
10,08,3,2022,492,RAJASTHAN,BIHAR
23,08,3,2022,578,RAJASTHAN,MADHYA PRADESH
20,09,3,2022,129,UTTAR PRADESH,JHARKHAND
21,10,3,2022,24,BIHAR,ODISHA
23,10,3,2022,20,BIHAR,MADHYA PRADESH
09,11,3,2022,3,SIKKIM,UTTAR PRADESH
27,21,3,2022,2,ODISHA,MAHARASHTRA
36,21,3,2022,2,ODISHA,TELANGANA
06,23,3,2022,10,MADHYA PRADESH,HARYANA
24,23,3,2022,10,MADHYA PRADESH,GUJARAT
16,24,3,2022,1,GUJARAT,TRIPURA
21,24,3,2022,157,GUJARAT,ODISHA
23,24,3,2022,965,GUJARAT,MADHYA PRADESH
27,24,3,2022,639,GUJARAT,MAHARASHTRA
32,24,3,2022,5,GUJARAT,KERALA
10,27,3,2022,4794,MAHARASHTRA,BIHAR
19,27,3,2022,60,MAHARASHTRA,WEST BENGAL
23,27,3,2022,237,MAHARASHTRA,MADHYA PRADESH
32,27,3,2022,3,MAHARASHTRA,KERALA
36,27,3,2022,9,MAHARASHTRA,TELANGANA
19,28,3,2022,7,ANDHRA PRADESH,WEST BENGAL
36,28,3,2022,25,ANDHRA PRADESH,TELANGANA
06,29,3,2022,2,KARNATAKA,HARYANA
08,29,3,2022,3,KARNATAKA,RAJASTHAN
30,29,3,2022,3,KARNATAKA,GOA
32,29,3,2022,24,KARNATAKA,KERALA
32,30,3,2022,1,GOA,KERALA
08,32,3,2022,2,KERALA,RAJASTHAN
30,32,3,2022,1,KERALA,GOA
07,33,3,2022,1,TAMIL NADU,DELHI
27,33,3,2022,4,TAMIL NADU,MAHARASHTRA
19,35,3,2022,2,ANDAMAN AND NICOBAR ISLANDS,WEST BENGAL
28,36,3,2022,49,TELANGANA,ANDHRA PRADESH
32,36,3,2022,2,TELANGANA,KERALA
03,02,4,2022,2,HIMACHAL PRADESH,PUNJAB
21,02,4,2022,5,HIMACHAL PRADESH,ODISHA
06,03,4,2022,5,PUNJAB,HARYANA
09,03,4,2022,599,PUNJAB,UTTAR PRADESH
21,03,4,2022,3,PUNJAB,ODISHA
07,05,4,2022,29,UTTARAKHAND,DELHI
08,05,4,2022,2,UTTARAKHAND,RAJASTHAN
27,06,4,2022,21,HARYANA,MAHARASHTRA
28,07,4,2022,2,DELHI,ANDHRA PRADESH
33,07,4,2022,184,DELHI,TAMIL NADU
36,07,4,2022,1,DELHI,TELANGANA
06,08,4,2022,174,RAJASTHAN,HARYANA
29,08,4,2022,2,RAJASTHAN,KARNATAKA
21,09,4,2022,41,UTTAR PRADESH,ODISHA
23,09,4,2022,142,UTTAR PRADESH,MADHYA PRADESH
06,10,4,2022,147,BIHAR,HARYANA
13,10,4,2022,1,BIHAR,NAGALAND
21,10,4,2022,17,BIHAR,ODISHA
24,10,4,2022,18,BIHAR,GUJARAT
28,10,4,2022,3,BIHAR,ANDHRA PRADESH
09,11,4,2022,2,SIKKIM,UTTAR PRADESH
10,11,4,2022,40,SIKKIM,BIHAR
10,12,4,2022,4,ARUNACHAL PRADESH,BIHAR
13,16,4,2022,1,TRIPURA,NAGALAND
20,16,4,2022,141,TRIPURA,JHARKHAND
06,22,4,2022,3,CHHATTISGARH,HARYANA
10,22,4,2022,28,CHHATTISGARH,BIHAR
05,23,4,2022,2,MADHYA PRADESH,UTTARAKHAND
03,24,4,2022,1,GUJARAT,PUNJAB
07,24,4,2022,18,GUJARAT,DELHI
16,24,4,2022,1,GUJARAT,TRIPURA
27,24,4,2022,738,GUJARAT,MAHARASHTRA
19,27,4,2022,48,MAHARASHTRA,WEST BENGAL
20,27,4,2022,3,MAHARASHTRA,JHARKHAND
29,27,4,2022,148,MAHARASHTRA,KARNATAKA
08,28,4,2022,4,ANDHRA PRADESH,RAJASTHAN
09,28,4,2022,5,ANDHRA PRADESH,UTTAR PRADESH
07,29,4,2022,2,KARNATAKA,DELHI
09,29,4,2022,178,KARNATAKA,UTTAR PRADESH
21,29,4,2022,52,KARNATAKA,ODISHA
28,29,4,2022,28,KARNATAKA,ANDHRA PRADESH
32,29,4,2022,24,KARNATAKA,KERALA
28,30,4,2022,1,GOA,ANDHRA PRADESH
23,32,4,2022,19,KERALA,MADHYA PRADESH
29,32,4,2022,341,KERALA,KARNATAKA
28,33,4,2022,1,TAMIL NADU,ANDHRA PRADESH
29,33,4,2022,5,TAMIL NADU,KARNATAKA
36,33,4,2022,1,TAMIL NADU,TELANGANA
29,36,4,2022,35,TELANGANA,KARNATAKA
27,37,4,2022,2,LADAKH,MAHARASHTRA
05,01,5,2022,4,JAMMU AND KASHMIR,UTTARAKHAND
23,01,5,2022,82,JAMMU AND KASHMIR,MADHYA PRADESH
24,01,5,2022,7,JAMMU AND KASHMIR,GUJARAT
05,02,5,2022,20,HIMACHAL PRADESH,UTTARAKHAND
08,02,5,2022,5,HIMACHAL PRADESH,RAJASTHAN
06,03,5,2022,3,PUNJAB,HARYANA
19,03,5,2022,3,PUNJAB,WEST BENGAL
21,05,5,2022,2,UTTARAKHAND,ODISHA
27,05,5,2022,2,UTTARAKHAND,MAHARASHTRA
01,06,5,2022,9,HARYANA,JAMMU AND KASHMIR
09,06,5,2022,26359,HARYANA,UTTAR PRADESH
10,06,5,2022,8916,HARYANA,BIHAR
20,06,5,2022,157,HARYANA,JHARKHAND
23,06,5,2022,1273,HARYANA,MADHYA PRADESH
05,07,5,2022,1961,DELHI,UTTARAKHAND
13,07,5,2022,3,DELHI,NAGALAND
22,07,5,2022,67,DELHI,CHHATTISGARH
23,07,5,2022,4899,DELHI,MADHYA PRADESH
24,07,5,2022,62,DELHI,GUJARAT
29,07,5,2022,3,DELHI,KARNATAKA
06,08,5,2022,168,RAJASTHAN,HARYANA
07,08,5,2022,9,RAJASTHAN,DELHI
09,08,5,2022,2685,RAJASTHAN,UTTAR PRADESH
21,08,5,2022,2,RAJASTHAN,ODISHA
22,08,5,2022,8,RAJASTHAN,CHHATTISGARH
11,10,5,2022,1,BIHAR,SIKKIM
08,32,7,2024,15,KERALA,RAJASTHAN
10,32,7,2024,739,KERALA,BIHAR
33,32,7,2024,353,KERALA,TAMIL NADU
22,33,7,2024,2,TAMIL NADU,CHHATTISGARH
09,35,7,2024,1,ANDAMAN AND NICOBAR ISLANDS,UTTAR PRADESH
28,35,7,2024,1,ANDAMAN AND NICOBAR ISLANDS,ANDHRA PRADESH
05,36,7,2024,3,TELANGANA,UTTARAKHAND
18,36,7,2024,18,TELANGANA,ASSAM
24,36,7,2024,8,TELANGANA,GUJARAT
32,36,7,2024,3,TELANGANA,KERALA
08,37,7,2024,3,LADAKH,RAJASTHAN
09,37,7,2024,5,LADAKH,UTTAR PRADESH
10,37,7,2024,22,LADAKH,BIHAR
27,37,7,2024,2,LADAKH,MAHARASHTRA
07,38,7,2024,5,Dadar & Nagar Haveli & Daman & Diu,DELHI
08,38,7,2024,48,Dadar & Nagar Haveli & Daman & Diu,RAJASTHAN
09,38,7,2024,2415,Dadar & Nagar Haveli & Daman & Diu,UTTAR PRADESH
19,38,7,2024,37,Dadar & Nagar Haveli & Daman & Diu,WEST BENGAL
23,38,7,2024,760,Dadar & Nagar Haveli & Daman & Diu,MADHYA PRADESH
24,38,7,2024,528,Dadar & Nagar Haveli & Daman & Diu,GUJARAT
20,01,8,2024,37,JAMMU AND KASHMIR,JHARKHAND
22,01,8,2024,713,JAMMU AND KASHMIR,CHHATTISGARH
06,02,8,2024,92,HIMACHAL PRADESH,HARYANA
20,02,8,2024,77,HIMACHAL PRADESH,JHARKHAND
22,02,8,2024,16,HIMACHAL PRADESH,CHHATTISGARH
27,02,8,2024,2,HIMACHAL PRADESH,MAHARASHTRA
01,03,8,2024,1,PUNJAB,JAMMU AND KASHMIR
10,04,8,2024,29,CHANDIGARH,BIHAR
23,04,8,2024,1,CHANDIGARH,MADHYA PRADESH
08,05,8,2024,18,UTTARAKHAND,RAJASTHAN
20,05,8,2024,1,UTTARAKHAND,JHARKHAND
02,06,8,2024,9,HARYANA,HIMACHAL PRADESH
08,06,8,2024,1375,HARYANA,RAJASTHAN
13,06,8,2024,1,HARYANA,NAGALAND
20,06,8,2024,392,HARYANA,JHARKHAND
28,06,8,2024,1,HARYANA,ANDHRA PRADESH
06,07,8,2024,8349,DELHI,HARYANA
10,07,8,2024,195261,DELHI,BIHAR
16,07,8,2024,6,DELHI,TRIPURA
18,07,8,2024,329,DELHI,ASSAM
20,07,8,2024,3334,DELHI,JHARKHAND
22,07,8,2024,435,DELHI,CHHATTISGARH
24,07,8,2024,146,DELHI,GUJARAT
05,08,8,2024,5,RAJASTHAN,UTTARAKHAND
06,08,8,2024,446,RAJASTHAN,HARYANA
07,08,8,2024,111,RAJASTHAN,DELHI
18,08,8,2024,3,RAJASTHAN,ASSAM
22,08,8,2024,8,RAJASTHAN,CHHATTISGARH
24,08,8,2024,44,RAJASTHAN,GUJARAT
33,08,8,2024,1,RAJASTHAN,TAMIL NADU
05,09,8,2024,47,UTTAR PRADESH,UTTARAKHAND
19,09,8,2024,11,UTTAR PRADESH,WEST BENGAL
22,09,8,2024,48,UTTAR PRADESH,CHHATTISGARH
28,09,8,2024,3,UTTAR PRADESH,ANDHRA PRADESH
33,09,8,2024,2,UTTAR PRADESH,TAMIL NADU
07,10,8,2024,1956,BIHAR,DELHI
18,10,8,2024,91,BIHAR,ASSAM
22,10,8,2024,132,BIHAR,CHHATTISGARH
27,10,8,2024,235,BIHAR,MAHARASHTRA
10,19,8,2024,3674,WEST BENGAL,BIHAR
22,19,8,2024,6,WEST BENGAL,CHHATTISGARH
10,20,8,2024,1495,JHARKHAND,BIHAR
06,22,8,2024,14,CHHATTISGARH,HARYANA
10,22,8,2024,230,CHHATTISGARH,BIHAR
23,22,8,2024,182,CHHATTISGARH,MADHYA PRADESH
28,22,8,2024,3,CHHATTISGARH,ANDHRA PRADESH
07,23,8,2024,119,MADHYA PRADESH,DELHI
19,23,8,2024,2,MADHYA PRADESH,WEST BENGAL
20,23,8,2024,8,MADHYA PRADESH,JHARKHAND
08,24,8,2024,938,GUJARAT,RAJASTHAN
10,24,8,2024,4396,GUJARAT,BIHAR
28,24,8,2024,5,GUJARAT,ANDHRA PRADESH
06,27,8,2024,323,MAHARASHTRA,HARYANA
16,27,8,2024,1,MAHARASHTRA,TRIPURA
19,27,8,2024,276,MAHARASHTRA,WEST BENGAL
28,27,8,2024,41,MAHARASHTRA,ANDHRA PRADESH
06,28,8,2024,1,ANDHRA PRADESH,HARYANA
33,28,8,2024,1,ANDHRA PRADESH,TAMIL NADU
36,28,8,2024,1,ANDHRA PRADESH,TELANGANA
18,29,8,2024,11,KARNATAKA,ASSAM
19,29,8,2024,6,KARNATAKA,WEST BENGAL
20,29,8,2024,4,KARNATAKA,JHARKHAND
32,29,8,2024,2,KARNATAKA,KERALA
18,30,8,2024,16,GOA,ASSAM
32,30,8,2024,2,GOA,KERALA
01,32,8,2024,3,KERALA,JAMMU AND KASHMIR
08,32,8,2024,12,KERALA,RAJASTHAN
13,32,8,2024,1,KERALA,NAGALAND
20,32,8,2024,101,KERALA,JHARKHAND
23,32,8,2024,296,KERALA,MADHYA PRADESH
28,32,8,2024,18,KERALA,ANDHRA PRADESH
33,32,8,2024,419,KERALA,TAMIL NADU
09,33,8,2024,73,TAMIL NADU,UTTAR PRADESH
20,33,8,2024,3,TAMIL NADU,JHARKHAND
19,35,8,2024,10,ANDAMAN AND NICOBAR ISLANDS,WEST BENGAL
06,36,8,2024,27,TELANGANA,HARYANA
08,36,8,2024,69,TELANGANA,RAJASTHAN
23,36,8,2024,247,TELANGANA,MADHYA PRADESH
33,36,8,2024,8,TELANGANA,TAMIL NADU
10,37,8,2024,10,LADAKH,BIHAR
23,37,8,2024,2,LADAKH,MADHYA PRADESH
18,38,8,2024,12,Dadar & Nagar Haveli & Daman & Diu,ASSAM
20,38,8,2024,190,Dadar & Nagar Haveli & Daman & Diu,JHARKHAND
23,38,8,2024,720,Dadar & Nagar Haveli & Daman & Diu,MADHYA PRADESH
33,38,8,2024,2,Dadar & Nagar Haveli & Daman & Diu,TAMIL NADU
05,01,9,2024,16,JAMMU AND KASHMIR,UTTARAKHAND
27,01,9,2024,1,JAMMU AND KASHMIR,MAHARASHTRA
01,02,9,2024,3,HIMACHAL PRADESH,JAMMU AND KASHMIR
05,02,9,2024,37,HIMACHAL PRADESH,UTTARAKHAND
06,02,9,2024,116,HIMACHAL PRADESH,HARYANA
09,02,9,2024,9517,HIMACHAL PRADESH,UTTAR PRADESH
10,02,9,2024,3324,HIMACHAL PRADESH,BIHAR
23,02,9,2024,178,HIMACHAL PRADESH,MADHYA PRADESH
07,03,9,2024,30,PUNJAB,DELHI
19,05,9,2024,7,UTTARAKHAND,WEST BENGAL
27,05,9,2024,7,UTTARAKHAND,MAHARASHTRA
10,06,9,2024,24741,HARYANA,BIHAR
23,06,9,2024,3893,HARYANA,MADHYA PRADESH
24,06,9,2024,21,HARYANA,GUJARAT
01,07,9,2024,36,DELHI,JAMMU AND KASHMIR
29,08,9,2024,5,RAJASTHAN,KARNATAKA
36,08,9,2024,2,RAJASTHAN,TELANGANA
05,09,9,2024,32,UTTAR PRADESH,UTTARAKHAND
06,09,9,2024,834,UTTAR PRADESH,HARYANA
07,09,9,2024,811,UTTAR PRADESH,DELHI
23,09,9,2024,311,UTTAR PRADESH,MADHYA PRADESH
29,09,9,2024,7,UTTAR PRADESH,KARNATAKA
01,10,9,2024,1,BIHAR,JAMMU AND KASHMIR
08,10,9,2024,102,BIHAR,RAJASTHAN
13,10,9,2024,4,BIHAR,NAGALAND
16,10,9,2024,1,BIHAR,TRIPURA
18,10,9,2024,91,BIHAR,ASSAM
19,10,9,2024,312,BIHAR,WEST BENGAL
24,10,9,2024,97,BIHAR,GUJARAT
36,10,9,2024,27,BIHAR,TELANGANA
23,11,9,2024,2,SIKKIM,MADHYA PRADESH
23,16,9,2024,1,TRIPURA,MADHYA PRADESH
18,17,9,2024,8,MEGHALAYA,ASSAM
19,17,9,2024,1,MEGHALAYA,WEST BENGAL
09,18,9,2024,6,ASSAM,UTTAR PRADESH
06,19,9,2024,11,WEST BENGAL,HARYANA
10,19,9,2024,3980,WEST BENGAL,BIHAR
18,19,9,2024,5,WEST BENGAL,ASSAM
23,19,9,2024,8,WEST BENGAL,MADHYA PRADESH
22,20,9,2024,32,JHARKHAND,CHHATTISGARH
27,20,9,2024,19,JHARKHAND,MAHARASHTRA
06,22,9,2024,12,CHHATTISGARH,HARYANA
23,22,9,2024,131,CHHATTISGARH,MADHYA PRADESH
16,23,9,2024,1,MADHYA PRADESH,TRIPURA
20,23,9,2024,29,MADHYA PRADESH,JHARKHAND
07,24,9,2024,47,GUJARAT,DELHI
09,24,9,2024,5228,GUJARAT,UTTAR PRADESH
10,24,9,2024,4402,GUJARAT,BIHAR
38,24,9,2024,5,GUJARAT,Dadar & Nagar Haveli & Daman & Diu
02,27,9,2024,2,MAHARASHTRA,HIMACHAL PRADESH
20,27,9,2024,371,MAHARASHTRA,JHARKHAND
32,27,9,2024,31,MAHARASHTRA,KERALA
38,27,9,2024,3,MAHARASHTRA,Dadar & Nagar Haveli & Daman & Diu
33,28,9,2024,1,ANDHRA PRADESH,TAMIL NADU
18,29,9,2024,5,KARNATAKA,ASSAM
10,30,9,2024,651,GOA,BIHAR
33,30,9,2024,4,GOA,TAMIL NADU
10,32,9,2024,898,KERALA,BIHAR
22,32,9,2024,11,KERALA,CHHATTISGARH
23,32,9,2024,280,KERALA,MADHYA PRADESH
08,33,9,2024,2,TAMIL NADU,RAJASTHAN
09,33,9,2024,32,TAMIL NADU,UTTAR PRADESH
22,33,9,2024,1,TAMIL NADU,CHHATTISGARH
27,33,9,2024,1,TAMIL NADU,MAHARASHTRA
29,33,9,2024,3,TAMIL NADU,KARNATAKA
32,33,9,2024,5,TAMIL NADU,KERALA
05,35,9,2024,1,ANDAMAN AND NICOBAR ISLANDS,UTTARAKHAND
32,35,9,2024,2,ANDAMAN AND NICOBAR ISLANDS,KERALA
24,36,9,2024,8,TELANGANA,GUJARAT
27,36,9,2024,950,TELANGANA,MAHARASHTRA
28,36,9,2024,1846,TELANGANA,ANDHRA PRADESH
01,37,9,2024,1,LADAKH,JAMMU AND KASHMIR
27,37,9,2024,1,LADAKH,MAHARASHTRA
29,38,9,2024,1,Dadar & Nagar Haveli & Daman & Diu,KARNATAKA
33,38,9,2024,1,Dadar & Nagar Haveli & Daman & Diu,TAMIL NADU
18,01,10,2024,5,JAMMU AND KASHMIR,ASSAM
10,02,10,2024,3826,HIMACHAL PRADESH,BIHAR
06,03,10,2024,21,PUNJAB,HARYANA
20,03,10,2024,11,PUNJAB,JHARKHAND
19,05,10,2024,7,UTTARAKHAND,WEST BENGAL
24,05,10,2024,5,UTTARAKHAND,GUJARAT
02,06,10,2024,8,HARYANA,HIMACHAL PRADESH
07,06,10,2024,723,HARYANA,DELHI
23,06,10,2024,4368,HARYANA,MADHYA PRADESH
33,06,10,2024,1,HARYANA,TAMIL NADU
09,07,10,2024,195620,DELHI,UTTAR PRADESH
20,07,10,2024,3474,DELHI,JHARKHAND
22,07,10,2024,440,DELHI,CHHATTISGARH
27,07,10,2024,233,DELHI,MAHARASHTRA
38,07,10,2024,1,DELHI,Dadar & Nagar Haveli & Daman & Diu
07,08,10,2024,164,RAJASTHAN,DELHI
09,08,10,2024,7298,RAJASTHAN,UTTAR PRADESH
10,08,10,2024,4923,RAJASTHAN,BIHAR
19,08,10,2024,22,RAJASTHAN,WEST BENGAL
32,08,10,2024,6,RAJASTHAN,KERALA
19,09,10,2024,13,UTTAR PRADESH,WEST BENGAL
32,09,10,2024,13,UTTAR PRADESH,KERALA
19,10,10,2024,344,BIHAR,WEST BENGAL
27,10,10,2024,402,BIHAR,MAHARASHTRA
32,10,10,2024,7,BIHAR,KERALA
38,10,10,2024,2,BIHAR,Dadar & Nagar Haveli & Daman & Diu
22,11,10,2024,1,SIKKIM,CHHATTISGARH
06,16,10,2024,2,TRIPURA,HARYANA
16,32,3,2025,1,KERALA,TRIPURA
19,32,3,2025,146,KERALA,WEST BENGAL
28,32,3,2025,41,KERALA,ANDHRA PRADESH
29,32,3,2025,261,KERALA,KARNATAKA
08,36,3,2025,2,TELANGANA,RAJASTHAN
23,36,3,2025,273,TELANGANA,MADHYA PRADESH
10,37,3,2025,9,LADAKH,BIHAR
05,38,3,2025,14,DADAR & NAGAR HAVELI & DAMAN & DIU,UTTARAKHAND
20,38,3,2025,274,DADAR & NAGAR HAVELI & DAMAN & DIU,JHARKHAND
06,01,4,2025,48,JAMMU AND KASHMIR,HARYANA
20,01,4,2025,49,JAMMU AND KASHMIR,JHARKHAND
09,02,4,2025,11124,HIMACHAL PRADESH,UTTAR PRADESH
23,02,4,2025,229,HIMACHAL PRADESH,MADHYA PRADESH
18,03,4,2025,3,PUNJAB,ASSAM
08,05,4,2025,12,UTTARAKHAND,RAJASTHAN
09,05,4,2025,11245,UTTARAKHAND,UTTAR PRADESH
18,05,4,2025,7,UTTARAKHAND,ASSAM
05,06,4,2025,281,HARYANA,UTTARAKHAND
21,07,4,2025,202,DELHI,ODISHA
21,08,4,2025,4,RAJASTHAN,ODISHA
28,08,4,2025,6,RAJASTHAN,ANDHRA PRADESH
08,09,4,2025,105,UTTAR PRADESH,RAJASTHAN
10,09,4,2025,6117,UTTAR PRADESH,BIHAR
19,09,4,2025,20,UTTAR PRADESH,WEST BENGAL
20,09,4,2025,228,UTTAR PRADESH,JHARKHAND
28,09,4,2025,1,UTTAR PRADESH,ANDHRA PRADESH
29,09,4,2025,12,UTTAR PRADESH,KARNATAKA
28,10,4,2025,11,BIHAR,ANDHRA PRADESH
32,10,4,2025,1,BIHAR,KERALA
09,11,4,2025,2,SIKKIM,UTTAR PRADESH
18,11,4,2025,1,SIKKIM,ASSAM
06,16,4,2025,1,TRIPURA,HARYANA
19,16,4,2025,2,TRIPURA,WEST BENGAL
10,18,4,2025,76,ASSAM,BIHAR
09,19,4,2025,325,WEST BENGAL,UTTAR PRADESH
20,19,4,2025,144,WEST BENGAL,JHARKHAND
23,19,4,2025,10,WEST BENGAL,MADHYA PRADESH
29,19,4,2025,1,WEST BENGAL,KARNATAKA
18,20,4,2025,2,JHARKHAND,ASSAM
19,20,4,2025,3,JHARKHAND,WEST BENGAL
24,20,4,2025,1,JHARKHAND,GUJARAT
08,22,4,2025,1,CHHATTISGARH,RAJASTHAN
10,22,4,2025,233,CHHATTISGARH,BIHAR
24,22,4,2025,1,CHHATTISGARH,GUJARAT
10,23,4,2025,1878,MADHYA PRADESH,BIHAR
05,24,4,2025,19,GUJARAT,UTTARAKHAND
09,27,4,2025,48140,MAHARASHTRA,UTTAR PRADESH
24,27,4,2025,334,MAHARASHTRA,GUJARAT
10,28,4,2025,4,ANDHRA PRADESH,BIHAR
05,29,4,2025,1,KARNATAKA,UTTARAKHAND
09,29,4,2025,35,KARNATAKA,UTTAR PRADESH
10,29,4,2025,228,KARNATAKA,BIHAR
18,29,4,2025,2,KARNATAKA,ASSAM
19,29,4,2025,2,KARNATAKA,WEST BENGAL
08,30,4,2025,18,GOA,RAJASTHAN
09,32,4,2025,322,KERALA,UTTAR PRADESH
18,32,4,2025,436,KERALA,ASSAM
24,32,4,2025,6,KERALA,GUJARAT
20,35,4,2025,3,ANDAMAN AND NICOBAR ISLANDS,JHARKHAND
05,36,4,2025,2,TELANGANA,UTTARAKHAND
10,36,4,2025,1526,TELANGANA,BIHAR
21,36,4,2025,20,TELANGANA,ODISHA
27,36,4,2025,1122,TELANGANA,MAHARASHTRA
28,36,4,2025,2476,TELANGANA,ANDHRA PRADESH
29,36,4,2025,564,TELANGANA,KARNATAKA
10,37,4,2025,16,LADAKH,BIHAR
05,38,4,2025,11,DADAR & NAGAR HAVELI & DAMAN & DIU,UTTARAKHAND
10,38,4,2025,4254,DADAR & NAGAR HAVELI & DAMAN & DIU,BIHAR
20,38,4,2025,179,DADAR & NAGAR HAVELI & DAMAN & DIU,JHARKHAND
24,38,4,2025,539,DADAR & NAGAR HAVELI & DAMAN & DIU,GUJARAT
19,01,5,2025,21,JAMMU AND KASHMIR,WEST BENGAL
24,01,5,2025,1,JAMMU AND KASHMIR,GUJARAT
05,03,5,2025,9,PUNJAB,UTTARAKHAND
06,03,5,2025,66,PUNJAB,HARYANA
23,03,5,2025,24,PUNJAB,MADHYA PRADESH
08,05,5,2025,15,UTTARAKHAND,RAJASTHAN
08,06,5,2025,1545,HARYANA,RAJASTHAN
09,06,5,2025,36779,HARYANA,UTTAR PRADESH
21,06,5,2025,21,HARYANA,ODISHA
23,06,5,2025,3616,HARYANA,MADHYA PRADESH
24,06,5,2025,9,HARYANA,GUJARAT
05,07,5,2025,5697,DELHI,UTTARAKHAND
06,07,5,2025,12165,DELHI,HARYANA
16,07,5,2025,11,DELHI,TRIPURA
28,07,5,2025,42,DELHI,ANDHRA PRADESH
19,08,5,2025,33,RAJASTHAN,WEST BENGAL
24,08,5,2025,98,RAJASTHAN,GUJARAT
27,08,5,2025,11,RAJASTHAN,MAHARASHTRA
05,09,5,2025,33,UTTAR PRADESH,UTTARAKHAND
13,09,5,2025,1,UTTAR PRADESH,NAGALAND
07,10,5,2025,4817,BIHAR,DELHI
18,10,5,2025,145,BIHAR,ASSAM
19,10,5,2025,477,BIHAR,WEST BENGAL
28,10,5,2025,22,BIHAR,ANDHRA PRADESH
38,10,5,2025,5,BIHAR,DADAR & NAGAR HAVELI & DAMAN & DIU
09,11,5,2025,1,SIKKIM,UTTAR PRADESH
08,18,5,2025,1,ASSAM,RAJASTHAN
08,19,5,2025,1,WEST BENGAL,RAJASTHAN
18,19,5,2025,5,WEST BENGAL,ASSAM
09,22,5,2025,165,CHHATTISGARH,UTTAR PRADESH
10,22,5,2025,319,CHHATTISGARH,BIHAR
19,22,5,2025,3,CHHATTISGARH,WEST BENGAL
28,22,5,2025,2,CHHATTISGARH,ANDHRA PRADESH
08,23,5,2025,367,MADHYA PRADESH,RAJASTHAN
27,23,5,2025,8,MADHYA PRADESH,MAHARASHTRA
08,24,5,2025,1086,GUJARAT,RAJASTHAN
18,24,5,2025,6,GUJARAT,ASSAM
21,24,5,2025,30,GUJARAT,ODISHA
23,24,5,2025,2533,GUJARAT,MADHYA PRADESH
28,24,5,2025,5,GUJARAT,ANDHRA PRADESH
05,27,5,2025,45,MAHARASHTRA,UTTARAKHAND
09,27,5,2025,39914,MAHARASHTRA,UTTAR PRADESH
16,27,5,2025,3,MAHARASHTRA,TRIPURA
20,27,5,2025,1491,MAHARASHTRA,JHARKHAND
28,27,5,2025,62,MAHARASHTRA,ANDHRA PRADESH
29,27,5,2025,189,MAHARASHTRA,KARNATAKA
32,27,5,2025,1,MAHARASHTRA,KERALA
09,28,5,2025,1,ANDHRA PRADESH,UTTAR PRADESH
21,28,5,2025,15,ANDHRA PRADESH,ODISHA
05,29,5,2025,1,KARNATAKA,UTTARAKHAND
24,29,5,2025,1,KARNATAKA,GUJARAT
28,29,5,2025,14,KARNATAKA,ANDHRA PRADESH
19,30,5,2025,14,GOA,WEST BENGAL
20,30,5,2025,89,GOA,JHARKHAND
07,32,5,2025,9,KERALA,DELHI
21,32,5,2025,11,KERALA,ODISHA
23,32,5,2025,159,KERALA,MADHYA PRADESH
06,33,5,2025,1,TAMIL NADU,HARYANA
20,33,5,2025,3,TAMIL NADU,JHARKHAND
06,35,5,2025,1,ANDAMAN AND NICOBAR ISLANDS,HARYANA
06,36,5,2025,11,TELANGANA,HARYANA
19,36,5,2025,6,TELANGANA,WEST BENGAL
21,36,5,2025,8,TELANGANA,ODISHA
27,36,5,2025,99,TELANGANA,MAHARASHTRA
05,38,5,2025,3,DADAR & NAGAR HAVELI & DAMAN & DIU,UTTARAKHAND
19,38,5,2025,36,DADAR & NAGAR HAVELI & DAMAN & DIU,WEST BENGAL
20,01,6,2025,31,JAMMU AND KASHMIR,JHARKHAND
06,02,6,2025,2,HIMACHAL PRADESH,HARYANA
09,02,6,2025,41,HIMACHAL PRADESH,UTTAR PRADESH
10,02,6,2025,14,HIMACHAL PRADESH,BIHAR
02,03,6,2025,1,PUNJAB,HIMACHAL PRADESH
18,03,6,2025,5,PUNJAB,ASSAM
10,04,6,2025,4,CHANDIGARH,BIHAR
07,05,6,2025,141,UTTARAKHAND,DELHI
09,05,6,2025,5029,UTTARAKHAND,UTTAR PRADESH
03,06,6,2025,1,HARYANA,PUNJAB
08,06,6,2025,1778,HARYANA,RAJASTHAN
02,07,6,2025,55,DELHI,HIMACHAL PRADESH
06,07,6,2025,11015,DELHI,HARYANA
20,07,6,2025,3334,DELHI,JHARKHAND
23,07,6,2025,30023,DELHI,MADHYA PRADESH
32,07,6,2025,2,DELHI,KERALA
06,08,6,2025,1152,RAJASTHAN,HARYANA
07,08,6,2025,219,RAJASTHAN,DELHI
09,08,6,2025,4929,RAJASTHAN,UTTAR PRADESH
27,08,6,2025,40,RAJASTHAN,MAHARASHTRA
28,08,6,2025,11,RAJASTHAN,ANDHRA PRADESH
36,08,6,2025,1,RAJASTHAN,TELANGANA
08,09,6,2025,155,UTTAR PRADESH,RAJASTHAN
10,09,6,2025,3650,UTTAR PRADESH,BIHAR
06,10,6,2025,2704,BIHAR,HARYANA
09,10,6,2025,1218,BIHAR,UTTAR PRADESH
16,10,6,2025,1,BIHAR,TRIPURA
19,10,6,2025,271,BIHAR,WEST BENGAL
28,10,6,2025,15,BIHAR,ANDHRA PRADESH
36,10,6,2025,15,BIHAR,TELANGANA
06,16,6,2025,1,TRIPURA,HARYANA
19,16,6,2025,1,TRIPURA,WEST BENGAL
07,19,6,2025,54,WEST BENGAL,DELHI
27,19,6,2025,10,WEST BENGAL,MAHARASHTRA
07,20,6,2025,41,JHARKHAND,DELHI
10,20,6,2025,1683,JHARKHAND,BIHAR
19,20,6,2025,3,JHARKHAND,WEST BENGAL
27,20,6,2025,8,JHARKHAND,MAHARASHTRA
10,22,6,2025,204,CHHATTISGARH,BIHAR
23,22,6,2025,135,CHHATTISGARH,MADHYA PRADESH
10,23,6,2025,811,MADHYA PRADESH,BIHAR
20,23,6,2025,46,MADHYA PRADESH,JHARKHAND
24,23,6,2025,4,MADHYA PRADESH,GUJARAT
10,24,6,2025,4021,GUJARAT,BIHAR
18,24,6,2025,8,GUJARAT,ASSAM
20,24,6,2025,87,GUJARAT,JHARKHAND
30,27,6,2025,2,MAHARASHTRA,GOA
27,28,6,2025,1,ANDHRA PRADESH,MAHARASHTRA
07,29,6,2025,2,KARNATAKA,DELHI
28,29,6,2025,13,KARNATAKA,ANDHRA PRADESH
09,30,6,2025,281,GOA,UTTAR PRADESH
23,30,6,2025,126,GOA,MADHYA PRADESH
28,30,6,2025,2,GOA,ANDHRA PRADESH
27,32,6,2025,71,KERALA,MAHARASHTRA
36,32,6,2025,2,KERALA,TELANGANA
38,32,6,2025,1,KERALA,DADAR & NAGAR HAVELI & DAMAN & DIU
20,33,6,2025,1,TAMIL NADU,JHARKHAND
28,35,6,2025,2,ANDAMAN AND NICOBAR ISLANDS,ANDHRA PRADESH
07,36,6,2025,14,TELANGANA,DELHI
23,36,6,2025,459,TELANGANA,MADHYA PRADESH
24,36,6,2025,19,TELANGANA,GUJARAT
27,36,6,2025,2571,TELANGANA,MAHARASHTRA
10,37,6,2025,8,LADAKH,BIHAR
20,38,6,2025,218,DADAR & NAGAR HAVELI & DAMAN & DIU,JHARKHAND
36,38,6,2025,1,DADAR & NAGAR HAVELI & DAMAN & DIU,TELANGANA
07,01,7,2025,4,JAMMU AND KASHMIR,DELHI
03,02,7,2025,3,HIMACHAL PRADESH,PUNJAB
06,02,7,2025,68,HIMACHAL PRADESH,HARYANA
08,02,7,2025,4,HIMACHAL PRADESH,RAJASTHAN
05,03,7,2025,3,PUNJAB,UTTARAKHAND
16,32,4,2024,1,KERALA,TRIPURA
20,32,4,2024,63,KERALA,JHARKHAND
22,32,4,2024,11,KERALA,CHHATTISGARH
27,32,4,2024,82,KERALA,MAHARASHTRA
10,33,4,2024,119,TAMIL NADU,BIHAR
09,35,4,2024,1,ANDAMAN AND NICOBAR ISLANDS,UTTAR PRADESH
19,35,4,2024,9,ANDAMAN AND NICOBAR ISLANDS,WEST BENGAL
20,35,4,2024,2,ANDAMAN AND NICOBAR ISLANDS,JHARKHAND
32,35,4,2024,1,ANDAMAN AND NICOBAR ISLANDS,KERALA
06,36,4,2024,21,TELANGANA,HARYANA
10,36,4,2024,1025,TELANGANA,BIHAR
22,36,4,2024,146,TELANGANA,CHHATTISGARH
27,36,4,2024,1082,TELANGANA,MAHARASHTRA
28,36,4,2024,1642,TELANGANA,ANDHRA PRADESH
06,38,4,2024,11,Dadar & Nagar Haveli & Daman & Diu,HARYANA
10,38,4,2024,2733,Dadar & Nagar Haveli & Daman & Diu,BIHAR
21,38,4,2024,14,Dadar & Nagar Haveli & Daman & Diu,ODISHA
22,38,4,2024,23,Dadar & Nagar Haveli & Daman & Diu,CHHATTISGARH
24,38,4,2024,1064,Dadar & Nagar Haveli & Daman & Diu,GUJARAT
05,01,5,2024,13,JAMMU AND KASHMIR,UTTARAKHAND
06,01,5,2024,43,JAMMU AND KASHMIR,HARYANA
09,01,5,2024,2438,JAMMU AND KASHMIR,UTTAR PRADESH
19,01,5,2024,6,JAMMU AND KASHMIR,WEST BENGAL
08,02,5,2024,4,HIMACHAL PRADESH,RAJASTHAN
23,02,5,2024,162,HIMACHAL PRADESH,MADHYA PRADESH
18,05,5,2024,1,UTTARAKHAND,ASSAM
22,05,5,2024,14,UTTARAKHAND,CHHATTISGARH
23,05,5,2024,53,UTTARAKHAND,MADHYA PRADESH
27,05,5,2024,4,UTTARAKHAND,MAHARASHTRA
05,06,5,2024,273,HARYANA,UTTARAKHAND
07,06,5,2024,666,HARYANA,DELHI
08,06,5,2024,893,HARYANA,RAJASTHAN
02,07,5,2024,119,DELHI,HIMACHAL PRADESH
08,07,5,2024,2666,DELHI,RAJASTHAN
32,07,5,2024,55,DELHI,KERALA
38,07,5,2024,2,DELHI,Dadar & Nagar Haveli & Daman & Diu
23,08,5,2024,1955,RAJASTHAN,MADHYA PRADESH
28,08,5,2024,1,RAJASTHAN,ANDHRA PRADESH
05,09,5,2024,16,UTTAR PRADESH,UTTARAKHAND
13,09,5,2024,1,UTTAR PRADESH,NAGALAND
24,09,5,2024,19,UTTAR PRADESH,GUJARAT
27,09,5,2024,250,UTTAR PRADESH,MAHARASHTRA
19,10,5,2024,176,BIHAR,WEST BENGAL
20,10,5,2024,843,BIHAR,JHARKHAND
24,10,5,2024,53,BIHAR,GUJARAT
33,10,5,2024,4,BIHAR,TAMIL NADU
13,16,5,2024,1,TRIPURA,NAGALAND
10,17,5,2024,8,MEGHALAYA,BIHAR
18,17,5,2024,2,MEGHALAYA,ASSAM
23,19,5,2024,4,WEST BENGAL,MADHYA PRADESH
27,19,5,2024,8,WEST BENGAL,MAHARASHTRA
07,20,5,2024,33,JHARKHAND,DELHI
19,20,5,2024,3,JHARKHAND,WEST BENGAL
05,22,5,2024,1,CHHATTISGARH,UTTARAKHAND
23,22,5,2024,91,CHHATTISGARH,MADHYA PRADESH
01,23,5,2024,1,MADHYA PRADESH,JAMMU AND KASHMIR
16,23,5,2024,1,MADHYA PRADESH,TRIPURA
19,23,5,2024,1,MADHYA PRADESH,WEST BENGAL
24,23,5,2024,24,MADHYA PRADESH,GUJARAT
18,24,5,2024,1,GUJARAT,ASSAM
32,24,5,2024,4,GUJARAT,KERALA
38,24,5,2024,2,GUJARAT,Dadar & Nagar Haveli & Daman & Diu
10,27,5,2024,16185,MAHARASHTRA,BIHAR
23,27,5,2024,932,MAHARASHTRA,MADHYA PRADESH
36,27,5,2024,11,MAHARASHTRA,TELANGANA
06,29,5,2024,6,KARNATAKA,HARYANA
22,29,5,2024,5,KARNATAKA,CHHATTISGARH
05,30,5,2024,5,GOA,UTTARAKHAND
13,30,5,2024,2,GOA,NAGALAND
18,30,5,2024,4,GOA,ASSAM
06,32,5,2024,7,KERALA,HARYANA
07,32,5,2024,10,KERALA,DELHI
18,32,5,2024,55,KERALA,ASSAM
19,32,5,2024,89,KERALA,WEST BENGAL
20,32,5,2024,58,KERALA,JHARKHAND
20,33,5,2024,4,TAMIL NADU,JHARKHAND
32,33,5,2024,3,TAMIL NADU,KERALA
23,36,5,2024,132,TELANGANA,MADHYA PRADESH
01,37,5,2024,5,LADAKH,JAMMU AND KASHMIR
27,37,5,2024,2,LADAKH,MAHARASHTRA
10,38,5,2024,3029,Dadar & Nagar Haveli & Daman & Diu,BIHAR
10,01,6,2024,2748,JAMMU AND KASHMIR,BIHAR
19,01,6,2024,9,JAMMU AND KASHMIR,WEST BENGAL
20,01,6,2024,31,JAMMU AND KASHMIR,JHARKHAND
24,01,6,2024,3,JAMMU AND KASHMIR,GUJARAT
22,02,6,2024,15,HIMACHAL PRADESH,CHHATTISGARH
08,05,6,2024,12,UTTARAKHAND,RAJASTHAN
09,05,6,2024,9711,UTTARAKHAND,UTTAR PRADESH
33,05,6,2024,1,UTTARAKHAND,TAMIL NADU
01,06,6,2024,6,HARYANA,JAMMU AND KASHMIR
09,06,6,2024,36225,HARYANA,UTTAR PRADESH
16,06,6,2024,1,HARYANA,TRIPURA
20,06,6,2024,302,HARYANA,JHARKHAND
22,06,6,2024,124,HARYANA,CHHATTISGARH
32,06,6,2024,1,HARYANA,KERALA
06,07,6,2024,9744,DELHI,HARYANA
09,07,6,2024,185273,DELHI,UTTAR PRADESH
20,07,6,2024,3049,DELHI,JHARKHAND
32,07,6,2024,53,DELHI,KERALA
05,08,6,2024,6,RAJASTHAN,UTTARAKHAND
23,08,6,2024,498,RAJASTHAN,MADHYA PRADESH
10,09,6,2024,946,UTTAR PRADESH,BIHAR
28,09,6,2024,1,UTTAR PRADESH,ANDHRA PRADESH
08,10,6,2024,40,BIHAR,RAJASTHAN
16,10,6,2024,2,BIHAR,TRIPURA
19,10,6,2024,121,BIHAR,WEST BENGAL
32,10,6,2024,2,BIHAR,KERALA
09,11,6,2024,4,SIKKIM,UTTAR PRADESH
09,16,6,2024,2,TRIPURA,UTTAR PRADESH
22,16,6,2024,1,TRIPURA,CHHATTISGARH
16,17,6,2024,2,MEGHALAYA,TRIPURA
09,19,6,2024,193,WEST BENGAL,UTTAR PRADESH
10,19,6,2024,3474,WEST BENGAL,BIHAR
16,19,6,2024,3,WEST BENGAL,TRIPURA
22,19,6,2024,4,WEST BENGAL,CHHATTISGARH
06,20,6,2024,18,JHARKHAND,HARYANA
07,22,6,2024,6,CHHATTISGARH,DELHI
19,22,6,2024,3,CHHATTISGARH,WEST BENGAL
27,22,6,2024,11,CHHATTISGARH,MAHARASHTRA
28,22,6,2024,2,CHHATTISGARH,ANDHRA PRADESH
33,22,6,2024,1,CHHATTISGARH,TAMIL NADU
36,22,6,2024,1,CHHATTISGARH,TELANGANA
05,23,6,2024,6,MADHYA PRADESH,UTTARAKHAND
10,23,6,2024,1197,MADHYA PRADESH,BIHAR
16,23,6,2024,1,MADHYA PRADESH,TRIPURA
05,24,6,2024,25,GUJARAT,UTTARAKHAND
10,24,6,2024,4418,GUJARAT,BIHAR
28,24,6,2024,3,GUJARAT,ANDHRA PRADESH
10,28,6,2024,11,ANDHRA PRADESH,BIHAR
36,28,6,2024,1,ANDHRA PRADESH,TELANGANA
06,29,6,2024,3,KARNATAKA,HARYANA
09,29,6,2024,65,KARNATAKA,UTTAR PRADESH
10,29,6,2024,406,KARNATAKA,BIHAR
33,29,6,2024,6,KARNATAKA,TAMIL NADU
23,32,6,2024,195,KERALA,MADHYA PRADESH
24,32,6,2024,2,KERALA,GUJARAT
27,32,6,2024,75,KERALA,MAHARASHTRA
33,32,6,2024,313,KERALA,TAMIL NADU
09,33,6,2024,25,TAMIL NADU,UTTAR PRADESH
20,33,6,2024,7,TAMIL NADU,JHARKHAND
06,36,6,2024,24,TELANGANA,HARYANA
08,38,6,2024,46,Dadar & Nagar Haveli & Daman & Diu,RAJASTHAN
20,38,6,2024,171,Dadar & Nagar Haveli & Daman & Diu,JHARKHAND
22,38,6,2024,26,Dadar & Nagar Haveli & Daman & Diu,CHHATTISGARH
07,01,7,2024,20,JAMMU AND KASHMIR,DELHI
08,01,7,2024,6,JAMMU AND KASHMIR,RAJASTHAN
10,01,7,2024,2026,JAMMU AND KASHMIR,BIHAR
19,01,7,2024,7,JAMMU AND KASHMIR,WEST BENGAL
22,01,7,2024,544,JAMMU AND KASHMIR,CHHATTISGARH
24,01,7,2024,1,JAMMU AND KASHMIR,GUJARAT
10,02,7,2024,3062,HIMACHAL PRADESH,BIHAR
23,02,7,2024,280,HIMACHAL PRADESH,MADHYA PRADESH
08,03,7,2024,5,PUNJAB,RAJASTHAN
20,03,7,2024,10,PUNJAB,JHARKHAND
05,04,7,2024,6,CHANDIGARH,UTTARAKHAND
08,04,7,2024,2,CHANDIGARH,RAJASTHAN
09,04,7,2024,16,CHANDIGARH,UTTAR PRADESH
23,04,7,2024,1,CHANDIGARH,MADHYA PRADESH
23,05,7,2024,62,UTTARAKHAND,MADHYA PRADESH
27,05,7,2024,4,UTTARAKHAND,MAHARASHTRA
23,06,7,2024,5044,HARYANA,MADHYA PRADESH
33,06,7,2024,1,HARYANA,TAMIL NADU
08,07,7,2024,3354,DELHI,RAJASTHAN
16,07,7,2024,6,DELHI,TRIPURA
18,07,7,2024,207,DELHI,ASSAM
23,07,7,2024,19654,DELHI,MADHYA PRADESH
24,07,7,2024,147,DELHI,GUJARAT
28,07,7,2024,18,DELHI,ANDHRA PRADESH
33,07,7,2024,94,DELHI,TAMIL NADU
10,08,7,2024,1695,RAJASTHAN,BIHAR
20,08,7,2024,22,RAJASTHAN,JHARKHAND
23,08,7,2024,1127,RAJASTHAN,MADHYA PRADESH
27,08,7,2024,35,RAJASTHAN,MAHARASHTRA
05,09,7,2024,44,UTTAR PRADESH,UTTARAKHAND
08,09,7,2024,38,UTTAR PRADESH,RAJASTHAN
20,09,7,2024,31,UTTAR PRADESH,JHARKHAND
22,09,7,2024,35,UTTAR PRADESH,CHHATTISGARH
32,09,7,2024,1,UTTAR PRADESH,KERALA
05,10,7,2024,49,BIHAR,UTTARAKHAND
23,10,7,2024,109,BIHAR,MADHYA PRADESH
24,10,7,2024,62,BIHAR,GUJARAT
28,10,7,2024,9,BIHAR,ANDHRA PRADESH
29,10,7,2024,25,BIHAR,KARNATAKA
33,10,7,2024,1,BIHAR,TAMIL NADU
36,10,7,2024,13,BIHAR,TELANGANA
06,11,7,2024,4,SIKKIM,HARYANA
10,16,7,2024,17,TRIPURA,BIHAR
10,18,7,2024,27,ASSAM,BIHAR
20,19,7,2024,56,WEST BENGAL,JHARKHAND
06,20,7,2024,14,JHARKHAND,HARYANA
22,20,7,2024,29,JHARKHAND,CHHATTISGARH
05,22,7,2024,1,CHHATTISGARH,UTTARAKHAND
20,22,7,2024,31,CHHATTISGARH,JHARKHAND
05,23,7,2024,9,MADHYA PRADESH,UTTARAKHAND
24,23,7,2024,27,MADHYA PRADESH,GUJARAT
28,23,7,2024,1,MADHYA PRADESH,ANDHRA PRADESH
02,27,7,2024,1,MAHARASHTRA,HIMACHAL PRADESH
08,27,7,2024,425,MAHARASHTRA,RAJASTHAN
18,27,7,2024,35,MAHARASHTRA,ASSAM
19,27,7,2024,180,MAHARASHTRA,WEST BENGAL
18,28,7,2024,2,ANDHRA PRADESH,ASSAM
18,29,7,2024,5,KARNATAKA,ASSAM
23,29,7,2024,10,KARNATAKA,MADHYA PRADESH
32,29,7,2024,5,KARNATAKA,KERALA
06,30,7,2024,4,GOA,HARYANA
18,30,7,2024,10,GOA,ASSAM
08,01,1,2025,11,JAMMU AND KASHMIR,RAJASTHAN
20,01,1,2025,53,JAMMU AND KASHMIR,JHARKHAND
23,01,1,2025,1753,JAMMU AND KASHMIR,MADHYA PRADESH
01,02,1,2025,2,HIMACHAL PRADESH,JAMMU AND KASHMIR
22,02,1,2025,4,HIMACHAL PRADESH,CHHATTISGARH
08,03,1,2025,9,PUNJAB,RAJASTHAN
33,03,1,2025,1,PUNJAB,TAMIL NADU
05,04,1,2025,3,CHANDIGARH,UTTARAKHAND
01,05,1,2025,1,UTTARAKHAND,JAMMU AND KASHMIR
22,05,1,2025,3,UTTARAKHAND,CHHATTISGARH
24,05,1,2025,3,UTTARAKHAND,GUJARAT
27,05,1,2025,6,UTTARAKHAND,MAHARASHTRA
01,06,1,2025,12,HARYANA,JAMMU AND KASHMIR
08,06,1,2025,1835,HARYANA,RAJASTHAN
24,06,1,2025,20,HARYANA,GUJARAT
06,07,1,2025,12173,DELHI,HARYANA
09,07,1,2025,223539,DELHI,UTTAR PRADESH
18,07,1,2025,447,DELHI,ASSAM
22,07,1,2025,297,DELHI,CHHATTISGARH
23,07,1,2025,21650,DELHI,MADHYA PRADESH
32,07,1,2025,71,DELHI,KERALA
33,07,1,2025,118,DELHI,TAMIL NADU
10,08,1,2025,6897,RAJASTHAN,BIHAR
18,08,1,2025,18,RAJASTHAN,ASSAM
20,08,1,2025,123,RAJASTHAN,JHARKHAND
36,08,1,2025,4,RAJASTHAN,TELANGANA
10,09,1,2025,6336,UTTAR PRADESH,BIHAR
05,10,1,2025,59,BIHAR,UTTARAKHAND
06,10,1,2025,1452,BIHAR,HARYANA
32,10,1,2025,4,BIHAR,KERALA
09,11,1,2025,2,SIKKIM,UTTAR PRADESH
19,16,1,2025,2,TRIPURA,WEST BENGAL
24,19,1,2025,3,WEST BENGAL,GUJARAT
33,19,1,2025,4,WEST BENGAL,TAMIL NADU
36,19,1,2025,1,WEST BENGAL,TELANGANA
22,20,1,2025,5,JHARKHAND,CHHATTISGARH
28,20,1,2025,1,JHARKHAND,ANDHRA PRADESH
20,22,1,2025,90,CHHATTISGARH,JHARKHAND
32,22,1,2025,1,CHHATTISGARH,KERALA
05,23,1,2025,12,MADHYA PRADESH,UTTARAKHAND
27,23,1,2025,173,MADHYA PRADESH,MAHARASHTRA
28,23,1,2025,1,MADHYA PRADESH,ANDHRA PRADESH
07,24,1,2025,76,GUJARAT,DELHI
22,24,1,2025,11,GUJARAT,CHHATTISGARH
23,24,1,2025,5791,GUJARAT,MADHYA PRADESH
27,24,1,2025,861,GUJARAT,MAHARASHTRA
32,24,1,2025,10,GUJARAT,KERALA
01,27,1,2025,4,MAHARASHTRA,JAMMU AND KASHMIR
18,27,1,2025,60,MAHARASHTRA,ASSAM
28,27,1,2025,47,MAHARASHTRA,ANDHRA PRADESH
33,27,1,2025,266,MAHARASHTRA,TAMIL NADU
08,29,1,2025,3,KARNATAKA,RAJASTHAN
09,29,1,2025,114,KARNATAKA,UTTAR PRADESH
18,29,1,2025,11,KARNATAKA,ASSAM
27,29,1,2025,21,KARNATAKA,MAHARASHTRA
32,29,1,2025,10,KARNATAKA,KERALA
33,29,1,2025,10,KARNATAKA,TAMIL NADU
36,29,1,2025,1,KARNATAKA,TELANGANA
23,30,1,2025,172,GOA,MADHYA PRADESH
27,30,1,2025,136,GOA,MAHARASHTRA
07,33,1,2025,2,TAMIL NADU,DELHI
09,33,1,2025,20,TAMIL NADU,UTTAR PRADESH
19,35,1,2025,6,ANDAMAN AND NICOBAR ISLANDS,WEST BENGAL
28,35,1,2025,1,ANDAMAN AND NICOBAR ISLANDS,ANDHRA PRADESH
33,35,1,2025,9,ANDAMAN AND NICOBAR ISLANDS,TAMIL NADU
28,36,1,2025,1968,TELANGANA,ANDHRA PRADESH
29,36,1,2025,839,TELANGANA,KARNATAKA
32,36,1,2025,7,TELANGANA,KERALA
05,38,1,2025,11,DADAR & NAGAR HAVELI & DAMAN & DIU,UTTARAKHAND
29,38,1,2025,1,DADAR & NAGAR HAVELI & DAMAN & DIU,KARNATAKA
33,38,1,2025,1,DADAR & NAGAR HAVELI & DAMAN & DIU,TAMIL NADU
20,01,2,2025,56,JAMMU AND KASHMIR,JHARKHAND
24,01,2,2025,1,JAMMU AND KASHMIR,GUJARAT
37,01,2,2025,1,JAMMU AND KASHMIR,LADAKH
01,02,2,2025,1,HIMACHAL PRADESH,JAMMU AND KASHMIR
07,02,2,2025,31,HIMACHAL PRADESH,DELHI
08,02,2,2025,51,HIMACHAL PRADESH,RAJASTHAN
23,02,2,2025,271,HIMACHAL PRADESH,MADHYA PRADESH
07,03,2,2025,35,PUNJAB,DELHI
08,03,2,2025,23,PUNJAB,RAJASTHAN
24,03,2,2025,4,PUNJAB,GUJARAT
05,04,2,2025,4,CHANDIGARH,UTTARAKHAND
09,04,2,2025,6,CHANDIGARH,UTTAR PRADESH
19,05,2,2025,5,UTTARAKHAND,WEST BENGAL
23,05,2,2025,81,UTTARAKHAND,MADHYA PRADESH
27,05,2,2025,6,UTTARAKHAND,MAHARASHTRA
08,06,2,2025,1551,HARYANA,RAJASTHAN
09,06,2,2025,41589,HARYANA,UTTAR PRADESH
23,06,2,2025,4730,HARYANA,MADHYA PRADESH
02,07,2,2025,42,DELHI,HIMACHAL PRADESH
06,07,2,2025,11956,DELHI,HARYANA
08,07,2,2025,3139,DELHI,RAJASTHAN
28,07,2,2025,32,DELHI,ANDHRA PRADESH
38,07,2,2025,2,DELHI,DADAR & NAGAR HAVELI & DAMAN & DIU
03,08,2,2025,10,RAJASTHAN,PUNJAB
05,08,2,2025,11,RAJASTHAN,UTTARAKHAND
09,08,2,2025,14259,RAJASTHAN,UTTAR PRADESH
36,08,2,2025,4,RAJASTHAN,TELANGANA
19,09,2,2025,24,UTTAR PRADESH,WEST BENGAL
20,09,2,2025,342,UTTAR PRADESH,JHARKHAND
24,09,2,2025,75,UTTAR PRADESH,GUJARAT
28,09,2,2025,1,UTTAR PRADESH,ANDHRA PRADESH
29,09,2,2025,8,UTTAR PRADESH,KARNATAKA
32,09,2,2025,3,UTTAR PRADESH,KERALA
38,09,2,2025,3,UTTAR PRADESH,DADAR & NAGAR HAVELI & DAMAN & DIU
01,10,2,2025,3,BIHAR,JAMMU AND KASHMIR
06,10,2,2025,1391,BIHAR,HARYANA
27,10,2,2025,313,BIHAR,MAHARASHTRA
29,10,2,2025,13,BIHAR,KARNATAKA
33,10,2,2025,6,BIHAR,TAMIL NADU
09,11,2,2025,2,SIKKIM,UTTAR PRADESH
06,19,2,2025,21,WEST BENGAL,HARYANA
10,19,2,2025,6380,WEST BENGAL,BIHAR
20,19,2,2025,154,WEST BENGAL,JHARKHAND
23,19,2,2025,6,WEST BENGAL,MADHYA PRADESH
08,20,2,2025,3,JHARKHAND,RAJASTHAN
10,20,2,2025,2313,JHARKHAND,BIHAR
19,22,2,2025,3,CHHATTISGARH,WEST BENGAL
29,22,2,2025,1,CHHATTISGARH,KARNATAKA
33,23,2,2025,1,MADHYA PRADESH,TAMIL NADU
07,24,2,2025,76,GUJARAT,DELHI
08,24,2,2025,1441,GUJARAT,RAJASTHAN
09,24,2,2025,13543,GUJARAT,UTTAR PRADESH
05,27,2,2025,87,MAHARASHTRA,UTTARAKHAND
28,27,2,2025,47,MAHARASHTRA,ANDHRA PRADESH
29,27,2,2025,331,MAHARASHTRA,KARNATAKA
06,29,2,2025,6,KARNATAKA,HARYANA
08,29,2,2025,2,KARNATAKA,RAJASTHAN
36,29,2,2025,2,KARNATAKA,TELANGANA
09,30,2,2025,1152,GOA,UTTAR PRADESH
23,30,2,2025,123,GOA,MADHYA PRADESH
32,30,2,2025,3,GOA,KERALA
36,30,2,2025,3,GOA,TELANGANA
01,32,2,2025,5,KERALA,JAMMU AND KASHMIR
29,32,2,2025,291,KERALA,KARNATAKA
29,33,2,2025,6,TAMIL NADU,KARNATAKA
05,35,2,2025,1,ANDAMAN AND NICOBAR ISLANDS,UTTARAKHAND
28,35,2,2025,1,ANDAMAN AND NICOBAR ISLANDS,ANDHRA PRADESH
32,35,2,2025,2,ANDAMAN AND NICOBAR ISLANDS,KERALA
24,36,2,2025,10,TELANGANA,GUJARAT
29,36,2,2025,617,TELANGANA,KARNATAKA
33,36,2,2025,20,TELANGANA,TAMIL NADU
23,38,2,2025,801,DADAR & NAGAR HAVELI & DAMAN & DIU,MADHYA PRADESH
32,38,2,2025,1,DADAR & NAGAR HAVELI & DAMAN & DIU,KERALA
23,01,3,2025,1403,JAMMU AND KASHMIR,MADHYA PRADESH
37,01,3,2025,1,JAMMU AND KASHMIR,LADAKH
03,02,3,2025,3,HIMACHAL PRADESH,PUNJAB
09,02,3,2025,10654,HIMACHAL PRADESH,UTTAR PRADESH
20,02,3,2025,102,HIMACHAL PRADESH,JHARKHAND
29,02,3,2025,1,HIMACHAL PRADESH,KARNATAKA
06,03,3,2025,91,PUNJAB,HARYANA
18,03,3,2025,4,PUNJAB,ASSAM
24,03,3,2025,1,PUNJAB,GUJARAT
03,05,3,2025,5,UTTARAKHAND,PUNJAB
06,05,3,2025,172,UTTARAKHAND,HARYANA
10,05,3,2025,3209,UTTARAKHAND,BIHAR
16,05,3,2025,1,UTTARAKHAND,TRIPURA
05,06,3,2025,400,HARYANA,UTTARAKHAND
07,06,3,2025,914,HARYANA,DELHI
09,06,3,2025,40005,HARYANA,UTTAR PRADESH
10,06,3,2025,38433,HARYANA,BIHAR
24,06,3,2025,27,HARYANA,GUJARAT
05,07,3,2025,7238,DELHI,UTTARAKHAND
06,07,3,2025,13151,DELHI,HARYANA
08,07,3,2025,1445,DELHI,RAJASTHAN
18,07,3,2025,400,DELHI,ASSAM
19,07,3,2025,1610,DELHI,WEST BENGAL
28,07,3,2025,36,DELHI,ANDHRA PRADESH
06,08,3,2025,1418,RAJASTHAN,HARYANA
20,08,3,2025,122,RAJASTHAN,JHARKHAND
27,08,3,2025,47,RAJASTHAN,MAHARASHTRA
33,08,3,2025,1,RAJASTHAN,TAMIL NADU
10,09,3,2025,2795,UTTAR PRADESH,BIHAR
19,09,3,2025,12,UTTAR PRADESH,WEST BENGAL
23,09,3,2025,474,UTTAR PRADESH,MADHYA PRADESH
27,09,3,2025,458,UTTAR PRADESH,MAHARASHTRA
29,09,3,2025,2,UTTAR PRADESH,KARNATAKA
08,10,3,2025,35,BIHAR,RAJASTHAN
24,10,3,2025,146,BIHAR,GUJARAT
06,11,3,2025,1,SIKKIM,HARYANA
18,11,3,2025,1,SIKKIM,ASSAM
10,18,3,2025,62,ASSAM,BIHAR
06,19,3,2025,27,WEST BENGAL,HARYANA
08,19,3,2025,1,WEST BENGAL,RAJASTHAN
29,19,3,2025,4,WEST BENGAL,KARNATAKA
07,20,3,2025,46,JHARKHAND,DELHI
21,20,3,2025,3,JHARKHAND,ODISHA
27,20,3,2025,15,JHARKHAND,MAHARASHTRA
06,22,3,2025,17,CHHATTISGARH,HARYANA
10,22,3,2025,412,CHHATTISGARH,BIHAR
20,22,3,2025,90,CHHATTISGARH,JHARKHAND
28,22,3,2025,2,CHHATTISGARH,ANDHRA PRADESH
29,22,3,2025,1,CHHATTISGARH,KARNATAKA
01,23,3,2025,1,MADHYA PRADESH,JAMMU AND KASHMIR
03,23,3,2025,4,MADHYA PRADESH,PUNJAB
06,23,3,2025,159,MADHYA PRADESH,HARYANA
09,23,3,2025,4793,MADHYA PRADESH,UTTAR PRADESH
16,23,3,2025,1,MADHYA PRADESH,TRIPURA
23,24,3,2025,4692,GUJARAT,MADHYA PRADESH
08,27,3,2025,474,MAHARASHTRA,RAJASTHAN
21,27,3,2025,30,MAHARASHTRA,ODISHA
24,27,3,2025,385,MAHARASHTRA,GUJARAT
06,30,3,2025,8,GOA,HARYANA
10,30,3,2025,849,GOA,BIHAR
20,30,3,2025,93,GOA,JHARKHAND
29,30,3,2025,607,GOA,KARNATAKA
36,30,3,2025,3,GOA,TELANGANA
08,32,1,2024,8,KERALA,RAJASTHAN
13,32,1,2024,1,KERALA,NAGALAND
19,32,1,2024,80,KERALA,WEST BENGAL
21,32,1,2024,7,KERALA,ODISHA
10,33,1,2024,110,TAMIL NADU,BIHAR
18,33,1,2024,5,TAMIL NADU,ASSAM
28,33,1,2024,4,TAMIL NADU,ANDHRA PRADESH
29,33,1,2024,1,TAMIL NADU,KARNATAKA
05,35,1,2024,1,ANDAMAN AND NICOBAR ISLANDS,UTTARAKHAND
19,35,1,2024,12,ANDAMAN AND NICOBAR ISLANDS,WEST BENGAL
27,36,1,2024,1063,TELANGANA,MAHARASHTRA
08,37,1,2024,3,LADAKH,RAJASTHAN
10,37,1,2024,4,LADAKH,BIHAR
05,38,1,2024,9,Dadar & Nagar Haveli & Daman & Diu,UTTARAKHAND
10,38,1,2024,3155,Dadar & Nagar Haveli & Daman & Diu,BIHAR
20,38,1,2024,154,Dadar & Nagar Haveli & Daman & Diu,JHARKHAND
10,01,2,2024,883,JAMMU AND KASHMIR,BIHAR
19,01,2,2024,7,JAMMU AND KASHMIR,WEST BENGAL
06,02,2,2024,92,HIMACHAL PRADESH,HARYANA
19,02,2,2024,14,HIMACHAL PRADESH,WEST BENGAL
10,04,2,2024,21,CHANDIGARH,BIHAR
06,05,2,2024,63,UTTARAKHAND,HARYANA
08,06,2,2024,809,HARYANA,RAJASTHAN
10,06,2,2024,22734,HARYANA,BIHAR
18,06,2,2024,19,HARYANA,ASSAM
23,06,2,2024,3715,HARYANA,MADHYA PRADESH
06,07,2,2024,8801,DELHI,HARYANA
09,07,2,2024,146622,DELHI,UTTAR PRADESH
10,07,2,2024,174132,DELHI,BIHAR
32,07,2,2024,48,DELHI,KERALA
06,08,2,2024,654,RAJASTHAN,HARYANA
09,08,2,2024,7375,RAJASTHAN,UTTAR PRADESH
20,08,2,2024,34,RAJASTHAN,JHARKHAND
23,08,2,2024,2293,RAJASTHAN,MADHYA PRADESH
07,09,2,2024,75,UTTAR PRADESH,DELHI
27,09,2,2024,69,UTTAR PRADESH,MAHARASHTRA
06,10,2,2024,668,BIHAR,HARYANA
07,10,2,2024,1622,BIHAR,DELHI
09,10,2,2024,1262,BIHAR,UTTAR PRADESH
13,10,2,2024,2,BIHAR,NAGALAND
21,10,2,2024,24,BIHAR,ODISHA
27,10,2,2024,246,BIHAR,MAHARASHTRA
29,10,2,2024,16,BIHAR,KARNATAKA
19,16,2,2024,9,TRIPURA,WEST BENGAL
18,17,2,2024,3,MEGHALAYA,ASSAM
10,19,2,2024,2595,WEST BENGAL,BIHAR
23,19,2,2024,4,WEST BENGAL,MADHYA PRADESH
13,20,2,2024,1,JHARKHAND,NAGALAND
18,20,2,2024,3,JHARKHAND,ASSAM
22,20,2,2024,44,JHARKHAND,CHHATTISGARH
06,22,2,2024,8,CHHATTISGARH,HARYANA
01,23,2,2024,2,MADHYA PRADESH,JAMMU AND KASHMIR
20,23,2,2024,18,MADHYA PRADESH,JHARKHAND
24,23,2,2024,21,MADHYA PRADESH,GUJARAT
28,23,2,2024,2,MADHYA PRADESH,ANDHRA PRADESH
06,24,2,2024,145,GUJARAT,HARYANA
07,24,2,2024,61,GUJARAT,DELHI
06,27,2,2024,210,MAHARASHTRA,HARYANA
10,27,2,2024,16582,MAHARASHTRA,BIHAR
20,27,2,2024,899,MAHARASHTRA,JHARKHAND
22,27,2,2024,122,MAHARASHTRA,CHHATTISGARH
24,27,2,2024,231,MAHARASHTRA,GUJARAT
28,27,2,2024,24,MAHARASHTRA,ANDHRA PRADESH
29,27,2,2024,252,MAHARASHTRA,KARNATAKA
10,28,2,2024,1,ANDHRA PRADESH,BIHAR
19,29,2,2024,7,KARNATAKA,WEST BENGAL
01,30,2,2024,4,GOA,JAMMU AND KASHMIR
22,30,2,2024,27,GOA,CHHATTISGARH
33,30,2,2024,13,GOA,TAMIL NADU
05,32,2,2024,6,KERALA,UTTARAKHAND
06,32,2,2024,6,KERALA,HARYANA
07,32,2,2024,10,KERALA,DELHI
24,32,2,2024,5,KERALA,GUJARAT
20,33,2,2024,2,TAMIL NADU,JHARKHAND
10,36,2,2024,675,TELANGANA,BIHAR
19,36,2,2024,14,TELANGANA,WEST BENGAL
22,36,2,2024,100,TELANGANA,CHHATTISGARH
10,37,2,2024,6,LADAKH,BIHAR
05,38,2,2024,10,Dadar & Nagar Haveli & Daman & Diu,UTTARAKHAND
06,38,2,2024,10,Dadar & Nagar Haveli & Daman & Diu,HARYANA
19,38,2,2024,37,Dadar & Nagar Haveli & Daman & Diu,WEST BENGAL
27,38,2,2024,474,Dadar & Nagar Haveli & Daman & Diu,MAHARASHTRA
06,01,3,2024,38,JAMMU AND KASHMIR,HARYANA
10,01,3,2024,1005,JAMMU AND KASHMIR,BIHAR
23,01,3,2024,1107,JAMMU AND KASHMIR,MADHYA PRADESH
09,02,3,2024,7278,HIMACHAL PRADESH,UTTAR PRADESH
19,02,3,2024,15,HIMACHAL PRADESH,WEST BENGAL
20,02,3,2024,50,HIMACHAL PRADESH,JHARKHAND
27,02,3,2024,3,HIMACHAL PRADESH,MAHARASHTRA
05,03,3,2024,1,PUNJAB,UTTARAKHAND
23,03,3,2024,5,PUNJAB,MADHYA PRADESH
09,04,3,2024,16,CHANDIGARH,UTTAR PRADESH
06,05,3,2024,68,UTTARAKHAND,HARYANA
09,05,3,2024,9138,UTTARAKHAND,UTTAR PRADESH
27,05,3,2024,4,UTTARAKHAND,MAHARASHTRA
01,06,3,2024,14,HARYANA,JAMMU AND KASHMIR
05,06,3,2024,296,HARYANA,UTTARAKHAND
22,06,3,2024,138,HARYANA,CHHATTISGARH
05,07,3,2024,5826,DELHI,UTTARAKHAND
16,07,3,2024,6,DELHI,TRIPURA
22,07,3,2024,393,DELHI,CHHATTISGARH
33,07,3,2024,248,DELHI,TAMIL NADU
22,08,3,2024,127,RAJASTHAN,CHHATTISGARH
22,09,3,2024,31,UTTAR PRADESH,CHHATTISGARH
09,11,3,2024,3,SIKKIM,UTTAR PRADESH
22,16,3,2024,1,TRIPURA,CHHATTISGARH
10,19,3,2024,2852,WEST BENGAL,BIHAR
16,19,3,2024,1,WEST BENGAL,TRIPURA
06,23,3,2024,61,MADHYA PRADESH,HARYANA
16,23,3,2024,1,MADHYA PRADESH,TRIPURA
20,23,3,2024,21,MADHYA PRADESH,JHARKHAND
32,23,3,2024,1,MADHYA PRADESH,KERALA
08,24,3,2024,341,GUJARAT,RAJASTHAN
19,24,3,2024,10,GUJARAT,WEST BENGAL
22,24,3,2024,238,GUJARAT,CHHATTISGARH
28,24,3,2024,5,GUJARAT,ANDHRA PRADESH
33,24,3,2024,8,GUJARAT,TAMIL NADU
10,27,3,2024,17116,MAHARASHTRA,BIHAR
36,27,3,2024,11,MAHARASHTRA,TELANGANA
22,28,3,2024,1,ANDHRA PRADESH,CHHATTISGARH
29,28,3,2024,4,ANDHRA PRADESH,KARNATAKA
10,29,3,2024,396,KARNATAKA,BIHAR
22,29,3,2024,6,KARNATAKA,CHHATTISGARH
27,29,3,2024,32,KARNATAKA,MAHARASHTRA
36,29,3,2024,1,KARNATAKA,TELANGANA
06,30,3,2024,2,GOA,HARYANA
07,30,3,2024,2,GOA,DELHI
19,30,3,2024,16,GOA,WEST BENGAL
27,30,3,2024,75,GOA,MAHARASHTRA
07,32,3,2024,13,KERALA,DELHI
10,32,3,2024,567,KERALA,BIHAR
19,32,3,2024,94,KERALA,WEST BENGAL
28,32,3,2024,9,KERALA,ANDHRA PRADESH
33,32,3,2024,147,KERALA,TAMIL NADU
22,33,3,2024,2,TAMIL NADU,CHHATTISGARH
23,33,3,2024,1,TAMIL NADU,MADHYA PRADESH
32,33,3,2024,12,TAMIL NADU,KERALA
05,35,3,2024,1,ANDAMAN AND NICOBAR ISLANDS,UTTARAKHAND
10,36,3,2024,869,TELANGANA,BIHAR
19,36,3,2024,17,TELANGANA,WEST BENGAL
33,36,3,2024,14,TELANGANA,TAMIL NADU
24,38,3,2024,786,Dadar & Nagar Haveli & Daman & Diu,GUJARAT
05,01,4,2024,13,JAMMU AND KASHMIR,UTTARAKHAND
06,01,4,2024,45,JAMMU AND KASHMIR,HARYANA
19,01,4,2024,6,JAMMU AND KASHMIR,WEST BENGAL
24,01,4,2024,1,JAMMU AND KASHMIR,GUJARAT
27,01,4,2024,5,JAMMU AND KASHMIR,MAHARASHTRA
06,02,4,2024,95,HIMACHAL PRADESH,HARYANA
09,02,4,2024,7524,HIMACHAL PRADESH,UTTAR PRADESH
10,02,4,2024,2153,HIMACHAL PRADESH,BIHAR
08,05,4,2024,4,UTTARAKHAND,RAJASTHAN
08,06,4,2024,979,HARYANA,RAJASTHAN
18,06,4,2024,8,HARYANA,ASSAM
02,07,4,2024,114,DELHI,HIMACHAL PRADESH
06,07,4,2024,9990,DELHI,HARYANA
08,07,4,2024,2483,DELHI,RAJASTHAN
29,07,4,2024,3,DELHI,KARNATAKA
32,07,4,2024,48,DELHI,KERALA
09,08,4,2024,6596,RAJASTHAN,UTTAR PRADESH
10,08,4,2024,3045,RAJASTHAN,BIHAR
18,08,4,2024,3,RAJASTHAN,ASSAM
02,10,4,2024,1,BIHAR,HIMACHAL PRADESH
06,10,4,2024,892,BIHAR,HARYANA
13,10,4,2024,4,BIHAR,NAGALAND
22,10,4,2024,143,BIHAR,CHHATTISGARH
32,10,4,2024,2,BIHAR,KERALA
10,11,4,2024,87,SIKKIM,BIHAR
16,17,4,2024,3,MEGHALAYA,TRIPURA
10,18,4,2024,48,ASSAM,BIHAR
18,19,4,2024,1,WEST BENGAL,ASSAM
23,19,4,2024,5,WEST BENGAL,MADHYA PRADESH
06,20,4,2024,10,JHARKHAND,HARYANA
22,20,4,2024,33,JHARKHAND,CHHATTISGARH
27,20,4,2024,16,JHARKHAND,MAHARASHTRA
05,23,4,2024,8,MADHYA PRADESH,UTTARAKHAND
08,23,4,2024,168,MADHYA PRADESH,RAJASTHAN
24,23,4,2024,21,MADHYA PRADESH,GUJARAT
29,23,4,2024,4,MADHYA PRADESH,KARNATAKA
09,24,4,2024,6620,GUJARAT,UTTAR PRADESH
21,24,4,2024,24,GUJARAT,ODISHA
28,24,4,2024,5,GUJARAT,ANDHRA PRADESH
01,27,4,2024,4,MAHARASHTRA,JAMMU AND KASHMIR
02,27,4,2024,2,MAHARASHTRA,HIMACHAL PRADESH
09,27,4,2024,29230,MAHARASHTRA,UTTAR PRADESH
10,27,4,2024,16627,MAHARASHTRA,BIHAR
16,27,4,2024,1,MAHARASHTRA,TRIPURA
18,27,4,2024,23,MAHARASHTRA,ASSAM
19,27,4,2024,275,MAHARASHTRA,WEST BENGAL
33,27,4,2024,120,MAHARASHTRA,TAMIL NADU
06,29,4,2024,5,KARNATAKA,HARYANA
27,29,4,2024,24,KARNATAKA,MAHARASHTRA
28,29,4,2024,32,KARNATAKA,ANDHRA PRADESH
33,29,4,2024,14,KARNATAKA,TAMIL NADU
36,29,4,2024,1,KARNATAKA,TELANGANA
08,30,4,2024,8,GOA,RAJASTHAN
10,18,10,2024,46,ASSAM,BIHAR
16,19,10,2024,2,WEST BENGAL,TRIPURA
23,19,10,2024,8,WEST BENGAL,MADHYA PRADESH
07,20,10,2024,39,JHARKHAND,DELHI
10,20,10,2024,1498,JHARKHAND,BIHAR
18,20,10,2024,3,JHARKHAND,ASSAM
28,20,10,2024,1,JHARKHAND,ANDHRA PRADESH
32,20,10,2024,1,JHARKHAND,KERALA
07,22,10,2024,6,CHHATTISGARH,DELHI
08,22,10,2024,5,CHHATTISGARH,RAJASTHAN
10,22,10,2024,296,CHHATTISGARH,BIHAR
18,22,10,2024,1,CHHATTISGARH,ASSAM
05,23,10,2024,10,MADHYA PRADESH,UTTARAKHAND
06,23,10,2024,96,MADHYA PRADESH,HARYANA
08,23,10,2024,366,MADHYA PRADESH,RAJASTHAN
16,23,10,2024,1,MADHYA PRADESH,TRIPURA
20,23,10,2024,34,MADHYA PRADESH,JHARKHAND
33,23,10,2024,2,MADHYA PRADESH,TAMIL NADU
06,24,10,2024,213,GUJARAT,HARYANA
10,24,10,2024,4646,GUJARAT,BIHAR
27,24,10,2024,1136,GUJARAT,MAHARASHTRA
33,24,10,2024,4,GUJARAT,TAMIL NADU
38,24,10,2024,7,GUJARAT,Dadar & Nagar Haveli & Daman & Diu
23,27,10,2024,1216,MAHARASHTRA,MADHYA PRADESH
29,27,10,2024,345,MAHARASHTRA,KARNATAKA
38,27,10,2024,5,MAHARASHTRA,Dadar & Nagar Haveli & Daman & Diu
06,30,10,2024,7,GOA,HARYANA
18,30,10,2024,19,GOA,ASSAM
19,30,10,2024,19,GOA,WEST BENGAL
23,30,10,2024,99,GOA,MADHYA PRADESH
01,32,10,2024,3,KERALA,JAMMU AND KASHMIR
08,32,10,2024,22,KERALA,RAJASTHAN
19,32,10,2024,231,KERALA,WEST BENGAL
28,32,10,2024,22,KERALA,ANDHRA PRADESH
38,32,10,2024,1,KERALA,Dadar & Nagar Haveli & Daman & Diu
20,35,10,2024,2,ANDAMAN AND NICOBAR ISLANDS,JHARKHAND
33,35,10,2024,9,ANDAMAN AND NICOBAR ISLANDS,TAMIL NADU
01,36,10,2024,1,TELANGANA,JAMMU AND KASHMIR
19,36,10,2024,15,TELANGANA,WEST BENGAL
28,36,10,2024,1820,TELANGANA,ANDHRA PRADESH
32,36,10,2024,25,TELANGANA,KERALA
01,37,10,2024,2,LADAKH,JAMMU AND KASHMIR
05,37,10,2024,1,LADAKH,UTTARAKHAND
23,37,10,2024,1,LADAKH,MADHYA PRADESH
06,38,10,2024,7,Dadar & Nagar Haveli & Daman & Diu,HARYANA
19,38,10,2024,42,Dadar & Nagar Haveli & Daman & Diu,WEST BENGAL
24,38,10,2024,605,Dadar & Nagar Haveli & Daman & Diu,GUJARAT
05,01,11,2024,11,JAMMU AND KASHMIR,UTTARAKHAND
01,02,11,2024,2,HIMACHAL PRADESH,JAMMU AND KASHMIR
08,02,11,2024,46,HIMACHAL PRADESH,RAJASTHAN
10,02,11,2024,3483,HIMACHAL PRADESH,BIHAR
08,04,11,2024,2,CHANDIGARH,RAJASTHAN
06,05,11,2024,152,UTTARAKHAND,HARYANA
07,06,11,2024,791,HARYANA,DELHI
32,06,11,2024,1,HARYANA,KERALA
33,06,11,2024,2,HARYANA,TAMIL NADU
02,07,11,2024,129,DELHI,HIMACHAL PRADESH
05,07,11,2024,5876,DELHI,UTTARAKHAND
10,07,11,2024,204844,DELHI,BIHAR
22,07,11,2024,439,DELHI,CHHATTISGARH
32,07,11,2024,74,DELHI,KERALA
33,07,11,2024,121,DELHI,TAMIL NADU
05,08,11,2024,5,RAJASTHAN,UTTARAKHAND
23,08,11,2024,1682,RAJASTHAN,MADHYA PRADESH
27,08,11,2024,26,RAJASTHAN,MAHARASHTRA
29,08,11,2024,5,RAJASTHAN,KARNATAKA
18,09,11,2024,23,UTTAR PRADESH,ASSAM
19,09,11,2024,13,UTTAR PRADESH,WEST BENGAL
22,09,11,2024,157,UTTAR PRADESH,CHHATTISGARH
08,10,11,2024,147,BIHAR,RAJASTHAN
18,10,11,2024,126,BIHAR,ASSAM
19,10,11,2024,315,BIHAR,WEST BENGAL
33,10,11,2024,7,BIHAR,TAMIL NADU
38,10,11,2024,1,BIHAR,Dadar & Nagar Haveli & Daman & Diu
09,18,11,2024,2,ASSAM,UTTAR PRADESH
33,19,11,2024,2,WEST BENGAL,TAMIL NADU
10,20,11,2024,1719,JHARKHAND,BIHAR
27,20,11,2024,11,JHARKHAND,MAHARASHTRA
05,22,11,2024,1,CHHATTISGARH,UTTARAKHAND
07,22,11,2024,8,CHHATTISGARH,DELHI
08,22,11,2024,8,CHHATTISGARH,RAJASTHAN
09,22,11,2024,154,CHHATTISGARH,UTTAR PRADESH
10,22,11,2024,305,CHHATTISGARH,BIHAR
28,22,11,2024,3,CHHATTISGARH,ANDHRA PRADESH
05,24,11,2024,19,GUJARAT,UTTARAKHAND
08,24,11,2024,1151,GUJARAT,RAJASTHAN
19,24,11,2024,18,GUJARAT,WEST BENGAL
20,24,11,2024,243,GUJARAT,JHARKHAND
22,24,11,2024,203,GUJARAT,CHHATTISGARH
38,24,11,2024,4,GUJARAT,Dadar & Nagar Haveli & Daman & Diu
01,27,11,2024,2,MAHARASHTRA,JAMMU AND KASHMIR
07,27,11,2024,88,MAHARASHTRA,DELHI
19,27,11,2024,308,MAHARASHTRA,WEST BENGAL
38,27,11,2024,4,MAHARASHTRA,Dadar & Nagar Haveli & Daman & Diu
05,30,11,2024,4,GOA,UTTARAKHAND
07,30,11,2024,2,GOA,DELHI
09,30,11,2024,639,GOA,UTTAR PRADESH
10,30,11,2024,658,GOA,BIHAR
18,30,11,2024,13,GOA,ASSAM
20,30,11,2024,40,GOA,JHARKHAND
27,30,11,2024,94,GOA,MAHARASHTRA
01,32,11,2024,1,KERALA,JAMMU AND KASHMIR
19,32,11,2024,227,KERALA,WEST BENGAL
20,32,11,2024,193,KERALA,JHARKHAND
29,32,11,2024,275,KERALA,KARNATAKA
33,32,11,2024,580,KERALA,TAMIL NADU
01,33,11,2024,1,TAMIL NADU,JAMMU AND KASHMIR
07,33,11,2024,2,TAMIL NADU,DELHI
20,33,11,2024,4,TAMIL NADU,JHARKHAND
27,33,11,2024,1,TAMIL NADU,MAHARASHTRA
32,33,11,2024,5,TAMIL NADU,KERALA
01,36,11,2024,1,TELANGANA,JAMMU AND KASHMIR
08,36,11,2024,95,TELANGANA,RAJASTHAN
18,36,11,2024,23,TELANGANA,ASSAM
19,36,11,2024,13,TELANGANA,WEST BENGAL
27,36,11,2024,970,TELANGANA,MAHARASHTRA
28,36,11,2024,2760,TELANGANA,ANDHRA PRADESH
05,37,11,2024,1,LADAKH,UTTARAKHAND
06,37,11,2024,6,LADAKH,HARYANA
07,38,11,2024,3,Dadar & Nagar Haveli & Daman & Diu,DELHI
19,38,11,2024,36,Dadar & Nagar Haveli & Daman & Diu,WEST BENGAL
22,38,11,2024,33,Dadar & Nagar Haveli & Daman & Diu,CHHATTISGARH
27,38,11,2024,486,Dadar & Nagar Haveli & Daman & Diu,MAHARASHTRA
33,38,11,2024,2,Dadar & Nagar Haveli & Daman & Diu,TAMIL NADU
18,01,12,2024,3,JAMMU AND KASHMIR,ASSAM
06,02,12,2024,128,HIMACHAL PRADESH,HARYANA
10,02,12,2024,4764,HIMACHAL PRADESH,BIHAR
18,03,12,2024,2,PUNJAB,ASSAM
19,03,12,2024,2,PUNJAB,WEST BENGAL
22,03,12,2024,7,PUNJAB,CHHATTISGARH
32,03,12,2024,1,PUNJAB,KERALA
08,04,12,2024,2,CHANDIGARH,RAJASTHAN
10,04,12,2024,31,CHANDIGARH,BIHAR
23,04,12,2024,1,CHANDIGARH,MADHYA PRADESH
06,05,12,2024,156,UTTARAKHAND,HARYANA
08,06,12,2024,1930,HARYANA,RAJASTHAN
22,06,12,2024,148,HARYANA,CHHATTISGARH
19,07,12,2024,2125,DELHI,WEST BENGAL
28,07,12,2024,29,DELHI,ANDHRA PRADESH
29,07,12,2024,14,DELHI,KARNATAKA
05,08,12,2024,10,RAJASTHAN,UTTARAKHAND
10,08,12,2024,6403,RAJASTHAN,BIHAR
19,08,12,2024,28,RAJASTHAN,WEST BENGAL
06,09,12,2024,1677,UTTAR PRADESH,HARYANA
07,09,12,2024,1738,UTTAR PRADESH,DELHI
18,09,12,2024,38,UTTAR PRADESH,ASSAM
29,09,12,2024,12,UTTAR PRADESH,KARNATAKA
36,09,12,2024,1,UTTAR PRADESH,TELANGANA
02,10,12,2024,2,BIHAR,HIMACHAL PRADESH
05,10,12,2024,45,BIHAR,UTTARAKHAND
07,10,12,2024,2926,BIHAR,DELHI
28,10,12,2024,12,BIHAR,ANDHRA PRADESH
29,10,12,2024,14,BIHAR,KARNATAKA
09,16,12,2024,6,TRIPURA,UTTAR PRADESH
19,16,12,2024,1,TRIPURA,WEST BENGAL
09,18,12,2024,4,ASSAM,UTTAR PRADESH
20,18,12,2024,2,ASSAM,JHARKHAND
10,19,12,2024,5605,WEST BENGAL,BIHAR
07,20,12,2024,47,JHARKHAND,DELHI
18,20,12,2024,3,JHARKHAND,ASSAM
05,23,12,2024,10,MADHYA PRADESH,UTTARAKHAND
06,23,12,2024,132,MADHYA PRADESH,HARYANA
05,24,12,2024,25,GUJARAT,UTTARAKHAND
08,24,12,2024,1483,GUJARAT,RAJASTHAN
22,24,12,2024,334,GUJARAT,CHHATTISGARH
24,27,12,2024,365,MAHARASHTRA,GUJARAT
09,29,12,2024,45,KARNATAKA,UTTAR PRADESH
10,29,12,2024,291,KARNATAKA,BIHAR
23,29,12,2024,15,KARNATAKA,MADHYA PRADESH
05,30,12,2024,2,GOA,UTTARAKHAND
09,30,12,2024,937,GOA,UTTAR PRADESH
22,30,12,2024,33,GOA,CHHATTISGARH
01,32,12,2024,4,KERALA,JAMMU AND KASHMIR
06,32,12,2024,14,KERALA,HARYANA
18,32,12,2024,451,KERALA,ASSAM
32,33,12,2024,4,TAMIL NADU,KERALA
06,35,12,2024,1,ANDAMAN AND NICOBAR ISLANDS,HARYANA
33,35,12,2024,13,ANDAMAN AND NICOBAR ISLANDS,TAMIL NADU
01,36,12,2024,1,TELANGANA,JAMMU AND KASHMIR
05,36,12,2024,2,TELANGANA,UTTARAKHAND
10,36,12,2024,1517,TELANGANA,BIHAR
22,36,12,2024,113,TELANGANA,CHHATTISGARH
24,36,12,2024,10,TELANGANA,GUJARAT
09,05,7,2025,6621,UTTARAKHAND,UTTAR PRADESH
20,05,7,2025,10,UTTARAKHAND,JHARKHAND
27,05,7,2025,7,UTTARAKHAND,MAHARASHTRA
24,06,7,2025,4,HARYANA,GUJARAT
29,06,7,2025,2,HARYANA,KARNATAKA
02,07,7,2025,49,DELHI,HIMACHAL PRADESH
03,07,7,2025,37,DELHI,PUNJAB
28,07,7,2025,36,DELHI,ANDHRA PRADESH
29,07,7,2025,5,DELHI,KARNATAKA
02,08,7,2025,1,RAJASTHAN,HIMACHAL PRADESH
03,08,7,2025,28,RAJASTHAN,PUNJAB
05,08,7,2025,7,RAJASTHAN,UTTARAKHAND
06,08,7,2025,1080,RAJASTHAN,HARYANA
27,08,7,2025,40,RAJASTHAN,MAHARASHTRA
05,10,7,2025,41,BIHAR,UTTARAKHAND
18,10,7,2025,70,BIHAR,ASSAM
06,11,7,2025,1,SIKKIM,HARYANA
08,16,7,2025,1,TRIPURA,RAJASTHAN
08,19,7,2025,1,WEST BENGAL,RAJASTHAN
07,20,7,2025,18,JHARKHAND,DELHI
08,20,7,2025,1,JHARKHAND,RAJASTHAN
09,20,7,2025,55,JHARKHAND,UTTAR PRADESH
06,22,7,2025,11,CHHATTISGARH,HARYANA
10,22,7,2025,204,CHHATTISGARH,BIHAR
07,24,7,2025,38,GUJARAT,DELHI
03,27,7,2025,5,MAHARASHTRA,PUNJAB
07,27,7,2025,143,MAHARASHTRA,DELHI
20,27,7,2025,1009,MAHARASHTRA,JHARKHAND
28,27,7,2025,39,MAHARASHTRA,ANDHRA PRADESH
09,28,7,2025,10,ANDHRA PRADESH,UTTAR PRADESH
05,29,7,2025,1,KARNATAKA,UTTARAKHAND
06,29,7,2025,2,KARNATAKA,HARYANA
08,29,7,2025,2,KARNATAKA,RAJASTHAN
19,29,7,2025,1,KARNATAKA,WEST BENGAL
24,29,7,2025,3,KARNATAKA,GUJARAT
08,30,7,2025,25,GOA,RAJASTHAN
05,32,7,2025,3,KERALA,UTTARAKHAND
20,32,7,2025,151,KERALA,JHARKHAND
30,32,7,2025,1,KERALA,GOA
06,01,8,2025,36,JAMMU AND KASHMIR,HARYANA
19,01,8,2025,6,JAMMU AND KASHMIR,WEST BENGAL
23,02,8,2025,190,HIMACHAL PRADESH,MADHYA PRADESH
29,02,8,2025,1,HIMACHAL PRADESH,KARNATAKA
07,05,8,2025,112,UTTARAKHAND,DELHI
08,05,8,2025,17,UTTARAKHAND,RAJASTHAN
18,06,8,2025,47,HARYANA,ASSAM
27,06,8,2025,13,HARYANA,MAHARASHTRA
29,06,8,2025,1,HARYANA,KARNATAKA
02,07,8,2025,45,DELHI,HIMACHAL PRADESH
05,07,8,2025,1412,DELHI,UTTARAKHAND
19,07,8,2025,1255,DELHI,WEST BENGAL
23,07,8,2025,4128,DELHI,MADHYA PRADESH
28,07,8,2025,13,DELHI,ANDHRA PRADESH
10,08,8,2025,4437,RAJASTHAN,BIHAR
05,09,8,2025,22,UTTAR PRADESH,UTTARAKHAND
06,09,8,2025,730,UTTAR PRADESH,HARYANA
23,09,8,2025,146,UTTAR PRADESH,MADHYA PRADESH
09,16,8,2025,1,TRIPURA,UTTAR PRADESH
10,16,8,2025,28,TRIPURA,BIHAR
09,20,8,2025,44,JHARKHAND,UTTAR PRADESH
27,20,8,2025,3,JHARKHAND,MAHARASHTRA
28,27,8,2025,8,MAHARASHTRA,ANDHRA PRADESH
06,28,8,2025,1,ANDHRA PRADESH,HARYANA
23,28,8,2025,1,ANDHRA PRADESH,MADHYA PRADESH
05,29,8,2025,1,KARNATAKA,UTTARAKHAND
06,29,8,2025,6,KARNATAKA,HARYANA
07,29,8,2025,1,KARNATAKA,DELHI
09,29,8,2025,57,KARNATAKA,UTTAR PRADESH
23,29,8,2025,10,KARNATAKA,MADHYA PRADESH
08,32,8,2025,27,KERALA,RAJASTHAN
09,32,8,2025,378,KERALA,UTTAR PRADESH
30,32,8,2025,1,KERALA,GOA
05,01,9,2025,16,JAMMU AND KASHMIR,UTTARAKHAND
06,01,9,2025,4,JAMMU AND KASHMIR,HARYANA
06,02,9,2025,5,HIMACHAL PRADESH,HARYANA
10,02,9,2025,7221,HIMACHAL PRADESH,BIHAR
23,02,9,2025,297,HIMACHAL PRADESH,MADHYA PRADESH
10,03,9,2025,3204,PUNJAB,BIHAR
29,03,9,2025,1,PUNJAB,KARNATAKA
09,04,9,2025,18,CHANDIGARH,UTTAR PRADESH
19,05,9,2025,6,UTTARAKHAND,WEST BENGAL
18,06,9,2025,48,HARYANA,ASSAM
19,06,9,2025,95,HARYANA,WEST BENGAL
24,06,9,2025,9,HARYANA,GUJARAT
02,07,9,2025,57,DELHI,HIMACHAL PRADESH
05,07,9,2025,6396,DELHI,UTTARAKHAND
10,07,9,2025,268625,DELHI,BIHAR
13,07,9,2025,3,DELHI,NAGALAND
16,07,9,2025,9,DELHI,TRIPURA
19,07,9,2025,1382,DELHI,WEST BENGAL
29,07,9,2025,9,DELHI,KARNATAKA
30,07,9,2025,1,DELHI,GOA
09,08,9,2025,3845,RAJASTHAN,UTTAR PRADESH
27,08,9,2025,14,RAJASTHAN,MAHARASHTRA
07,09,9,2025,2396,UTTAR PRADESH,DELHI
38,09,9,2025,1,UTTAR PRADESH,DADAR & NAGAR HAVELI & DAMAN & DIU
19,10,9,2025,164,BIHAR,WEST BENGAL
21,10,9,2025,9,BIHAR,ODISHA
27,10,9,2025,256,BIHAR,MAHARASHTRA
20,11,9,2025,1,SIKKIM,JHARKHAND
19,16,9,2025,1,TRIPURA,WEST BENGAL
09,19,9,2025,354,WEST BENGAL,UTTAR PRADESH
10,19,9,2025,6879,WEST BENGAL,BIHAR
18,19,9,2025,9,WEST BENGAL,ASSAM
27,19,9,2025,9,WEST BENGAL,MAHARASHTRA
09,20,9,2025,61,JHARKHAND,UTTAR PRADESH
07,22,9,2025,5,CHHATTISGARH,DELHI
09,22,9,2025,183,CHHATTISGARH,UTTAR PRADESH
19,22,9,2025,3,CHHATTISGARH,WEST BENGAL
24,23,9,2025,6,MADHYA PRADESH,GUJARAT
16,24,9,2025,1,GUJARAT,TRIPURA
18,24,9,2025,9,GUJARAT,ASSAM
38,24,9,2025,7,GUJARAT,DADAR & NAGAR HAVELI & DAMAN & DIU
05,27,9,2025,87,MAHARASHTRA,UTTARAKHAND
06,27,9,2025,17,MAHARASHTRA,HARYANA
08,27,9,2025,784,MAHARASHTRA,RAJASTHAN
23,28,9,2025,2,ANDHRA PRADESH,MADHYA PRADESH
21,29,9,2025,3,KARNATAKA,ODISHA
18,30,9,2025,36,GOA,ASSAM
19,30,9,2025,16,GOA,WEST BENGAL
27,30,9,2025,119,GOA,MAHARASHTRA
08,32,9,2025,17,KERALA,RAJASTHAN
09,32,9,2025,443,KERALA,UTTAR PRADESH
18,32,9,2025,724,KERALA,ASSAM
19,32,9,2025,349,KERALA,WEST BENGAL
29,32,9,2025,249,KERALA,KARNATAKA
06,33,9,2025,6,TAMIL NADU,HARYANA
09,36,9,2025,314,TELANGANA,UTTAR PRADESH
05,38,9,2025,9,DADAR & NAGAR HAVELI & DAMAN & DIU,UTTARAKHAND
08,38,9,2025,42,DADAR & NAGAR HAVELI & DAMAN & DIU,RAJASTHAN
21,38,9,2025,14,DADAR & NAGAR HAVELI & DAMAN & DIU,ODISHA
09,01,10,2025,3829,JAMMU AND KASHMIR,UTTAR PRADESH
06,02,10,2025,21,HIMACHAL PRADESH,HARYANA
06,03,10,2025,7,PUNJAB,HARYANA
07,03,10,2025,7,PUNJAB,DELHI
09,04,10,2025,17,CHANDIGARH,UTTAR PRADESH
03,05,10,2025,4,UTTARAKHAND,PUNJAB
02,06,10,2025,4,HARYANA,HIMACHAL PRADESH
08,06,10,2025,1166,HARYANA,RAJASTHAN
19,06,10,2025,110,HARYANA,WEST BENGAL
21,06,10,2025,10,HARYANA,ODISHA
24,06,10,2025,9,HARYANA,GUJARAT
29,06,10,2025,1,HARYANA,KARNATAKA
03,07,10,2025,33,DELHI,PUNJAB
19,07,10,2025,1381,DELHI,WEST BENGAL
23,07,10,2025,20750,DELHI,MADHYA PRADESH
27,07,10,2025,192,DELHI,MAHARASHTRA
05,08,10,2025,20,RAJASTHAN,UTTARAKHAND
27,08,10,2025,22,RAJASTHAN,MAHARASHTRA
08,09,10,2025,128,UTTAR PRADESH,RAJASTHAN
06,10,10,2025,697,BIHAR,HARYANA
10,11,10,2025,109,SIKKIM,BIHAR
09,18,10,2025,4,ASSAM,UTTAR PRADESH
07,19,10,2025,58,WEST BENGAL,DELHI
09,19,10,2025,347,WEST BENGAL,UTTAR PRADESH
16,19,10,2025,2,WEST BENGAL,TRIPURA
07,20,10,2025,11,JHARKHAND,DELHI
27,20,10,2025,6,JHARKHAND,MAHARASHTRA
28,20,10,2025,1,JHARKHAND,ANDHRA PRADESH
23,22,10,2025,137,CHHATTISGARH,MADHYA PRADESH
24,23,10,2025,11,MADHYA PRADESH,GUJARAT
08,24,10,2025,881,GUJARAT,RAJASTHAN
20,24,10,2025,114,GUJARAT,JHARKHAND
33,24,10,2025,1,GUJARAT,TAMIL NADU
38,24,10,2025,5,GUJARAT,DADAR & NAGAR HAVELI & DAMAN & DIU
05,27,10,2025,63,MAHARASHTRA,UTTARAKHAND
38,27,10,2025,4,MAHARASHTRA,DADAR & NAGAR HAVELI & DAMAN & DIU
05,28,10,2025,1,ANDHRA PRADESH,UTTARAKHAND
10,28,10,2025,25,ANDHRA PRADESH,BIHAR
20,29,10,2025,9,KARNATAKA,JHARKHAND
03,30,10,2025,1,GOA,PUNJAB
05,30,10,2025,2,GOA,UTTARAKHAND
10,30,10,2025,409,GOA,BIHAR
28,30,10,2025,3,GOA,ANDHRA PRADESH
06,32,10,2025,4,KERALA,HARYANA
10,32,10,2025,1380,KERALA,BIHAR
16,32,10,2025,1,KERALA,TRIPURA
19,32,10,2025,343,KERALA,WEST BENGAL
24,32,10,2025,3,KERALA,GUJARAT
33,32,10,2025,175,KERALA,TAMIL NADU
10,36,10,2025,3853,TELANGANA,BIHAR
27,36,10,2025,1467,TELANGANA,MAHARASHTRA
07,38,10,2025,4,DADAR & NAGAR HAVELI & DAMAN & DIU,DELHI
27,38,10,2025,411,DADAR & NAGAR HAVELI & DAMAN & DIU,MAHARASHTRA
18,01,11,2025,5,JAMMU AND KASHMIR,ASSAM
20,01,11,2025,35,JAMMU AND KASHMIR,JHARKHAND
10,02,11,2025,4447,HIMACHAL PRADESH,BIHAR
05,03,11,2025,33,PUNJAB,UTTARAKHAND
06,03,11,2025,29,PUNJAB,HARYANA
18,03,11,2025,4,PUNJAB,ASSAM
20,03,11,2025,44,PUNJAB,JHARKHAND
09,04,11,2025,11,CHANDIGARH,UTTAR PRADESH
06,05,11,2025,66,UTTARAKHAND,HARYANA
19,05,11,2025,5,UTTARAKHAND,WEST BENGAL
08,06,11,2025,1302,HARYANA,RAJASTHAN
10,06,11,2025,33779,HARYANA,BIHAR
18,06,11,2025,64,HARYANA,ASSAM
24,06,11,2025,15,HARYANA,GUJARAT
02,07,11,2025,50,DELHI,HIMACHAL PRADESH
24,07,11,2025,153,DELHI,GUJARAT
30,07,11,2025,1,DELHI,GOA
33,07,11,2025,73,DELHI,TAMIL NADU
07,08,11,2025,179,RAJASTHAN,DELHI
09,08,11,2025,8298,RAJASTHAN,UTTAR PRADESH
18,08,11,2025,7,RAJASTHAN,ASSAM
21,08,11,2025,4,RAJASTHAN,ODISHA
22,08,11,2025,1,RAJASTHAN,CHHATTISGARH
24,08,11,2025,46,RAJASTHAN,GUJARAT
27,08,11,2025,15,RAJASTHAN,MAHARASHTRA
11,10,11,2025,1,BIHAR,SIKKIM
22,10,11,2025,20,BIHAR,CHHATTISGARH
24,10,11,2025,62,BIHAR,GUJARAT
27,10,11,2025,324,BIHAR,MAHARASHTRA
10,16,11,2025,644,TRIPURA,BIHAR
10,18,11,2025,81,ASSAM,BIHAR
23,18,11,2025,1,ASSAM,MADHYA PRADESH
35,19,11,2025,1,WEST BENGAL,ANDAMAN AND NICOBAR ISLANDS
23,20,11,2025,5,JHARKHAND,MADHYA PRADESH
28,20,11,2025,1,JHARKHAND,ANDHRA PRADESH
06,22,11,2025,6,CHHATTISGARH,HARYANA
08,22,11,2025,1,CHHATTISGARH,RAJASTHAN
27,22,11,2025,15,CHHATTISGARH,MAHARASHTRA
02,23,11,2025,1,MADHYA PRADESH,HIMACHAL PRADESH
05,23,11,2025,21,MADHYA PRADESH,UTTARAKHAND
10,23,11,2025,1855,MADHYA PRADESH,BIHAR
08,24,11,2025,947,GUJARAT,RAJASTHAN
18,24,11,2025,16,GUJARAT,ASSAM
19,24,11,2025,8,GUJARAT,WEST BENGAL
05,27,11,2025,121,MAHARASHTRA,UTTARAKHAND
09,27,11,2025,42766,MAHARASHTRA,UTTAR PRADESH
18,27,11,2025,85,MAHARASHTRA,ASSAM
19,28,11,2025,1,ANDHRA PRADESH,WEST BENGAL
08,29,11,2025,1,KARNATAKA,RAJASTHAN
10,29,11,2025,347,KARNATAKA,BIHAR
09,30,11,2025,773,GOA,UTTAR PRADESH
22,30,11,2025,3,GOA,CHHATTISGARH
29,30,11,2025,273,GOA,KARNATAKA
33,30,11,2025,4,GOA,TAMIL NADU
28,32,11,2025,15,KERALA,ANDHRA PRADESH
35,32,11,2025,1,KERALA,ANDAMAN AND NICOBAR ISLANDS
10,35,11,2025,1,ANDAMAN AND NICOBAR ISLANDS,BIHAR
33,35,11,2025,2,ANDAMAN AND NICOBAR ISLANDS,TAMIL NADU
08,36,11,2025,51,TELANGANA,RAJASTHAN
20,36,11,2025,41,TELANGANA,JHARKHAND
08,37,11,2025,1,LADAKH,RAJASTHAN
07,38,11,2025,3,DADAR & NAGAR HAVELI & DAMAN & DIU,DELHI
08,38,11,2025,44,DADAR & NAGAR HAVELI & DAMAN & DIU,RAJASTHAN
20,38,11,2025,184,DADAR & NAGAR HAVELI & DAMAN & DIU,JHARKHAND
05,01,12,2025,17,JAMMU AND KASHMIR,UTTARAKHAND
06,01,12,2025,2,JAMMU AND KASHMIR,HARYANA
23,02,12,2025,174,HIMACHAL PRADESH,MADHYA PRADESH
06,03,12,2025,2,PUNJAB,HARYANA
10,03,12,2025,59,PUNJAB,BIHAR
10,05,12,2025,1748,UTTARAKHAND,BIHAR
18,05,12,2025,21,UTTARAKHAND,ASSAM
19,05,12,2025,4,UTTARAKHAND,WEST BENGAL
10,06,12,2025,20970,HARYANA,BIHAR
23,06,12,2025,3004,HARYANA,MADHYA PRADESH
27,06,12,2025,9,HARYANA,MAHARASHTRA
30,07,12,2025,1,DELHI,GOA
18,08,12,2025,3,RAJASTHAN,ASSAM
10,09,12,2025,1084,UTTAR PRADESH,BIHAR
08,10,12,2025,38,BIHAR,RAJASTHAN
16,10,12,2025,1,BIHAR,TRIPURA
27,10,12,2025,199,BIHAR,MAHARASHTRA
28,10,12,2025,2,BIHAR,ANDHRA PRADESH
33,10,12,2025,2,BIHAR,TAMIL NADU
38,10,12,2025,2,BIHAR,DADAR & NAGAR HAVELI & DAMAN & DIU
08,18,12,2025,1,ASSAM,RAJASTHAN
10,19,12,2025,4985,WEST BENGAL,BIHAR
27,19,12,2025,5,WEST BENGAL,MAHARASHTRA
06,20,12,2025,2,JHARKHAND,HARYANA
05,27,12,2025,48,MAHARASHTRA,UTTARAKHAND
10,27,12,2025,17510,MAHARASHTRA,BIHAR
19,27,12,2025,122,MAHARASHTRA,WEST BENGAL
21,27,12,2025,21,MAHARASHTRA,ODISHA
24,27,12,2025,130,MAHARASHTRA,GUJARAT
33,27,12,2025,80,MAHARASHTRA,TAMIL NADU
06,28,12,2025,1,ANDHRA PRADESH,HARYANA
20,28,12,2025,6,ANDHRA PRADESH,JHARKHAND
23,28,12,2025,1,ANDHRA PRADESH,MADHYA PRADESH
29,28,12,2025,4,ANDHRA PRADESH,KARNATAKA
08,30,12,2025,16,GOA,RAJASTHAN
21,30,12,2025,2,GOA,ODISHA
27,30,12,2025,51,GOA,MAHARASHTRA
29,30,12,2025,161,GOA,KARNATAKA
19,32,12,2025,175,KERALA,WEST BENGAL
20,32,12,2025,123,KERALA,JHARKHAND
10,36,12,2025,4173,TELANGANA,BIHAR
19,36,12,2025,12,TELANGANA,WEST BENGAL
24,36,12,2025,9,TELANGANA,GUJARAT
29,36,12,2025,563,TELANGANA,KARNATAKA
09,38,12,2025,381,DADAR & NAGAR HAVELI & DAMAN & DIU,UTTAR PRADESH
18,38,12,2025,4,DADAR & NAGAR HAVELI & DAMAN & DIU,ASSAM
19,38,12,2025,2,DADAR & NAGAR HAVELI & DAMAN & DIU,WEST BENGAL
23,38,12,2025,102,DADAR & NAGAR HAVELI & DAMAN & DIU,MADHYA PRADESH
07,01,1,2026,7,JAMMU AND KASHMIR,DELHI
13,01,1,2026,1,JAMMU AND KASHMIR,NAGALAND
08,02,1,2026,30,HIMACHAL PRADESH,RAJASTHAN
06,03,1,2026,25,PUNJAB,HARYANA
10,04,1,2026,17,CHANDIGARH,BIHAR
06,05,1,2026,59,UTTARAKHAND,HARYANA
27,05,1,2026,4,UTTARAKHAND,MAHARASHTRA
19,06,1,2026,55,HARYANA,WEST BENGAL
28,06,1,2026,1,HARYANA,ANDHRA PRADESH
29,06,1,2026,3,HARYANA,KARNATAKA
05,07,1,2026,8365,DELHI,UTTARAKHAND
19,07,1,2026,954,DELHI,WEST BENGAL
20,08,1,2026,138,RAJASTHAN,JHARKHAND
23,09,1,2026,1001,UTTAR PRADESH,MADHYA PRADESH
38,09,1,2026,1,UTTAR PRADESH,DADAR & NAGAR HAVELI & DAMAN & DIU
05,10,1,2026,87,BIHAR,UTTARAKHAND
08,10,1,2026,67,BIHAR,RAJASTHAN
09,10,1,2026,2892,BIHAR,UTTAR PRADESH
21,10,1,2026,3,BIHAR,ODISHA
27,10,1,2026,367,BIHAR,MAHARASHTRA
06,16,1,2026,2,TRIPURA,HARYANA
10,16,1,2026,831,TRIPURA,BIHAR
10,17,1,2026,9,MEGHALAYA,BIHAR
10,18,1,2026,18,ASSAM,BIHAR
07,19,1,2026,61,WEST BENGAL,DELHI
09,19,1,2026,464,WEST BENGAL,UTTAR PRADESH
07,20,1,2026,20,JHARKHAND,DELHI
29,20,1,2026,1,JHARKHAND,KARNATAKA
08,23,1,2026,360,MADHYA PRADESH,RAJASTHAN
20,23,1,2026,80,MADHYA PRADESH,JHARKHAND
05,24,1,2026,73,GUJARAT,UTTARAKHAND
06,24,1,2026,137,GUJARAT,HARYANA
21,24,1,2026,25,GUJARAT,ODISHA
23,24,1,2026,4886,GUJARAT,MADHYA PRADESH
28,24,1,2026,1,GUJARAT,ANDHRA PRADESH
29,24,1,2026,11,GUJARAT,KARNATAKA
16,27,1,2026,2,MAHARASHTRA,TRIPURA
30,27,1,2026,1,MAHARASHTRA,GOA
33,27,1,2026,178,MAHARASHTRA,TAMIL NADU
05,28,1,2026,1,ANDHRA PRADESH,UTTARAKHAND
07,29,1,2026,1,KARNATAKA,DELHI
23,29,1,2026,33,KARNATAKA,MADHYA PRADESH
18,30,1,2026,38,GOA,ASSAM
21,30,1,2026,7,GOA,ODISHA
22,30,1,2026,3,GOA,CHHATTISGARH
33,30,1,2026,5,GOA,TAMIL NADU
05,32,1,2026,9,KERALA,UTTARAKHAND
09,32,1,2026,510,KERALA,UTTAR PRADESH
10,32,1,2026,1519,KERALA,BIHAR
19,32,1,2026,201,KERALA,WEST BENGAL
23,32,1,2026,417,KERALA,MADHYA PRADESH
24,32,1,2026,4,KERALA,GUJARAT
27,32,1,2026,94,KERALA,MAHARASHTRA
29,32,1,2026,284,KERALA,KARNATAKA
20,33,1,2026,7,TAMIL NADU,JHARKHAND
19,36,1,2026,19,TELANGANA,WEST BENGAL
27,36,1,2026,1939,TELANGANA,MAHARASHTRA
33,36,1,2026,6,TELANGANA,TAMIL NADU
21,38,1,2026,8,DADAR & NAGAR HAVELI & DAMAN & DIU,ODISHA
22,38,1,2026,3,DADAR & NAGAR HAVELI & DAMAN & DIU,CHHATTISGARH
23,38,1,2026,878,DADAR & NAGAR HAVELI & DAMAN & DIU,MADHYA PRADESH
33,38,1,2026,1,DADAR & NAGAR HAVELI & DAMAN & DIU,TAMIL NADU
06,01,2,2026,22,JAMMU AND KASHMIR,HARYANA
10,01,2,2026,2387,JAMMU AND KASHMIR,BIHAR
06,05,2,2026,69,UTTARAKHAND,HARYANA
18,05,2,2026,16,UTTARAKHAND,ASSAM
21,05,2,2026,1,UTTARAKHAND,ODISHA
33,05,2,2026,1,UTTARAKHAND,TAMIL NADU
20,06,2,2026,387,HARYANA,JHARKHAND
23,06,2,2026,4996,HARYANA,MADHYA PRADESH
24,06,2,2026,12,HARYANA,GUJARAT
27,06,2,2026,19,HARYANA,MAHARASHTRA
02,07,2,2026,64,DELHI,HIMACHAL PRADESH
23,07,2,2026,23688,DELHI,MADHYA PRADESH
07,08,2,2026,238,RAJASTHAN,DELHI
21,08,2,2026,3,RAJASTHAN,ODISHA
24,08,2,2026,70,RAJASTHAN,GUJARAT
10,09,2,2026,1749,UTTAR PRADESH,BIHAR
13,09,2,2026,1,UTTAR PRADESH,NAGALAND
20,09,2,2026,93,UTTAR PRADESH,JHARKHAND
22,09,2,2026,12,UTTAR PRADESH,CHHATTISGARH
11,10,2,2026,1,BIHAR,SIKKIM
13,10,2,2026,17,BIHAR,NAGALAND
19,10,2,2026,174,BIHAR,WEST BENGAL
21,10,2,2026,6,BIHAR,ODISHA
28,10,2,2026,7,BIHAR,ANDHRA PRADESH
20,11,2,2026,1,SIKKIM,JHARKHAND
06,16,2,2026,2,TRIPURA,HARYANA
18,16,2,2026,18,TRIPURA,ASSAM
16,17,2,2026,1,MEGHALAYA,TRIPURA
18,17,2,2026,9,MEGHALAYA,ASSAM
05,18,2,2026,1,ASSAM,UTTARAKHAND
08,18,2,2026,1,ASSAM,RAJASTHAN
23,18,2,2026,1,ASSAM,MADHYA PRADESH
16,19,2,2026,2,WEST BENGAL,TRIPURA
21,19,2,2026,7,WEST BENGAL,ODISHA
07,20,2,2026,20,JHARKHAND,DELHI
09,20,2,2026,148,JHARKHAND,UTTAR PRADESH
23,20,2,2026,4,JHARKHAND,MADHYA PRADESH
28,20,2,2026,1,JHARKHAND,ANDHRA PRADESH
09,23,2,2026,5379,MADHYA PRADESH,UTTAR PRADESH
33,23,2,2026,1,MADHYA PRADESH,TAMIL NADU
38,23,2,2026,1,MADHYA PRADESH,DADAR & NAGAR HAVELI & DAMAN & DIU
10,24,2,2026,7977,GUJARAT,BIHAR
18,24,2,2026,18,GUJARAT,ASSAM
24,27,2,2026,276,MAHARASHTRA,GUJARAT
28,27,2,2026,43,MAHARASHTRA,ANDHRA PRADESH
29,27,2,2026,374,MAHARASHTRA,KARNATAKA
27,28,2,2026,268,ANDHRA PRADESH,MAHARASHTRA
09,29,2,2026,94,KARNATAKA,UTTAR PRADESH
16,29,2,2026,1,KARNATAKA,TRIPURA
19,29,2,2026,1,KARNATAKA,WEST BENGAL
24,29,2,2026,3,KARNATAKA,GUJARAT
28,29,2,2026,8,KARNATAKA,ANDHRA PRADESH
08,30,2,2026,17,GOA,RAJASTHAN
18,30,2,2026,40,GOA,ASSAM
19,30,2,2026,19,GOA,WEST BENGAL
20,30,2,2026,113,GOA,JHARKHAND
29,30,2,2026,537,GOA,KARNATAKA
07,32,2,2026,15,KERALA,DELHI
30,32,2,2026,1,KERALA,GOA
07,36,2,2026,18,TELANGANA,DELHI
05,38,2,2026,18,DADAR & NAGAR HAVELI & DAMAN & DIU,UTTARAKHAND
09,01,3,2026,2442,JAMMU AND KASHMIR,UTTAR PRADESH
21,01,3,2026,4,JAMMU AND KASHMIR,ODISHA
08,02,3,2026,29,HIMACHAL PRADESH,RAJASTHAN
18,02,3,2026,2,HIMACHAL PRADESH,ASSAM
29,03,3,2026,1,PUNJAB,KARNATAKA
23,04,3,2026,1,CHANDIGARH,MADHYA PRADESH
18,05,3,2026,18,UTTARAKHAND,ASSAM
23,06,3,2026,4641,HARYANA,MADHYA PRADESH
09,07,3,2026,246682,DELHI,UTTAR PRADESH
18,07,3,2026,637,DELHI,ASSAM
20,07,3,2026,4036,DELHI,JHARKHAND
29,07,3,2026,17,DELHI,KARNATAKA
07,08,3,2026,250,RAJASTHAN,DELHI
23,08,3,2026,2803,RAJASTHAN,MADHYA PRADESH
27,08,3,2026,37,RAJASTHAN,MAHARASHTRA
29,08,3,2026,1,RAJASTHAN,KARNATAKA
05,09,3,2026,101,UTTAR PRADESH,UTTARAKHAND
08,09,3,2026,73,UTTAR PRADESH,RAJASTHAN
18,09,3,2026,4,UTTAR PRADESH,ASSAM
27,09,3,2026,600,UTTAR PRADESH,MAHARASHTRA
07,10,3,2026,3309,BIHAR,DELHI
11,10,3,2026,1,BIHAR,SIKKIM
22,10,3,2026,16,BIHAR,CHHATTISGARH
06,16,3,2026,3,TRIPURA,HARYANA
10,16,3,2026,419,TRIPURA,BIHAR
06,19,3,2026,15,WEST BENGAL,HARYANA
10,19,3,2026,8847,WEST BENGAL,BIHAR
07,20,3,2026,24,JHARKHAND,DELHI
09,20,3,2026,123,JHARKHAND,UTTAR PRADESH
10,20,3,2026,2326,JHARKHAND,BIHAR
18,20,3,2026,3,JHARKHAND,ASSAM
21,20,3,2026,2,JHARKHAND,ODISHA
24,20,3,2026,1,JHARKHAND,GUJARAT
29,20,3,2026,1,JHARKHAND,KARNATAKA
24,23,3,2026,19,MADHYA PRADESH,GUJARAT
33,23,3,2026,2,MADHYA PRADESH,TAMIL NADU
07,24,3,2026,71,GUJARAT,DELHI
21,24,3,2026,58,GUJARAT,ODISHA
32,24,3,2026,2,GUJARAT,KERALA
06,27,3,2026,153,MAHARASHTRA,HARYANA
22,27,3,2026,9,MAHARASHTRA,CHHATTISGARH
38,27,3,2026,5,MAHARASHTRA,DADAR & NAGAR HAVELI & DAMAN & DIU
20,28,3,2026,6,ANDHRA PRADESH,JHARKHAND
16,29,3,2026,1,KARNATAKA,TRIPURA
24,29,3,2026,3,KARNATAKA,GUJARAT
27,29,3,2026,26,KARNATAKA,MAHARASHTRA
27,30,3,2026,122,GOA,MAHARASHTRA
18,32,3,2026,524,KERALA,ASSAM
24,32,3,2026,4,KERALA,GUJARAT
33,32,3,2026,516,KERALA,TAMIL NADU
29,33,3,2026,2,TAMIL NADU,KARNATAKA
08,36,3,2026,53,TELANGANA,RAJASTHAN
16,36,3,2026,1,TELANGANA,TRIPURA
20,36,3,2026,82,TELANGANA,JHARKHAND
23,36,3,2026,404,TELANGANA,MADHYA PRADESH
28,36,3,2026,2173,TELANGANA,ANDHRA PRADESH
27,38,3,2026,564,DADAR & NAGAR HAVELI & DAMAN & DIU,MAHARASHTRA
29,38,3,2026,3,DADAR & NAGAR HAVELI & DAMAN & DIU,KARNATAKA
05,01,4,2026,3,JAMMU AND KASHMIR,UTTARAKHAND
19,01,4,2026,1,JAMMU AND KASHMIR,WEST BENGAL
21,01,4,2026,2,JAMMU AND KASHMIR,ODISHA
05,02,4,2026,22,HIMACHAL PRADESH,UTTARAKHAND
06,02,4,2026,23,HIMACHAL PRADESH,HARYANA
18,02,4,2026,1,HIMACHAL PRADESH,ASSAM
19,02,4,2026,3,HIMACHAL PRADESH,WEST BENGAL
10,05,4,2026,2052,UTTARAKHAND,BIHAR
19,05,4,2026,2,UTTARAKHAND,WEST BENGAL
21,06,4,2026,2,HARYANA,ODISHA
22,06,4,2026,3,HARYANA,CHHATTISGARH
23,06,4,2026,1766,HARYANA,MADHYA PRADESH
09,08,4,2026,8204,RAJASTHAN,UTTAR PRADESH
28,08,4,2026,2,RAJASTHAN,ANDHRA PRADESH
29,08,4,2026,2,RAJASTHAN,KARNATAKA
07,09,4,2026,1042,UTTAR PRADESH,DELHI
22,09,4,2026,13,UTTAR PRADESH,CHHATTISGARH
24,09,4,2026,40,UTTAR PRADESH,GUJARAT
27,09,4,2026,493,UTTAR PRADESH,MAHARASHTRA
28,09,4,2026,1,UTTAR PRADESH,ANDHRA PRADESH
08,10,4,2026,68,BIHAR,RAJASTHAN
09,10,4,2026,2035,BIHAR,UTTAR PRADESH
16,10,4,2026,1,BIHAR,TRIPURA
33,10,4,2026,5,BIHAR,TAMIL NADU
09,16,4,2026,1,TRIPURA,UTTAR PRADESH
23,16,4,2026,2,TRIPURA,MADHYA PRADESH
06,19,4,2026,2,WEST BENGAL,HARYANA
20,19,4,2026,127,WEST BENGAL,JHARKHAND
21,19,4,2026,2,WEST BENGAL,ODISHA
09,20,4,2026,41,JHARKHAND,UTTAR PRADESH
19,20,4,2026,1,JHARKHAND,WEST BENGAL
21,20,4,2026,3,JHARKHAND,ODISHA
19,23,4,2026,2,MADHYA PRADESH,WEST BENGAL
20,23,4,2026,37,MADHYA PRADESH,JHARKHAND
33,23,4,2026,1,MADHYA PRADESH,TAMIL NADU
10,24,4,2026,2016,GUJARAT,BIHAR
23,24,4,2026,721,GUJARAT,MADHYA PRADESH
28,24,4,2026,2,GUJARAT,ANDHRA PRADESH
38,24,4,2026,2,GUJARAT,DADAR & NAGAR HAVELI & DAMAN & DIU
09,27,4,2026,21758,MAHARASHTRA,UTTAR PRADESH
10,27,4,2026,12512,MAHARASHTRA,BIHAR
18,27,4,2026,15,MAHARASHTRA,ASSAM
38,27,4,2026,1,MAHARASHTRA,DADAR & NAGAR HAVELI & DAMAN & DIU
09,28,4,2026,6,ANDHRA PRADESH,UTTAR PRADESH
29,28,4,2026,19,ANDHRA PRADESH,KARNATAKA
18,29,4,2026,1,KARNATAKA,ASSAM
05,30,4,2026,3,GOA,UTTARAKHAND
07,30,4,2026,2,GOA,DELHI
08,30,4,2026,11,GOA,RAJASTHAN
09,30,4,2026,477,GOA,UTTAR PRADESH
05,32,4,2026,5,KERALA,UTTARAKHAND
27,32,4,2026,35,KERALA,MAHARASHTRA
29,32,4,2026,115,KERALA,KARNATAKA
20,36,4,2026,40,TELANGANA,JHARKHAND
23,36,4,2026,147,TELANGANA,MADHYA PRADESH
28,36,4,2026,1312,TELANGANA,ANDHRA PRADESH
29,36,4,2026,586,TELANGANA,KARNATAKA
10,37,4,2026,1,LADAKH,BIHAR
08,38,4,2026,7,DADAR & NAGAR HAVELI & DAMAN & DIU,RAJASTHAN
09,38,4,2026,702,DADAR & NAGAR HAVELI & DAMAN & DIU,UTTAR PRADESH
19,38,4,2026,3,DADAR & NAGAR HAVELI & DAMAN & DIU,WEST BENGAL
27,38,4,2026,88,DADAR & NAGAR HAVELI & DAMAN & DIU,MAHARASHTRA
19,20,7,2023,2,JHARKHAND,WEST BENGAL
18,23,7,2023,1,MADHYA PRADESH,ASSAM
28,23,7,2023,1,MADHYA PRADESH,ANDHRA PRADESH
19,24,7,2023,1,GUJARAT,WEST BENGAL
20,24,7,2023,27,GUJARAT,JHARKHAND
28,24,7,2023,2,GUJARAT,ANDHRA PRADESH
01,27,7,2023,1,MAHARASHTRA,JAMMU AND KASHMIR
06,27,7,2023,19,MAHARASHTRA,HARYANA
18,27,7,2023,26,MAHARASHTRA,ASSAM
19,27,7,2023,109,MAHARASHTRA,WEST BENGAL
23,27,7,2023,571,MAHARASHTRA,MADHYA PRADESH
33,27,7,2023,142,MAHARASHTRA,TAMIL NADU
10,29,7,2023,331,KARNATAKA,BIHAR
21,29,7,2023,10,KARNATAKA,ODISHA
24,29,7,2023,2,KARNATAKA,GUJARAT
27,29,7,2023,40,KARNATAKA,MAHARASHTRA
32,29,7,2023,14,KARNATAKA,KERALA
33,29,7,2023,44,KARNATAKA,TAMIL NADU
08,30,7,2023,4,GOA,RAJASTHAN
19,30,7,2023,5,GOA,WEST BENGAL
20,30,7,2023,4,GOA,JHARKHAND
27,30,7,2023,35,GOA,MAHARASHTRA
33,30,7,2023,1,GOA,TAMIL NADU
01,32,7,2023,2,KERALA,JAMMU AND KASHMIR
09,32,7,2023,111,KERALA,UTTAR PRADESH
20,32,7,2023,15,KERALA,JHARKHAND
28,32,7,2023,9,KERALA,ANDHRA PRADESH
33,32,7,2023,167,KERALA,TAMIL NADU
14,36,7,2023,1,TELANGANA,MANIPUR
33,36,7,2023,10,TELANGANA,TAMIL NADU
08,37,7,2023,1,LADAKH,RAJASTHAN
09,37,7,2023,1,LADAKH,UTTAR PRADESH
10,37,7,2023,5,LADAKH,BIHAR
22,37,7,2023,11,LADAKH,CHHATTISGARH
23,37,7,2023,10,LADAKH,MADHYA PRADESH
22,01,8,2023,561,JAMMU AND KASHMIR,CHHATTISGARH
06,02,8,2023,45,HIMACHAL PRADESH,HARYANA
07,02,8,2023,25,HIMACHAL PRADESH,DELHI
20,02,8,2023,16,HIMACHAL PRADESH,JHARKHAND
02,03,8,2023,1,PUNJAB,HIMACHAL PRADESH
06,03,8,2023,4,PUNJAB,HARYANA
06,05,8,2023,28,UTTARAKHAND,HARYANA
09,05,8,2023,6584,UTTARAKHAND,UTTAR PRADESH
24,05,8,2023,1,UTTARAKHAND,GUJARAT
02,06,8,2023,3,HARYANA,HIMACHAL PRADESH
05,06,8,2023,251,HARYANA,UTTARAKHAND
22,06,8,2023,81,HARYANA,CHHATTISGARH
23,06,8,2023,5593,HARYANA,MADHYA PRADESH
24,07,8,2023,197,DELHI,GUJARAT
28,07,8,2023,10,DELHI,ANDHRA PRADESH
32,07,8,2023,48,DELHI,KERALA
07,08,8,2023,102,RAJASTHAN,DELHI
10,09,8,2023,21,UTTAR PRADESH,BIHAR
13,10,8,2023,3,BIHAR,NAGALAND
18,10,8,2023,40,BIHAR,ASSAM
19,10,8,2023,145,BIHAR,WEST BENGAL
27,10,8,2023,177,BIHAR,MAHARASHTRA
29,10,8,2023,13,BIHAR,KARNATAKA
09,11,8,2023,3,SIKKIM,UTTAR PRADESH
10,17,8,2023,6,MEGHALAYA,BIHAR
06,19,8,2023,1,WEST BENGAL,HARYANA
27,19,8,2023,3,WEST BENGAL,MAHARASHTRA
21,22,8,2023,5,CHHATTISGARH,ODISHA
18,23,8,2023,4,MADHYA PRADESH,ASSAM
20,23,8,2023,1,MADHYA PRADESH,JHARKHAND
22,23,8,2023,165,MADHYA PRADESH,CHHATTISGARH
24,23,8,2023,16,MADHYA PRADESH,GUJARAT
28,23,8,2023,1,MADHYA PRADESH,ANDHRA PRADESH
06,24,8,2023,24,GUJARAT,HARYANA
16,24,8,2023,1,GUJARAT,TRIPURA
22,24,8,2023,61,GUJARAT,CHHATTISGARH
27,24,8,2023,556,GUJARAT,MAHARASHTRA
22,27,8,2023,86,MAHARASHTRA,CHHATTISGARH
32,27,8,2023,11,MAHARASHTRA,KERALA
33,27,8,2023,228,MAHARASHTRA,TAMIL NADU
10,29,8,2023,361,KARNATAKA,BIHAR
32,29,8,2023,16,KARNATAKA,KERALA
22,30,8,2023,14,GOA,CHHATTISGARH
27,30,8,2023,42,GOA,MAHARASHTRA
28,30,8,2023,1,GOA,ANDHRA PRADESH
33,30,8,2023,32,GOA,TAMIL NADU
06,32,8,2023,2,KERALA,HARYANA
18,32,8,2023,61,KERALA,ASSAM
19,32,8,2023,55,KERALA,WEST BENGAL
21,32,8,2023,14,KERALA,ODISHA
24,32,8,2023,4,KERALA,GUJARAT
27,32,8,2023,62,KERALA,MAHARASHTRA
33,32,8,2023,164,KERALA,TAMIL NADU
06,33,8,2023,1,TAMIL NADU,HARYANA
22,33,8,2023,5,TAMIL NADU,CHHATTISGARH
01,36,8,2023,1,TELANGANA,JAMMU AND KASHMIR
06,36,8,2023,20,TELANGANA,HARYANA
10,36,8,2023,465,TELANGANA,BIHAR
27,36,8,2023,551,TELANGANA,MAHARASHTRA
28,36,8,2023,889,TELANGANA,ANDHRA PRADESH
29,36,8,2023,337,TELANGANA,KARNATAKA
32,36,8,2023,3,TELANGANA,KERALA
33,36,8,2023,41,TELANGANA,TAMIL NADU
23,37,8,2023,4,LADAKH,MADHYA PRADESH
05,01,9,2023,7,JAMMU AND KASHMIR,UTTARAKHAND
08,01,9,2023,2,JAMMU AND KASHMIR,RAJASTHAN
09,01,9,2023,2397,JAMMU AND KASHMIR,UTTAR PRADESH
27,01,9,2023,3,JAMMU AND KASHMIR,MAHARASHTRA
06,02,9,2023,45,HIMACHAL PRADESH,HARYANA
22,02,9,2023,19,HIMACHAL PRADESH,CHHATTISGARH
05,03,9,2023,1,PUNJAB,UTTARAKHAND
08,03,9,2023,5,PUNJAB,RAJASTHAN
06,05,9,2023,32,UTTARAKHAND,HARYANA
02,06,9,2023,9,HARYANA,HIMACHAL PRADESH
07,06,9,2023,693,HARYANA,DELHI
18,06,9,2023,15,HARYANA,ASSAM
19,06,9,2023,199,HARYANA,WEST BENGAL
27,06,9,2023,13,HARYANA,MAHARASHTRA
29,06,9,2023,2,HARYANA,KARNATAKA
05,07,9,2023,4095,DELHI,UTTARAKHAND
19,07,9,2023,1474,DELHI,WEST BENGAL
20,07,9,2023,965,DELHI,JHARKHAND
05,08,9,2023,8,RAJASTHAN,UTTARAKHAND
09,08,9,2023,2344,RAJASTHAN,UTTAR PRADESH
10,08,9,2023,2252,RAJASTHAN,BIHAR
18,08,9,2023,3,RAJASTHAN,ASSAM
20,08,9,2023,7,RAJASTHAN,JHARKHAND
06,09,9,2023,13,UTTAR PRADESH,HARYANA
08,09,9,2023,4,UTTAR PRADESH,RAJASTHAN
10,09,9,2023,56,UTTAR PRADESH,BIHAR
19,09,9,2023,1,UTTAR PRADESH,WEST BENGAL
23,09,9,2023,16,UTTAR PRADESH,MADHYA PRADESH
01,10,9,2023,1,BIHAR,JAMMU AND KASHMIR
20,10,9,2023,206,BIHAR,JHARKHAND
24,10,9,2023,26,BIHAR,GUJARAT
28,10,9,2023,4,BIHAR,ANDHRA PRADESH
10,11,9,2023,73,SIKKIM,BIHAR
10,16,9,2023,7,TRIPURA,BIHAR
10,17,9,2023,8,MEGHALAYA,BIHAR
22,19,9,2023,2,WEST BENGAL,CHHATTISGARH
27,19,9,2023,1,WEST BENGAL,MAHARASHTRA
22,20,9,2023,18,JHARKHAND,CHHATTISGARH
06,22,9,2023,21,CHHATTISGARH,HARYANA
08,23,9,2023,81,MADHYA PRADESH,RAJASTHAN
10,23,9,2023,829,MADHYA PRADESH,BIHAR
24,23,9,2023,15,MADHYA PRADESH,GUJARAT
05,24,9,2023,13,GUJARAT,UTTARAKHAND
10,24,9,2023,2264,GUJARAT,BIHAR
21,24,9,2023,65,GUJARAT,ODISHA
05,27,9,2023,31,MAHARASHTRA,UTTARAKHAND
07,27,9,2023,45,MAHARASHTRA,DELHI
22,27,9,2023,78,MAHARASHTRA,CHHATTISGARH
23,27,9,2023,769,MAHARASHTRA,MADHYA PRADESH
32,27,9,2023,14,MAHARASHTRA,KERALA
05,29,9,2023,1,KARNATAKA,UTTARAKHAND
09,29,9,2023,111,KARNATAKA,UTTAR PRADESH
21,29,9,2023,8,KARNATAKA,ODISHA
27,29,9,2023,32,KARNATAKA,MAHARASHTRA
32,29,9,2023,14,KARNATAKA,KERALA
20,30,9,2023,1,GOA,JHARKHAND
28,30,9,2023,1,GOA,ANDHRA PRADESH
01,32,9,2023,3,KERALA,JAMMU AND KASHMIR
28,32,9,2023,16,KERALA,ANDHRA PRADESH
09,33,9,2023,22,TAMIL NADU,UTTAR PRADESH
10,33,9,2023,305,TAMIL NADU,BIHAR
05,35,9,2023,1,ANDAMAN AND NICOBAR ISLANDS,UTTARAKHAND
09,35,9,2023,1,ANDAMAN AND NICOBAR ISLANDS,UTTAR PRADESH
10,35,9,2023,6,ANDAMAN AND NICOBAR ISLANDS,BIHAR
06,36,9,2023,10,TELANGANA,HARYANA
10,36,9,2023,503,TELANGANA,BIHAR
18,36,9,2023,9,TELANGANA,ASSAM
24,36,9,2023,6,TELANGANA,GUJARAT
28,36,9,2023,1015,TELANGANA,ANDHRA PRADESH
09,01,10,2023,1279,JAMMU AND KASHMIR,UTTAR PRADESH
19,01,10,2023,5,JAMMU AND KASHMIR,WEST BENGAL
29,01,10,2023,1,JAMMU AND KASHMIR,KARNATAKA
23,02,10,2023,82,HIMACHAL PRADESH,MADHYA PRADESH
19,05,10,2023,2,UTTARAKHAND,WEST BENGAL
27,05,10,2023,3,UTTARAKHAND,MAHARASHTRA
23,06,10,2023,5214,HARYANA,MADHYA PRADESH
29,06,10,2023,1,HARYANA,KARNATAKA
05,07,10,2023,4190,DELHI,UTTARAKHAND
08,07,10,2023,1939,DELHI,RAJASTHAN
19,07,10,2023,1547,DELHI,WEST BENGAL
21,07,10,2023,297,DELHI,ODISHA
32,07,10,2023,37,DELHI,KERALA
06,08,10,2023,710,RAJASTHAN,HARYANA
09,08,10,2023,4383,RAJASTHAN,UTTAR PRADESH
19,08,10,2023,20,RAJASTHAN,WEST BENGAL
07,09,10,2023,63,UTTAR PRADESH,DELHI
22,09,10,2023,4,UTTAR PRADESH,CHHATTISGARH
06,10,10,2023,437,BIHAR,HARYANA
22,10,10,2023,88,BIHAR,CHHATTISGARH
27,10,10,2023,206,BIHAR,MAHARASHTRA
32,10,10,2023,1,BIHAR,KERALA
09,11,10,2023,3,SIKKIM,UTTAR PRADESH
10,11,10,2023,72,SIKKIM,BIHAR
19,11,10,2023,1,SIKKIM,WEST BENGAL
10,16,10,2023,71,TRIPURA,BIHAR
18,16,10,2023,10,TRIPURA,ASSAM
19,16,10,2023,1,TRIPURA,WEST BENGAL
10,18,10,2023,8,ASSAM,BIHAR
06,19,10,2023,1,WEST BENGAL,HARYANA
24,19,10,2023,1,WEST BENGAL,GUJARAT
27,19,10,2023,2,WEST BENGAL,MAHARASHTRA
22,20,10,2023,21,JHARKHAND,CHHATTISGARH
06,22,10,2023,4,CHHATTISGARH,HARYANA
09,22,10,2023,83,CHHATTISGARH,UTTAR PRADESH
10,22,10,2023,110,CHHATTISGARH,BIHAR
27,22,10,2023,2,CHHATTISGARH,MAHARASHTRA
05,23,10,2023,5,MADHYA PRADESH,UTTARAKHAND
08,23,10,2023,82,MADHYA PRADESH,RAJASTHAN
21,23,10,2023,21,MADHYA PRADESH,ODISHA
24,23,10,2023,15,MADHYA PRADESH,GUJARAT
29,23,10,2023,1,MADHYA PRADESH,KARNATAKA
05,24,10,2023,12,GUJARAT,UTTARAKHAND
18,24,10,2023,3,GUJARAT,ASSAM
20,24,10,2023,16,GUJARAT,JHARKHAND
23,24,10,2023,2783,GUJARAT,MADHYA PRADESH
23,27,10,2023,771,MAHARASHTRA,MADHYA PRADESH
10,29,10,2023,406,KARNATAKA,BIHAR
19,29,10,2023,5,KARNATAKA,WEST BENGAL
20,29,10,2023,1,KARNATAKA,JHARKHAND
23,29,10,2023,12,KARNATAKA,MADHYA PRADESH
27,29,10,2023,27,KARNATAKA,MAHARASHTRA
32,29,10,2023,17,KARNATAKA,KERALA
05,30,10,2023,3,GOA,UTTARAKHAND
09,30,10,2023,319,GOA,UTTAR PRADESH
19,30,10,2023,10,GOA,WEST BENGAL
22,30,10,2023,13,GOA,CHHATTISGARH
20,33,1,2022,8,TAMIL NADU,JHARKHAND
05,01,2,2022,1,JAMMU AND KASHMIR,UTTARAKHAND
07,01,2,2022,5,JAMMU AND KASHMIR,DELHI
09,01,2,2022,264,JAMMU AND KASHMIR,UTTAR PRADESH
19,01,2,2022,1,JAMMU AND KASHMIR,WEST BENGAL
21,01,2,2022,1,JAMMU AND KASHMIR,ODISHA
22,01,2,2022,12,JAMMU AND KASHMIR,CHHATTISGARH
06,02,2,2022,20,HIMACHAL PRADESH,HARYANA
19,02,2,2022,2,HIMACHAL PRADESH,WEST BENGAL
21,03,2,2022,1,PUNJAB,ODISHA
21,05,2,2022,2,UTTARAKHAND,ODISHA
20,06,2,2022,127,HARYANA,JHARKHAND
21,06,2,2022,23,HARYANA,ODISHA
23,06,2,2022,1105,HARYANA,MADHYA PRADESH
10,07,2,2022,74366,DELHI,BIHAR
19,07,2,2022,522,DELHI,WEST BENGAL
23,07,2,2022,4608,DELHI,MADHYA PRADESH
27,07,2,2022,78,DELHI,MAHARASHTRA
29,07,2,2022,5,DELHI,KARNATAKA
33,07,2,2022,67,DELHI,TAMIL NADU
03,08,2,2022,10,RAJASTHAN,PUNJAB
24,08,2,2022,26,RAJASTHAN,GUJARAT
29,08,2,2022,3,RAJASTHAN,KARNATAKA
05,09,2,2022,21,UTTAR PRADESH,UTTARAKHAND
10,09,2,2022,3094,UTTAR PRADESH,BIHAR
23,10,2,2022,17,BIHAR,MADHYA PRADESH
29,10,2,2022,11,BIHAR,KARNATAKA
36,10,2,2022,10,BIHAR,TELANGANA
10,11,2,2022,32,SIKKIM,BIHAR
09,12,2,2022,3,ARUNACHAL PRADESH,UTTAR PRADESH
10,13,2,2022,2,NAGALAND,BIHAR
19,20,2,2022,1,JHARKHAND,WEST BENGAL
08,21,2,2022,1,ODISHA,RAJASTHAN
22,21,2,2022,2,ODISHA,CHHATTISGARH
24,21,2,2022,2,ODISHA,GUJARAT
10,22,2,2022,2,CHHATTISGARH,BIHAR
23,22,2,2022,1,CHHATTISGARH,MADHYA PRADESH
06,23,2,2022,3,MADHYA PRADESH,HARYANA
22,23,2,2022,5,MADHYA PRADESH,CHHATTISGARH
09,24,2,2022,5764,GUJARAT,UTTAR PRADESH
10,24,2,2022,1801,GUJARAT,BIHAR
19,24,2,2022,9,GUJARAT,WEST BENGAL
20,24,2,2022,82,GUJARAT,JHARKHAND
22,24,2,2022,19,GUJARAT,CHHATTISGARH
29,24,2,2022,13,GUJARAT,KARNATAKA
01,27,2,2022,2,MAHARASHTRA,JAMMU AND KASHMIR
20,27,2,2022,4,MAHARASHTRA,JHARKHAND
22,29,2,2022,5,KARNATAKA,CHHATTISGARH
06,30,2,2022,3,GOA,HARYANA
09,30,2,2022,131,GOA,UTTAR PRADESH
19,30,2,2022,5,GOA,WEST BENGAL
21,30,2,2022,4,GOA,ODISHA
05,32,2,2022,1,KERALA,UTTARAKHAND
10,32,2,2022,200,KERALA,BIHAR
21,32,2,2022,9,KERALA,ODISHA
23,32,2,2022,27,KERALA,MADHYA PRADESH
09,33,2,2022,17,TAMIL NADU,UTTAR PRADESH
19,35,2,2022,3,ANDAMAN AND NICOBAR ISLANDS,WEST BENGAL
33,36,2,2022,2,TELANGANA,TAMIL NADU
08,37,2,2022,3,LADAKH,RAJASTHAN
03,01,3,2022,2,JAMMU AND KASHMIR,PUNJAB
19,01,3,2022,2,JAMMU AND KASHMIR,WEST BENGAL
10,02,3,2022,546,HIMACHAL PRADESH,BIHAR
06,03,3,2022,21,PUNJAB,HARYANA
19,03,3,2022,2,PUNJAB,WEST BENGAL
21,03,3,2022,4,PUNJAB,ODISHA
08,05,3,2022,5,UTTARAKHAND,RAJASTHAN
21,05,3,2022,5,UTTARAKHAND,ODISHA
01,06,3,2022,10,HARYANA,JAMMU AND KASHMIR
02,06,3,2022,23,HARYANA,HIMACHAL PRADESH
03,06,3,2022,52,HARYANA,PUNJAB
20,06,3,2022,133,HARYANA,JHARKHAND
23,06,3,2022,1745,HARYANA,MADHYA PRADESH
13,07,3,2022,4,DELHI,NAGALAND
19,07,3,2022,713,DELHI,WEST BENGAL
22,07,3,2022,20,DELHI,CHHATTISGARH
27,07,3,2022,85,DELHI,MAHARASHTRA
06,08,3,2022,275,RAJASTHAN,HARYANA
36,08,3,2022,2,RAJASTHAN,TELANGANA
05,09,3,2022,20,UTTAR PRADESH,UTTARAKHAND
07,09,3,2022,333,UTTAR PRADESH,DELHI
10,09,3,2022,2866,UTTAR PRADESH,BIHAR
03,10,3,2022,16,BIHAR,PUNJAB
05,10,3,2022,13,BIHAR,UTTARAKHAND
22,10,3,2022,3,BIHAR,CHHATTISGARH
10,11,3,2022,37,SIKKIM,BIHAR
10,12,3,2022,13,ARUNACHAL PRADESH,BIHAR
09,16,3,2022,4,TRIPURA,UTTAR PRADESH
19,16,3,2022,12,TRIPURA,WEST BENGAL
10,19,3,2022,9,WEST BENGAL,BIHAR
23,19,3,2022,1,WEST BENGAL,MADHYA PRADESH
19,20,3,2022,1,JHARKHAND,WEST BENGAL
27,20,3,2022,6,JHARKHAND,MAHARASHTRA
23,21,3,2022,6,ODISHA,MADHYA PRADESH
24,21,3,2022,2,ODISHA,GUJARAT
20,22,3,2022,12,CHHATTISGARH,JHARKHAND
20,23,3,2022,35,MADHYA PRADESH,JHARKHAND
22,23,3,2022,1,MADHYA PRADESH,CHHATTISGARH
09,24,3,2022,5720,GUJARAT,UTTAR PRADESH
03,27,3,2022,2,MAHARASHTRA,PUNJAB
06,27,3,2022,30,MAHARASHTRA,HARYANA
08,27,3,2022,66,MAHARASHTRA,RAJASTHAN
20,27,3,2022,5,MAHARASHTRA,JHARKHAND
21,27,3,2022,1,MAHARASHTRA,ODISHA
21,28,3,2022,31,ANDHRA PRADESH,ODISHA
33,28,3,2022,1,ANDHRA PRADESH,TAMIL NADU
10,29,3,2022,505,KARNATAKA,BIHAR
24,29,3,2022,2,KARNATAKA,GUJARAT
27,29,3,2022,70,KARNATAKA,MAHARASHTRA
07,30,3,2022,1,GOA,DELHI
10,30,3,2022,124,GOA,BIHAR
23,30,3,2022,13,GOA,MADHYA PRADESH
27,30,3,2022,36,GOA,MAHARASHTRA
05,32,3,2022,2,KERALA,UTTARAKHAND
19,32,3,2022,9,KERALA,WEST BENGAL
20,32,3,2022,22,KERALA,JHARKHAND
21,32,3,2022,12,KERALA,ODISHA
29,32,3,2022,331,KERALA,KARNATAKA
08,33,3,2022,1,TAMIL NADU,RAJASTHAN
29,33,3,2022,3,TAMIL NADU,KARNATAKA
36,33,3,2022,1,TAMIL NADU,TELANGANA
10,35,3,2022,4,ANDAMAN AND NICOBAR ISLANDS,BIHAR
29,36,3,2022,113,TELANGANA,KARNATAKA
06,01,4,2022,2,JAMMU AND KASHMIR,HARYANA
09,01,4,2022,724,JAMMU AND KASHMIR,UTTAR PRADESH
19,01,4,2022,3,JAMMU AND KASHMIR,WEST BENGAL
20,01,4,2022,9,JAMMU AND KASHMIR,JHARKHAND
06,02,4,2022,30,HIMACHAL PRADESH,HARYANA
09,02,4,2022,2148,HIMACHAL PRADESH,UTTAR PRADESH
23,02,4,2022,68,HIMACHAL PRADESH,MADHYA PRADESH
07,03,4,2022,2,PUNJAB,DELHI
09,05,4,2022,3465,UTTARAKHAND,UTTAR PRADESH
10,05,4,2022,391,UTTARAKHAND,BIHAR
01,06,4,2022,4,HARYANA,JAMMU AND KASHMIR
03,06,4,2022,28,HARYANA,PUNJAB
08,06,4,2022,409,HARYANA,RAJASTHAN
23,06,4,2022,981,HARYANA,MADHYA PRADESH
01,07,4,2022,29,DELHI,JAMMU AND KASHMIR
08,07,4,2022,1349,DELHI,RAJASTHAN
19,08,4,2022,2,RAJASTHAN,WEST BENGAL
20,08,4,2022,12,RAJASTHAN,JHARKHAND
27,08,4,2022,9,RAJASTHAN,MAHARASHTRA
06,09,4,2022,74,UTTAR PRADESH,HARYANA
16,09,4,2022,1,UTTAR PRADESH,TRIPURA
27,09,4,2022,49,UTTAR PRADESH,MAHARASHTRA
05,10,4,2022,9,BIHAR,UTTARAKHAND
11,10,4,2022,1,BIHAR,SIKKIM
36,10,4,2022,14,BIHAR,TELANGANA
09,12,4,2022,3,ARUNACHAL PRADESH,UTTAR PRADESH
10,16,4,2022,802,TRIPURA,BIHAR
19,16,4,2022,3,TRIPURA,WEST BENGAL
10,17,4,2022,4,MEGHALAYA,BIHAR
19,20,4,2022,1,JHARKHAND,WEST BENGAL
10,21,4,2022,8,ODISHA,BIHAR
27,21,4,2022,1,ODISHA,MAHARASHTRA
20,22,4,2022,10,CHHATTISGARH,JHARKHAND
27,22,4,2022,4,CHHATTISGARH,MAHARASHTRA
07,23,4,2022,37,MADHYA PRADESH,DELHI
21,23,4,2022,8,MADHYA PRADESH,ODISHA
08,24,4,2022,352,GUJARAT,RAJASTHAN
21,24,4,2022,187,GUJARAT,ODISHA
01,27,4,2022,1,MAHARASHTRA,JAMMU AND KASHMIR
06,27,4,2022,24,MAHARASHTRA,HARYANA
16,27,4,2022,2,MAHARASHTRA,TRIPURA
10,28,4,2022,77,ANDHRA PRADESH,BIHAR
36,28,4,2022,20,ANDHRA PRADESH,TELANGANA
08,29,4,2022,3,KARNATAKA,RAJASTHAN
16,29,4,2022,5,KARNATAKA,TRIPURA
33,29,4,2022,59,KARNATAKA,TAMIL NADU
06,30,4,2022,4,GOA,HARYANA
07,30,4,2022,1,GOA,DELHI
19,30,4,2022,2,GOA,WEST BENGAL
08,32,4,2022,1,KERALA,RAJASTHAN
20,32,4,2022,25,KERALA,JHARKHAND
21,32,4,2022,9,KERALA,ODISHA
33,32,4,2022,249,KERALA,TAMIL NADU
33,36,4,2022,1,TELANGANA,TAMIL NADU
08,37,4,2022,1,LADAKH,RAJASTHAN
10,37,4,2022,4,LADAKH,BIHAR
03,01,5,2022,2,JAMMU AND KASHMIR,PUNJAB
09,01,5,2022,1772,JAMMU AND KASHMIR,UTTAR PRADESH
21,01,5,2022,4,JAMMU AND KASHMIR,ODISHA
22,01,5,2022,79,JAMMU AND KASHMIR,CHHATTISGARH
27,01,5,2022,5,JAMMU AND KASHMIR,MAHARASHTRA
07,02,5,2022,5,HIMACHAL PRADESH,DELHI
05,03,5,2022,4,PUNJAB,UTTARAKHAND
20,03,5,2022,2,PUNJAB,JHARKHAND
10,04,5,2022,10,CHANDIGARH,BIHAR
06,05,5,2022,14,UTTARAKHAND,HARYANA
08,05,5,2022,1,UTTARAKHAND,RAJASTHAN
09,05,5,2022,3886,UTTARAKHAND,UTTAR PRADESH
24,05,5,2022,2,UTTARAKHAND,GUJARAT
07,06,5,2022,226,HARYANA,DELHI
03,07,5,2022,16,DELHI,PUNJAB
06,07,5,2022,1966,DELHI,HARYANA
19,07,5,2022,579,DELHI,WEST BENGAL
20,07,5,2022,1283,DELHI,JHARKHAND
21,07,5,2022,261,DELHI,ODISHA
32,07,5,2022,21,DELHI,KERALA
05,08,5,2022,10,RAJASTHAN,UTTARAKHAND
19,08,5,2022,5,RAJASTHAN,WEST BENGAL
27,08,5,2022,9,RAJASTHAN,MAHARASHTRA
36,08,5,2022,2,RAJASTHAN,TELANGANA
03,10,5,2022,8,BIHAR,PUNJAB
20,10,5,2022,640,BIHAR,JHARKHAND
08,37,9,2021,5,LADAKH,RAJASTHAN
08,02,10,2021,3,HIMACHAL PRADESH,RAJASTHAN
21,02,10,2021,1,HIMACHAL PRADESH,ODISHA
33,02,10,2021,1,HIMACHAL PRADESH,TAMIL NADU
02,03,10,2021,1,PUNJAB,HIMACHAL PRADESH
08,03,10,2021,2,PUNJAB,RAJASTHAN
10,03,10,2021,393,PUNJAB,BIHAR
19,05,10,2021,1,UTTARAKHAND,WEST BENGAL
02,06,10,2021,6,HARYANA,HIMACHAL PRADESH
07,06,10,2021,87,HARYANA,DELHI
21,06,10,2021,20,HARYANA,ODISHA
13,07,10,2021,1,DELHI,NAGALAND
16,07,10,2021,1,DELHI,TRIPURA
03,08,10,2021,2,RAJASTHAN,PUNJAB
08,09,10,2021,47,UTTAR PRADESH,RAJASTHAN
23,09,10,2021,120,UTTAR PRADESH,MADHYA PRADESH
29,09,10,2021,6,UTTAR PRADESH,KARNATAKA
05,10,10,2021,2,BIHAR,UTTARAKHAND
08,10,10,2021,7,BIHAR,RAJASTHAN
09,10,10,2021,249,BIHAR,UTTAR PRADESH
20,10,10,2021,101,BIHAR,JHARKHAND
10,11,10,2021,11,SIKKIM,BIHAR
09,16,10,2021,1,TRIPURA,UTTAR PRADESH
10,16,10,2021,96,TRIPURA,BIHAR
20,16,10,2021,5,TRIPURA,JHARKHAND
09,19,10,2021,1,WEST BENGAL,UTTAR PRADESH
10,19,10,2021,17,WEST BENGAL,BIHAR
07,21,10,2021,5,ODISHA,DELHI
09,21,10,2021,29,ODISHA,UTTAR PRADESH
08,23,10,2021,11,MADHYA PRADESH,RAJASTHAN
10,23,10,2021,202,MADHYA PRADESH,BIHAR
07,24,10,2021,14,GUJARAT,DELHI
09,24,10,2021,2820,GUJARAT,UTTAR PRADESH
16,24,10,2021,1,GUJARAT,TRIPURA
13,27,10,2021,1,MAHARASHTRA,NAGALAND
20,27,10,2021,7,MAHARASHTRA,JHARKHAND
21,29,10,2021,66,KARNATAKA,ODISHA
27,29,10,2021,83,KARNATAKA,MAHARASHTRA
28,29,10,2021,37,KARNATAKA,ANDHRA PRADESH
08,30,10,2021,2,GOA,RAJASTHAN
36,30,10,2021,1,GOA,TELANGANA
27,32,10,2021,41,KERALA,MAHARASHTRA
09,33,10,2021,22,TAMIL NADU,UTTAR PRADESH
20,35,10,2021,3,ANDAMAN AND NICOBAR ISLANDS,JHARKHAND
33,35,10,2021,6,ANDAMAN AND NICOBAR ISLANDS,TAMIL NADU
08,36,10,2021,4,TELANGANA,RAJASTHAN
29,36,10,2021,48,TELANGANA,KARNATAKA
08,37,10,2021,8,LADAKH,RAJASTHAN
05,01,11,2021,1,JAMMU AND KASHMIR,UTTARAKHAND
20,01,11,2021,6,JAMMU AND KASHMIR,JHARKHAND
23,01,11,2021,216,JAMMU AND KASHMIR,MADHYA PRADESH
01,03,11,2021,1,PUNJAB,JAMMU AND KASHMIR
06,03,11,2021,3,PUNJAB,HARYANA
08,03,11,2021,4,PUNJAB,RAJASTHAN
10,03,11,2021,270,PUNJAB,BIHAR
10,04,11,2021,6,CHANDIGARH,BIHAR
09,06,11,2021,11349,HARYANA,UTTAR PRADESH
23,06,11,2021,814,HARYANA,MADHYA PRADESH
02,07,11,2021,14,DELHI,HIMACHAL PRADESH
03,07,11,2021,2,DELHI,PUNJAB
20,07,11,2021,513,DELHI,JHARKHAND
21,07,11,2021,162,DELHI,ODISHA
28,07,11,2021,1,DELHI,ANDHRA PRADESH
03,08,11,2021,1,RAJASTHAN,PUNJAB
23,08,11,2021,111,RAJASTHAN,MADHYA PRADESH
27,08,11,2021,8,RAJASTHAN,MAHARASHTRA
05,09,11,2021,14,UTTAR PRADESH,UTTARAKHAND
07,09,11,2021,273,UTTAR PRADESH,DELHI
10,09,11,2021,3241,UTTAR PRADESH,BIHAR
13,09,11,2021,1,UTTAR PRADESH,NAGALAND
05,10,11,2021,3,BIHAR,UTTARAKHAND
08,10,11,2021,6,BIHAR,RAJASTHAN
13,10,11,2021,1,BIHAR,NAGALAND
20,10,11,2021,112,BIHAR,JHARKHAND
21,10,11,2021,8,BIHAR,ODISHA
24,10,11,2021,6,BIHAR,GUJARAT
27,16,11,2021,1,TRIPURA,MAHARASHTRA
09,20,11,2021,53,JHARKHAND,UTTAR PRADESH
10,21,11,2021,36,ODISHA,BIHAR
36,21,11,2021,3,ODISHA,TELANGANA
01,23,11,2021,1,MADHYA PRADESH,JAMMU AND KASHMIR
20,24,11,2021,52,GUJARAT,JHARKHAND
28,24,11,2021,1,GUJARAT,ANDHRA PRADESH
08,27,11,2021,37,MAHARASHTRA,RAJASTHAN
16,27,11,2021,1,MAHARASHTRA,TRIPURA
20,27,11,2021,3,MAHARASHTRA,JHARKHAND
28,27,11,2021,5,MAHARASHTRA,ANDHRA PRADESH
20,28,11,2021,1,ANDHRA PRADESH,JHARKHAND
27,28,11,2021,1,ANDHRA PRADESH,MAHARASHTRA
29,28,11,2021,4,ANDHRA PRADESH,KARNATAKA
21,29,11,2021,78,KARNATAKA,ODISHA
27,29,11,2021,81,KARNATAKA,MAHARASHTRA
32,29,11,2021,28,KARNATAKA,KERALA
10,30,11,2021,63,GOA,BIHAR
20,30,11,2021,6,GOA,JHARKHAND
33,30,11,2021,5,GOA,TAMIL NADU
36,30,11,2021,2,GOA,TELANGANA
24,32,11,2021,1,KERALA,GUJARAT
30,32,11,2021,1,KERALA,GOA
08,33,11,2021,1,TAMIL NADU,RAJASTHAN
16,33,11,2021,3,TAMIL NADU,TRIPURA
20,33,11,2021,80,TAMIL NADU,JHARKHAND
33,35,11,2021,3,ANDAMAN AND NICOBAR ISLANDS,TAMIL NADU
27,36,11,2021,50,TELANGANA,MAHARASHTRA
01,37,11,2021,10,LADAKH,JAMMU AND KASHMIR
20,01,12,2021,11,JAMMU AND KASHMIR,JHARKHAND
21,01,12,2021,2,JAMMU AND KASHMIR,ODISHA
23,01,12,2021,182,JAMMU AND KASHMIR,MADHYA PRADESH
06,02,12,2021,21,HIMACHAL PRADESH,HARYANA
10,02,12,2021,310,HIMACHAL PRADESH,BIHAR
09,03,12,2021,130,PUNJAB,UTTAR PRADESH
21,03,12,2021,2,PUNJAB,ODISHA
23,03,12,2021,2,PUNJAB,MADHYA PRADESH
10,04,12,2021,6,CHANDIGARH,BIHAR
07,05,12,2021,2,UTTARAKHAND,DELHI
08,05,12,2021,3,UTTARAKHAND,RAJASTHAN
07,06,12,2021,1,HARYANA,DELHI
21,06,12,2021,19,HARYANA,ODISHA
24,06,12,2021,8,HARYANA,GUJARAT
01,07,12,2021,117,DELHI,JAMMU AND KASHMIR
08,07,12,2021,1172,DELHI,RAJASTHAN
28,07,12,2021,1,DELHI,ANDHRA PRADESH
33,07,12,2021,56,DELHI,TAMIL NADU
06,08,12,2021,101,RAJASTHAN,HARYANA
07,09,12,2021,35,UTTAR PRADESH,DELHI
27,09,12,2021,634,UTTAR PRADESH,MAHARASHTRA
29,09,12,2021,11,UTTAR PRADESH,KARNATAKA
07,10,12,2021,9,BIHAR,DELHI
09,10,12,2021,505,BIHAR,UTTAR PRADESH
23,10,12,2021,13,BIHAR,MADHYA PRADESH
10,17,12,2021,5,MEGHALAYA,BIHAR
10,18,12,2021,2,ASSAM,BIHAR
10,19,12,2021,1,WEST BENGAL,BIHAR
24,20,12,2021,1,JHARKHAND,GUJARAT
27,20,12,2021,8,JHARKHAND,MAHARASHTRA
10,21,12,2021,17,ODISHA,BIHAR
23,21,12,2021,1,ODISHA,MADHYA PRADESH
06,23,12,2021,14,MADHYA PRADESH,HARYANA
19,23,12,2021,1,MADHYA PRADESH,WEST BENGAL
29,23,12,2021,2,MADHYA PRADESH,KARNATAKA
21,24,12,2021,125,GUJARAT,ODISHA
08,27,12,2021,54,MAHARASHTRA,RAJASTHAN
24,27,12,2021,51,MAHARASHTRA,GUJARAT
20,28,12,2021,4,ANDHRA PRADESH,JHARKHAND
06,29,12,2021,1,KARNATAKA,HARYANA
21,29,12,2021,71,KARNATAKA,ODISHA
36,29,12,2021,10,KARNATAKA,TELANGANA
08,30,12,2021,1,GOA,RAJASTHAN
10,30,12,2021,86,GOA,BIHAR
20,30,12,2021,6,GOA,JHARKHAND
27,32,12,2021,46,KERALA,MAHARASHTRA
28,32,12,2021,3,KERALA,ANDHRA PRADESH
33,32,12,2021,232,KERALA,TAMIL NADU
09,33,12,2021,94,TAMIL NADU,UTTAR PRADESH
16,33,12,2021,1,TAMIL NADU,TRIPURA
23,33,12,2021,13,TAMIL NADU,MADHYA PRADESH
29,33,12,2021,5,TAMIL NADU,KARNATAKA
10,35,12,2021,5,ANDAMAN AND NICOBAR ISLANDS,BIHAR
33,35,12,2021,2,ANDAMAN AND NICOBAR ISLANDS,TAMIL NADU
08,36,12,2021,6,TELANGANA,RAJASTHAN
32,36,12,2021,2,TELANGANA,KERALA
33,36,12,2021,3,TELANGANA,TAMIL NADU
05,02,1,2022,22,HIMACHAL PRADESH,UTTARAKHAND
09,02,1,2022,2268,HIMACHAL PRADESH,UTTAR PRADESH
33,02,1,2022,1,HIMACHAL PRADESH,TAMIL NADU
10,03,1,2022,731,PUNJAB,BIHAR
21,03,1,2022,2,PUNJAB,ODISHA
10,04,1,2022,6,CHANDIGARH,BIHAR
01,06,1,2022,5,HARYANA,JAMMU AND KASHMIR
09,06,1,2022,23305,HARYANA,UTTAR PRADESH
21,06,1,2022,31,HARYANA,ODISHA
27,06,1,2022,14,HARYANA,MAHARASHTRA
29,06,1,2022,3,HARYANA,KARNATAKA
09,07,1,2022,106217,DELHI,UTTAR PRADESH
22,07,1,2022,13,DELHI,CHHATTISGARH
20,08,1,2022,5,RAJASTHAN,JHARKHAND
23,09,1,2022,263,UTTAR PRADESH,MADHYA PRADESH
03,10,1,2022,3,BIHAR,PUNJAB
33,10,1,2022,8,BIHAR,TAMIL NADU
19,16,1,2022,19,TRIPURA,WEST BENGAL
23,16,1,2022,10,TRIPURA,MADHYA PRADESH
06,20,1,2022,10,JHARKHAND,HARYANA
27,20,1,2022,10,JHARKHAND,MAHARASHTRA
24,21,1,2022,3,ODISHA,GUJARAT
27,21,1,2022,4,ODISHA,MAHARASHTRA
29,21,1,2022,6,ODISHA,KARNATAKA
10,22,1,2022,2,CHHATTISGARH,BIHAR
06,24,1,2022,36,GUJARAT,HARYANA
09,24,1,2022,5250,GUJARAT,UTTAR PRADESH
09,27,1,2022,8692,MAHARASHTRA,UTTAR PRADESH
23,27,1,2022,201,MAHARASHTRA,MADHYA PRADESH
29,27,1,2022,138,MAHARASHTRA,KARNATAKA
20,28,1,2022,6,ANDHRA PRADESH,JHARKHAND
21,28,1,2022,54,ANDHRA PRADESH,ODISHA
02,29,1,2022,1,KARNATAKA,HIMACHAL PRADESH
09,30,1,2022,135,GOA,UTTAR PRADESH
27,30,1,2022,44,GOA,MAHARASHTRA
29,30,1,2022,322,GOA,KARNATAKA
36,30,1,2022,1,GOA,TELANGANA
10,32,1,2022,150,KERALA,BIHAR
24,10,5,2022,39,BIHAR,GUJARAT
29,10,5,2022,20,BIHAR,KARNATAKA
10,12,5,2022,11,ARUNACHAL PRADESH,BIHAR
10,13,5,2022,16,NAGALAND,BIHAR
10,14,5,2022,3,MANIPUR,BIHAR
08,16,5,2022,1,TRIPURA,RAJASTHAN
10,16,5,2022,53,TRIPURA,BIHAR
20,16,5,2022,52,TRIPURA,JHARKHAND
10,19,5,2022,13,WEST BENGAL,BIHAR
07,20,5,2022,15,JHARKHAND,DELHI
09,20,5,2022,38,JHARKHAND,UTTAR PRADESH
19,20,5,2022,1,JHARKHAND,WEST BENGAL
27,20,5,2022,6,JHARKHAND,MAHARASHTRA
28,21,5,2022,1,ODISHA,ANDHRA PRADESH
21,22,5,2022,11,CHHATTISGARH,ODISHA
32,22,5,2022,1,CHHATTISGARH,KERALA
33,22,5,2022,2,CHHATTISGARH,TAMIL NADU
05,23,5,2022,3,MADHYA PRADESH,UTTARAKHAND
06,23,5,2022,11,MADHYA PRADESH,HARYANA
27,23,5,2022,87,MADHYA PRADESH,MAHARASHTRA
09,24,5,2022,4520,GUJARAT,UTTAR PRADESH
10,24,5,2022,1924,GUJARAT,BIHAR
19,24,5,2022,11,GUJARAT,WEST BENGAL
32,24,5,2022,1,GUJARAT,KERALA
05,27,5,2022,6,MAHARASHTRA,UTTARAKHAND
07,27,5,2022,12,MAHARASHTRA,DELHI
10,27,5,2022,4506,MAHARASHTRA,BIHAR
29,27,5,2022,132,MAHARASHTRA,KARNATAKA
08,28,5,2022,3,ANDHRA PRADESH,RAJASTHAN
09,28,5,2022,7,ANDHRA PRADESH,UTTAR PRADESH
19,28,5,2022,13,ANDHRA PRADESH,WEST BENGAL
06,29,5,2022,1,KARNATAKA,HARYANA
16,29,5,2022,6,KARNATAKA,TRIPURA
21,29,5,2022,57,KARNATAKA,ODISHA
32,29,5,2022,20,KARNATAKA,KERALA
36,29,5,2022,7,KARNATAKA,TELANGANA
36,30,5,2022,1,GOA,TELANGANA
09,32,5,2022,101,KERALA,UTTAR PRADESH
21,32,5,2022,9,KERALA,ODISHA
24,32,5,2022,2,KERALA,GUJARAT
27,32,5,2022,75,KERALA,MAHARASHTRA
10,35,5,2022,16,ANDAMAN AND NICOBAR ISLANDS,BIHAR
06,36,5,2022,9,TELANGANA,HARYANA
01,37,5,2022,23,LADAKH,JAMMU AND KASHMIR
22,37,5,2022,8,LADAKH,CHHATTISGARH
19,01,6,2022,7,JAMMU AND KASHMIR,WEST BENGAL
03,02,6,2022,4,HIMACHAL PRADESH,PUNJAB
06,02,6,2022,39,HIMACHAL PRADESH,HARYANA
10,02,6,2022,929,HIMACHAL PRADESH,BIHAR
23,02,6,2022,76,HIMACHAL PRADESH,MADHYA PRADESH
27,02,6,2022,4,HIMACHAL PRADESH,MAHARASHTRA
06,03,6,2022,5,PUNJAB,HARYANA
20,03,6,2022,9,PUNJAB,JHARKHAND
10,04,6,2022,4,CHANDIGARH,BIHAR
10,05,6,2022,444,UTTARAKHAND,BIHAR
22,05,6,2022,3,UTTARAKHAND,CHHATTISGARH
05,06,6,2022,131,HARYANA,UTTARAKHAND
08,06,6,2022,536,HARYANA,RAJASTHAN
10,06,6,2022,10252,HARYANA,BIHAR
19,06,6,2022,87,HARYANA,WEST BENGAL
06,07,6,2022,2356,DELHI,HARYANA
16,07,6,2022,2,DELHI,TRIPURA
19,07,6,2022,728,DELHI,WEST BENGAL
22,07,6,2022,100,DELHI,CHHATTISGARH
33,07,6,2022,91,DELHI,TAMIL NADU
03,08,6,2022,3,RAJASTHAN,PUNJAB
05,08,6,2022,7,RAJASTHAN,UTTARAKHAND
10,08,6,2022,685,RAJASTHAN,BIHAR
21,08,6,2022,2,RAJASTHAN,ODISHA
07,10,6,2022,547,BIHAR,DELHI
20,10,6,2022,526,BIHAR,JHARKHAND
23,10,6,2022,28,BIHAR,MADHYA PRADESH
21,11,6,2022,1,SIKKIM,ODISHA
10,13,6,2022,9,NAGALAND,BIHAR
19,16,6,2022,1,TRIPURA,WEST BENGAL
23,19,6,2022,2,WEST BENGAL,MADHYA PRADESH
08,21,6,2022,1,ODISHA,RAJASTHAN
29,21,6,2022,1,ODISHA,KARNATAKA
10,22,6,2022,57,CHHATTISGARH,BIHAR
21,22,6,2022,6,CHHATTISGARH,ODISHA
33,22,6,2022,1,CHHATTISGARH,TAMIL NADU
06,23,6,2022,10,MADHYA PRADESH,HARYANA
18,23,6,2022,1,MADHYA PRADESH,ASSAM
27,23,6,2022,88,MADHYA PRADESH,MAHARASHTRA
16,24,6,2022,1,GUJARAT,TRIPURA
21,24,6,2022,229,GUJARAT,ODISHA
22,24,6,2022,29,GUJARAT,CHHATTISGARH
23,24,6,2022,1017,GUJARAT,MADHYA PRADESH
28,24,6,2022,2,GUJARAT,ANDHRA PRADESH
16,27,6,2022,1,MAHARASHTRA,TRIPURA
21,27,6,2022,5,MAHARASHTRA,ODISHA
22,27,6,2022,11,MAHARASHTRA,CHHATTISGARH
20,28,6,2022,2,ANDHRA PRADESH,JHARKHAND
29,28,6,2022,11,ANDHRA PRADESH,KARNATAKA
20,29,6,2022,18,KARNATAKA,JHARKHAND
21,29,6,2022,59,KARNATAKA,ODISHA
10,30,6,2022,118,GOA,BIHAR
19,30,6,2022,4,GOA,WEST BENGAL
07,32,6,2022,2,KERALA,DELHI
10,32,6,2022,226,KERALA,BIHAR
27,32,6,2022,64,KERALA,MAHARASHTRA
28,32,6,2022,5,KERALA,ANDHRA PRADESH
33,32,6,2022,293,KERALA,TAMIL NADU
08,33,6,2022,2,TAMIL NADU,RAJASTHAN
23,33,6,2022,5,TAMIL NADU,MADHYA PRADESH
19,35,6,2022,4,ANDAMAN AND NICOBAR ISLANDS,WEST BENGAL
22,36,6,2022,6,TELANGANA,CHHATTISGARH
28,36,6,2022,45,TELANGANA,ANDHRA PRADESH
20,01,7,2022,14,JAMMU AND KASHMIR,JHARKHAND
27,01,7,2022,1,JAMMU AND KASHMIR,MAHARASHTRA
21,02,7,2022,3,HIMACHAL PRADESH,ODISHA
19,03,7,2022,4,PUNJAB,WEST BENGAL
20,03,7,2022,11,PUNJAB,JHARKHAND
21,03,7,2022,1,PUNJAB,ODISHA
06,04,7,2022,1,CHANDIGARH,HARYANA
21,05,7,2022,1,UTTARAKHAND,ODISHA
23,05,7,2022,25,UTTARAKHAND,MADHYA PRADESH
24,05,7,2022,1,UTTARAKHAND,GUJARAT
27,05,7,2022,1,UTTARAKHAND,MAHARASHTRA
03,06,7,2022,1,HARYANA,PUNJAB
19,06,7,2022,89,HARYANA,WEST BENGAL
22,06,7,2022,13,HARYANA,CHHATTISGARH
06,07,7,2022,2684,DELHI,HARYANA
10,07,7,2022,95359,DELHI,BIHAR
36,07,7,2022,1,DELHI,TELANGANA
03,08,7,2022,2,RAJASTHAN,PUNJAB
23,08,7,2022,408,RAJASTHAN,MADHYA PRADESH
32,08,7,2022,1,RAJASTHAN,KERALA
05,09,7,2022,5,UTTAR PRADESH,UTTARAKHAND
10,09,7,2022,24,UTTAR PRADESH,BIHAR
08,10,7,2022,30,BIHAR,RAJASTHAN
13,10,7,2022,3,BIHAR,NAGALAND
20,10,7,2022,586,BIHAR,JHARKHAND
27,10,7,2022,140,BIHAR,MAHARASHTRA
36,10,7,2022,16,BIHAR,TELANGANA
10,16,7,2022,33,TRIPURA,BIHAR
10,18,7,2022,7,ASSAM,BIHAR
10,21,7,2022,23,ODISHA,BIHAR
22,21,7,2022,6,ODISHA,CHHATTISGARH
23,21,7,2022,2,ODISHA,MADHYA PRADESH
24,21,7,2022,2,ODISHA,GUJARAT
19,22,7,2022,4,CHHATTISGARH,WEST BENGAL
08,23,7,2022,101,MADHYA PRADESH,RAJASTHAN
32,23,7,2022,2,MADHYA PRADESH,KERALA
23,24,7,2022,1412,GUJARAT,MADHYA PRADESH
28,24,7,2022,3,GUJARAT,ANDHRA PRADESH
29,24,7,2022,20,GUJARAT,KARNATAKA
06,27,7,2022,12,MAHARASHTRA,HARYANA
18,27,7,2022,6,MAHARASHTRA,ASSAM
28,27,7,2022,1,MAHARASHTRA,ANDHRA PRADESH
10,28,7,2022,5,ANDHRA PRADESH,BIHAR
06,29,7,2022,1,KARNATAKA,HARYANA
27,29,7,2022,82,KARNATAKA,MAHARASHTRA
32,29,7,2022,33,KARNATAKA,KERALA
02,30,7,2022,1,GOA,HIMACHAL PRADESH
10,30,7,2022,138,GOA,BIHAR
27,30,7,2022,32,GOA,MAHARASHTRA
36,30,7,2022,1,GOA,TELANGANA
24,32,7,2022,1,KERALA,GUJARAT
27,32,7,2022,60,KERALA,MAHARASHTRA
10,33,7,2022,178,TAMIL NADU,BIHAR
22,33,7,2022,35,TAMIL NADU,CHHATTISGARH
07,02,8,2022,10,HIMACHAL PRADESH,DELHI
07,05,8,2022,38,UTTARAKHAND,DELHI
10,05,8,2022,661,UTTARAKHAND,BIHAR
20,06,8,2022,255,HARYANA,JHARKHAND
09,07,8,2022,100429,DELHI,UTTAR PRADESH
10,07,8,2022,100371,DELHI,BIHAR
18,07,8,2022,43,DELHI,ASSAM
23,07,8,2022,10392,DELHI,MADHYA PRADESH
28,07,8,2022,28,DELHI,ANDHRA PRADESH
32,07,8,2022,27,DELHI,KERALA
33,07,8,2022,294,DELHI,TAMIL NADU
02,08,8,2022,1,RAJASTHAN,HIMACHAL PRADESH
10,08,8,2022,1092,RAJASTHAN,BIHAR
22,08,8,2022,12,RAJASTHAN,CHHATTISGARH
32,08,8,2022,1,RAJASTHAN,KERALA
19,10,8,2022,77,BIHAR,WEST BENGAL
20,10,8,2022,713,BIHAR,JHARKHAND
22,10,8,2022,30,BIHAR,CHHATTISGARH
23,10,8,2022,42,BIHAR,MADHYA PRADESH
33,10,8,2022,2,BIHAR,TAMIL NADU
07,16,8,2022,1,TRIPURA,DELHI
09,16,8,2022,1,TRIPURA,UTTAR PRADESH
07,19,8,2022,2,WEST BENGAL,DELHI
09,20,8,2022,25,JHARKHAND,UTTAR PRADESH
10,20,8,2022,414,JHARKHAND,BIHAR
21,20,8,2022,3,JHARKHAND,ODISHA
24,20,8,2022,1,JHARKHAND,GUJARAT
20,21,8,2022,5,ODISHA,JHARKHAND
28,21,8,2022,1,ODISHA,ANDHRA PRADESH
21,22,8,2022,8,CHHATTISGARH,ODISHA
06,23,8,2022,4,MADHYA PRADESH,HARYANA
19,23,8,2022,3,MADHYA PRADESH,WEST BENGAL
22,23,8,2022,86,MADHYA PRADESH,CHHATTISGARH
32,23,8,2022,1,MADHYA PRADESH,KERALA
19,24,8,2022,23,GUJARAT,WEST BENGAL
23,24,8,2022,1761,GUJARAT,MADHYA PRADESH
28,24,8,2022,2,GUJARAT,ANDHRA PRADESH
05,27,8,2022,4,MAHARASHTRA,UTTARAKHAND
07,27,8,2022,6,MAHARASHTRA,DELHI
10,27,8,2022,3096,MAHARASHTRA,BIHAR
18,27,8,2022,1,MAHARASHTRA,ASSAM
23,29,8,2022,15,KARNATAKA,MADHYA PRADESH
33,32,3,2023,265,KERALA,TAMIL NADU
16,33,3,2023,1,TAMIL NADU,TRIPURA
28,33,3,2023,10,TAMIL NADU,ANDHRA PRADESH
21,34,3,2023,40,PUDUCHERRY,ODISHA
28,34,3,2023,1,PUDUCHERRY,ANDHRA PRADESH
29,36,3,2023,311,TELANGANA,KARNATAKA
10,01,4,2023,427,JAMMU AND KASHMIR,BIHAR
27,01,4,2023,1,JAMMU AND KASHMIR,MAHARASHTRA
05,02,4,2023,20,HIMACHAL PRADESH,UTTARAKHAND
19,02,4,2023,5,HIMACHAL PRADESH,WEST BENGAL
20,02,4,2023,37,HIMACHAL PRADESH,JHARKHAND
22,02,4,2023,8,HIMACHAL PRADESH,CHHATTISGARH
23,02,4,2023,88,HIMACHAL PRADESH,MADHYA PRADESH
07,05,4,2023,82,UTTARAKHAND,DELHI
09,05,4,2023,3906,UTTARAKHAND,UTTAR PRADESH
24,05,4,2023,1,UTTARAKHAND,GUJARAT
05,06,4,2023,150,HARYANA,UTTARAKHAND
10,06,4,2023,21078,HARYANA,BIHAR
22,06,4,2023,117,HARYANA,CHHATTISGARH
01,07,4,2023,65,DELHI,JAMMU AND KASHMIR
06,07,4,2023,89,DELHI,HARYANA
20,07,4,2023,2187,DELHI,JHARKHAND
21,07,4,2023,63,DELHI,ODISHA
22,07,4,2023,195,DELHI,CHHATTISGARH
27,07,4,2023,90,DELHI,MAHARASHTRA
28,07,4,2023,5,DELHI,ANDHRA PRADESH
07,08,4,2023,74,RAJASTHAN,DELHI
09,08,4,2023,4343,RAJASTHAN,UTTAR PRADESH
23,11,4,2023,1,SIKKIM,MADHYA PRADESH
05,19,4,2023,1,WEST BENGAL,UTTARAKHAND
09,19,4,2023,13,WEST BENGAL,UTTAR PRADESH
07,20,4,2023,23,JHARKHAND,DELHI
08,20,4,2023,1,JHARKHAND,RAJASTHAN
27,20,4,2023,9,JHARKHAND,MAHARASHTRA
27,21,4,2023,1,ODISHA,MAHARASHTRA
09,23,4,2023,819,MADHYA PRADESH,UTTAR PRADESH
22,23,4,2023,134,MADHYA PRADESH,CHHATTISGARH
09,24,4,2023,2804,GUJARAT,UTTAR PRADESH
21,24,4,2023,115,GUJARAT,ODISHA
23,24,4,2023,1043,GUJARAT,MADHYA PRADESH
29,24,4,2023,6,GUJARAT,KARNATAKA
32,24,4,2023,1,GUJARAT,KERALA
20,27,4,2023,437,MAHARASHTRA,JHARKHAND
29,27,4,2023,151,MAHARASHTRA,KARNATAKA
30,27,4,2023,2,MAHARASHTRA,GOA
16,29,4,2023,2,KARNATAKA,TRIPURA
18,29,4,2023,6,KARNATAKA,ASSAM
27,29,4,2023,47,KARNATAKA,MAHARASHTRA
33,29,4,2023,62,KARNATAKA,TAMIL NADU
19,32,4,2023,15,KERALA,WEST BENGAL
23,32,4,2023,31,KERALA,MADHYA PRADESH
27,32,4,2023,35,KERALA,MAHARASHTRA
27,33,4,2023,21,TAMIL NADU,MAHARASHTRA
32,34,4,2023,1,PUDUCHERRY,KERALA
19,36,4,2023,8,TELANGANA,WEST BENGAL
18,37,4,2023,1,LADAKH,ASSAM
22,01,5,2023,59,JAMMU AND KASHMIR,CHHATTISGARH
23,01,5,2023,249,JAMMU AND KASHMIR,MADHYA PRADESH
22,02,5,2023,8,HIMACHAL PRADESH,CHHATTISGARH
10,04,5,2023,14,CHANDIGARH,BIHAR
10,05,5,2023,858,UTTARAKHAND,BIHAR
02,06,5,2023,2,HARYANA,HIMACHAL PRADESH
09,06,5,2023,23115,HARYANA,UTTAR PRADESH
19,06,5,2023,135,HARYANA,WEST BENGAL
21,06,5,2023,30,HARYANA,ODISHA
05,07,5,2023,2995,DELHI,UTTARAKHAND
06,07,5,2023,43,DELHI,HARYANA
05,08,5,2023,7,RAJASTHAN,UTTARAKHAND
09,08,5,2023,4276,RAJASTHAN,UTTAR PRADESH
18,08,5,2023,5,RAJASTHAN,ASSAM
19,08,5,2023,10,RAJASTHAN,WEST BENGAL
23,10,5,2023,124,BIHAR,MADHYA PRADESH
10,17,5,2023,3,MEGHALAYA,BIHAR
16,17,5,2023,1,MEGHALAYA,TRIPURA
19,17,5,2023,1,MEGHALAYA,WEST BENGAL
10,19,5,2023,608,WEST BENGAL,BIHAR
24,19,5,2023,2,WEST BENGAL,GUJARAT
09,20,5,2023,41,JHARKHAND,UTTAR PRADESH
21,23,5,2023,3,MADHYA PRADESH,ODISHA
22,23,5,2023,31,MADHYA PRADESH,CHHATTISGARH
27,23,5,2023,62,MADHYA PRADESH,MAHARASHTRA
09,24,5,2023,3280,GUJARAT,UTTAR PRADESH
21,24,5,2023,170,GUJARAT,ODISHA
27,24,5,2023,727,GUJARAT,MAHARASHTRA
29,24,5,2023,6,GUJARAT,KARNATAKA
01,29,5,2023,1,KARNATAKA,JAMMU AND KASHMIR
09,29,5,2023,81,KARNATAKA,UTTAR PRADESH
19,29,5,2023,3,KARNATAKA,WEST BENGAL
24,29,5,2023,1,KARNATAKA,GUJARAT
33,29,5,2023,84,KARNATAKA,TAMIL NADU
20,30,5,2023,1,GOA,JHARKHAND
23,30,5,2023,18,GOA,MADHYA PRADESH
29,30,5,2023,52,GOA,KARNATAKA
33,30,5,2023,10,GOA,TAMIL NADU
07,32,5,2023,3,KERALA,DELHI
10,32,5,2023,308,KERALA,BIHAR
29,32,5,2023,170,KERALA,KARNATAKA
08,34,5,2023,4,PUDUCHERRY,RAJASTHAN
10,34,5,2023,185,PUDUCHERRY,BIHAR
19,35,5,2023,5,ANDAMAN AND NICOBAR ISLANDS,WEST BENGAL
05,36,5,2023,2,TELANGANA,UTTARAKHAND
10,36,5,2023,37,TELANGANA,BIHAR
23,36,5,2023,52,TELANGANA,MADHYA PRADESH
28,36,5,2023,333,TELANGANA,ANDHRA PRADESH
29,36,5,2023,355,TELANGANA,KARNATAKA
10,37,5,2023,2,LADAKH,BIHAR
22,37,5,2023,3,LADAKH,CHHATTISGARH
07,01,6,2023,2,JAMMU AND KASHMIR,DELHI
08,01,6,2023,6,JAMMU AND KASHMIR,RAJASTHAN
09,01,6,2023,1889,JAMMU AND KASHMIR,UTTAR PRADESH
05,02,6,2023,31,HIMACHAL PRADESH,UTTARAKHAND
19,03,6,2023,3,PUNJAB,WEST BENGAL
20,03,6,2023,2,PUNJAB,JHARKHAND
23,03,6,2023,5,PUNJAB,MADHYA PRADESH
10,05,6,2023,1096,UTTARAKHAND,BIHAR
24,05,6,2023,1,UTTARAKHAND,GUJARAT
01,06,6,2023,8,HARYANA,JAMMU AND KASHMIR
22,06,6,2023,173,HARYANA,CHHATTISGARH
02,07,6,2023,18,DELHI,HIMACHAL PRADESH
13,07,6,2023,1,DELHI,NAGALAND
14,07,6,2023,1,DELHI,MANIPUR
21,07,6,2023,190,DELHI,ODISHA
24,07,6,2023,90,DELHI,GUJARAT
28,07,6,2023,6,DELHI,ANDHRA PRADESH
07,08,6,2023,68,RAJASTHAN,DELHI
18,08,6,2023,3,RAJASTHAN,ASSAM
29,08,6,2023,3,RAJASTHAN,KARNATAKA
23,09,6,2023,13,UTTAR PRADESH,MADHYA PRADESH
05,10,6,2023,15,BIHAR,UTTARAKHAND
20,10,6,2023,339,BIHAR,JHARKHAND
24,10,6,2023,24,BIHAR,GUJARAT
29,10,6,2023,4,BIHAR,KARNATAKA
10,11,6,2023,66,SIKKIM,BIHAR
23,11,6,2023,2,SIKKIM,MADHYA PRADESH
18,16,6,2023,6,TRIPURA,ASSAM
10,17,6,2023,5,MEGHALAYA,BIHAR
19,17,6,2023,1,MEGHALAYA,WEST BENGAL
10,19,6,2023,608,WEST BENGAL,BIHAR
20,19,6,2023,5,WEST BENGAL,JHARKHAND
24,19,6,2023,3,WEST BENGAL,GUJARAT
27,19,6,2023,5,WEST BENGAL,MAHARASHTRA
10,20,6,2023,921,JHARKHAND,BIHAR
05,23,6,2023,1,MADHYA PRADESH,UTTARAKHAND
09,23,6,2023,874,MADHYA PRADESH,UTTAR PRADESH
21,23,6,2023,3,MADHYA PRADESH,ODISHA
05,24,6,2023,3,GUJARAT,UTTARAKHAND
10,24,6,2023,1192,GUJARAT,BIHAR
32,24,6,2023,6,GUJARAT,KERALA
01,27,6,2023,1,MAHARASHTRA,JAMMU AND KASHMIR
08,27,6,2023,95,MAHARASHTRA,RAJASTHAN
10,27,6,2023,8435,MAHARASHTRA,BIHAR
22,27,6,2023,70,MAHARASHTRA,CHHATTISGARH
32,27,6,2023,11,MAHARASHTRA,KERALA
33,27,6,2023,222,MAHARASHTRA,TAMIL NADU
07,29,6,2023,3,KARNATAKA,DELHI
27,29,6,2023,36,KARNATAKA,MAHARASHTRA
29,30,6,2023,120,GOA,KARNATAKA
10,32,6,2023,290,KERALA,BIHAR
19,32,6,2023,14,KERALA,WEST BENGAL
20,32,6,2023,20,KERALA,JHARKHAND
21,32,6,2023,7,KERALA,ODISHA
07,33,6,2023,2,TAMIL NADU,DELHI
10,33,6,2023,303,TAMIL NADU,BIHAR
20,33,6,2023,5,TAMIL NADU,JHARKHAND
23,33,6,2023,5,TAMIL NADU,MADHYA PRADESH
29,33,6,2023,10,TAMIL NADU,KARNATAKA
09,34,6,2023,1,PUDUCHERRY,UTTAR PRADESH
10,34,6,2023,111,PUDUCHERRY,BIHAR
22,34,6,2023,1,PUDUCHERRY,CHHATTISGARH
28,36,6,2023,543,TELANGANA,ANDHRA PRADESH
29,36,6,2023,334,TELANGANA,KARNATAKA
10,01,7,2023,1860,JAMMU AND KASHMIR,BIHAR
24,01,7,2023,1,JAMMU AND KASHMIR,GUJARAT
27,01,7,2023,3,JAMMU AND KASHMIR,MAHARASHTRA
19,02,7,2023,10,HIMACHAL PRADESH,WEST BENGAL
20,02,7,2023,19,HIMACHAL PRADESH,JHARKHAND
06,03,7,2023,2,PUNJAB,HARYANA
07,03,7,2023,5,PUNJAB,DELHI
22,03,7,2023,1,PUNJAB,CHHATTISGARH
09,05,7,2023,5978,UTTARAKHAND,UTTAR PRADESH
19,05,7,2023,2,UTTARAKHAND,WEST BENGAL
27,05,7,2023,3,UTTARAKHAND,MAHARASHTRA
19,06,7,2023,95,HARYANA,WEST BENGAL
23,06,7,2023,4959,HARYANA,MADHYA PRADESH
06,07,7,2023,297,DELHI,HARYANA
05,09,7,2023,2,UTTAR PRADESH,UTTARAKHAND
05,10,7,2023,19,BIHAR,UTTARAKHAND
09,10,7,2023,481,BIHAR,UTTAR PRADESH
21,10,7,2023,29,BIHAR,ODISHA
21,11,7,2023,1,SIKKIM,ODISHA
14,15,7,2023,66,MIZORAM,MANIPUR
06,16,7,2023,8,TRIPURA,HARYANA
05,19,7,2023,1,WEST BENGAL,UTTARAKHAND
07,19,7,2023,27,WEST BENGAL,DELHI
10,19,7,2023,758,WEST BENGAL,BIHAR
21,19,7,2023,7,WEST BENGAL,ODISHA
07,20,7,2023,26,JHARKHAND,DELHI
08,20,7,2023,1,JHARKHAND,RAJASTHAN
33,30,10,2023,5,GOA,TAMIL NADU
05,32,10,2023,2,KERALA,UTTARAKHAND
06,32,10,2023,6,KERALA,HARYANA
20,32,10,2023,9,KERALA,JHARKHAND
29,32,10,2023,183,KERALA,KARNATAKA
07,33,10,2023,1,TAMIL NADU,DELHI
10,33,10,2023,230,TAMIL NADU,BIHAR
27,33,10,2023,1,TAMIL NADU,MAHARASHTRA
19,35,10,2023,8,ANDAMAN AND NICOBAR ISLANDS,WEST BENGAL
22,36,10,2023,100,TELANGANA,CHHATTISGARH
28,36,10,2023,279,TELANGANA,ANDHRA PRADESH
07,01,11,2023,4,JAMMU AND KASHMIR,DELHI
10,02,11,2023,1418,HIMACHAL PRADESH,BIHAR
20,02,11,2023,13,HIMACHAL PRADESH,JHARKHAND
09,04,11,2023,8,CHANDIGARH,UTTAR PRADESH
07,05,11,2023,104,UTTARAKHAND,DELHI
24,06,11,2023,20,HARYANA,GUJARAT
02,07,11,2023,26,DELHI,HIMACHAL PRADESH
08,07,11,2023,1931,DELHI,RAJASTHAN
22,07,11,2023,336,DELHI,CHHATTISGARH
22,08,11,2023,51,RAJASTHAN,CHHATTISGARH
29,08,11,2023,2,RAJASTHAN,KARNATAKA
07,10,11,2023,1511,BIHAR,DELHI
28,10,11,2023,3,BIHAR,ANDHRA PRADESH
16,17,11,2023,3,MEGHALAYA,TRIPURA
19,17,11,2023,1,MEGHALAYA,WEST BENGAL
06,19,11,2023,4,WEST BENGAL,HARYANA
09,22,11,2023,76,CHHATTISGARH,UTTAR PRADESH
10,22,11,2023,116,CHHATTISGARH,BIHAR
19,22,11,2023,1,CHHATTISGARH,WEST BENGAL
01,23,11,2023,5,MADHYA PRADESH,JAMMU AND KASHMIR
08,23,11,2023,99,MADHYA PRADESH,RAJASTHAN
21,23,11,2023,23,MADHYA PRADESH,ODISHA
29,23,11,2023,1,MADHYA PRADESH,KARNATAKA
32,23,11,2023,1,MADHYA PRADESH,KERALA
05,24,11,2023,11,GUJARAT,UTTARAKHAND
23,24,11,2023,2770,GUJARAT,MADHYA PRADESH
05,27,11,2023,41,MAHARASHTRA,UTTARAKHAND
10,27,11,2023,13285,MAHARASHTRA,BIHAR
18,27,11,2023,42,MAHARASHTRA,ASSAM
23,27,11,2023,731,MAHARASHTRA,MADHYA PRADESH
24,27,11,2023,151,MAHARASHTRA,GUJARAT
33,27,11,2023,219,MAHARASHTRA,TAMIL NADU
21,29,11,2023,8,KARNATAKA,ODISHA
05,30,11,2023,4,GOA,UTTARAKHAND
06,30,11,2023,1,GOA,HARYANA
08,30,11,2023,5,GOA,RAJASTHAN
20,30,11,2023,2,GOA,JHARKHAND
27,30,11,2023,41,GOA,MAHARASHTRA
33,30,11,2023,10,GOA,TAMIL NADU
01,32,11,2023,3,KERALA,JAMMU AND KASHMIR
05,32,11,2023,3,KERALA,UTTARAKHAND
20,32,11,2023,12,KERALA,JHARKHAND
23,32,11,2023,119,KERALA,MADHYA PRADESH
24,32,11,2023,2,KERALA,GUJARAT
07,33,11,2023,5,TAMIL NADU,DELHI
23,33,11,2023,2,TAMIL NADU,MADHYA PRADESH
28,33,11,2023,2,TAMIL NADU,ANDHRA PRADESH
29,33,11,2023,4,TAMIL NADU,KARNATAKA
09,35,11,2023,2,ANDAMAN AND NICOBAR ISLANDS,UTTAR PRADESH
10,35,11,2023,7,ANDAMAN AND NICOBAR ISLANDS,BIHAR
33,35,11,2023,18,ANDAMAN AND NICOBAR ISLANDS,TAMIL NADU
18,36,11,2023,17,TELANGANA,ASSAM
19,36,11,2023,14,TELANGANA,WEST BENGAL
22,36,11,2023,102,TELANGANA,CHHATTISGARH
23,36,11,2023,111,TELANGANA,MADHYA PRADESH
27,36,11,2023,590,TELANGANA,MAHARASHTRA
28,36,11,2023,686,TELANGANA,ANDHRA PRADESH
29,36,11,2023,428,TELANGANA,KARNATAKA
06,38,11,2023,6,Dadar & Nagar Haveli & Daman & Diu,HARYANA
19,38,11,2023,17,Dadar & Nagar Haveli & Daman & Diu,WEST BENGAL
22,38,11,2023,12,Dadar & Nagar Haveli & Daman & Diu,CHHATTISGARH
27,38,11,2023,228,Dadar & Nagar Haveli & Daman & Diu,MAHARASHTRA
20,01,12,2023,13,JAMMU AND KASHMIR,JHARKHAND
06,02,12,2023,70,HIMACHAL PRADESH,HARYANA
06,03,12,2023,22,PUNJAB,HARYANA
07,03,12,2023,17,PUNJAB,DELHI
22,03,12,2023,1,PUNJAB,CHHATTISGARH
05,04,12,2023,5,CHANDIGARH,UTTARAKHAND
07,05,12,2023,116,UTTARAKHAND,DELHI
05,06,12,2023,178,HARYANA,UTTARAKHAND
08,06,12,2023,551,HARYANA,RAJASTHAN
19,06,12,2023,126,HARYANA,WEST BENGAL
01,07,12,2023,298,DELHI,JAMMU AND KASHMIR
38,07,12,2023,1,DELHI,Dadar & Nagar Haveli & Daman & Diu
05,08,12,2023,16,RAJASTHAN,UTTARAKHAND
07,08,12,2023,117,RAJASTHAN,DELHI
24,08,12,2023,41,RAJASTHAN,GUJARAT
06,09,12,2023,20,UTTAR PRADESH,HARYANA
08,09,12,2023,3,UTTAR PRADESH,RAJASTHAN
19,09,12,2023,2,UTTAR PRADESH,WEST BENGAL
05,10,12,2023,43,BIHAR,UTTARAKHAND
08,10,12,2023,64,BIHAR,RAJASTHAN
19,16,12,2023,9,TRIPURA,WEST BENGAL
06,18,12,2023,17,ASSAM,HARYANA
10,18,12,2023,6,ASSAM,BIHAR
10,19,12,2023,1790,WEST BENGAL,BIHAR
33,19,12,2023,3,WEST BENGAL,TAMIL NADU
18,20,12,2023,1,JHARKHAND,ASSAM
22,20,12,2023,29,JHARKHAND,CHHATTISGARH
28,20,12,2023,1,JHARKHAND,ANDHRA PRADESH
06,22,12,2023,2,CHHATTISGARH,HARYANA
07,22,12,2023,4,CHHATTISGARH,DELHI
10,22,12,2023,136,CHHATTISGARH,BIHAR
21,22,12,2023,2,CHHATTISGARH,ODISHA
07,23,12,2023,75,MADHYA PRADESH,DELHI
08,23,12,2023,126,MADHYA PRADESH,RAJASTHAN
09,23,12,2023,3101,MADHYA PRADESH,UTTAR PRADESH
27,23,12,2023,167,MADHYA PRADESH,MAHARASHTRA
07,24,12,2023,45,GUJARAT,DELHI
22,24,12,2023,316,GUJARAT,CHHATTISGARH
01,27,12,2023,15,MAHARASHTRA,JAMMU AND KASHMIR
06,27,12,2023,277,MAHARASHTRA,HARYANA
07,27,12,2023,54,MAHARASHTRA,DELHI
21,27,12,2023,1,MAHARASHTRA,ODISHA
24,27,12,2023,172,MAHARASHTRA,GUJARAT
28,27,12,2023,28,MAHARASHTRA,ANDHRA PRADESH
32,27,12,2023,10,MAHARASHTRA,KERALA
09,29,12,2023,105,KARNATAKA,UTTAR PRADESH
20,29,12,2023,14,KARNATAKA,JHARKHAND
22,29,12,2023,7,KARNATAKA,CHHATTISGARH
27,30,12,2023,63,GOA,MAHARASHTRA
28,30,12,2023,2,GOA,ANDHRA PRADESH
01,32,12,2023,4,KERALA,JAMMU AND KASHMIR
05,32,12,2023,4,KERALA,UTTARAKHAND
08,32,12,2023,5,KERALA,RAJASTHAN
09,32,12,2023,165,KERALA,UTTAR PRADESH
10,32,12,2023,495,KERALA,BIHAR
22,33,12,2023,3,TAMIL NADU,CHHATTISGARH
10,35,12,2023,8,ANDAMAN AND NICOBAR ISLANDS,BIHAR
07,36,12,2023,10,TELANGANA,DELHI
08,36,12,2023,15,TELANGANA,RAJASTHAN
18,36,12,2023,22,TELANGANA,ASSAM
10,37,12,2023,5,LADAKH,BIHAR
06,38,12,2023,6,Dadar & Nagar Haveli & Daman & Diu,HARYANA
09,38,12,2023,1991,Dadar & Nagar Haveli & Daman & Diu,UTTAR PRADESH
27,38,12,2023,482,Dadar & Nagar Haveli & Daman & Diu,MAHARASHTRA
29,38,12,2023,1,Dadar & Nagar Haveli & Daman & Diu,KARNATAKA
18,01,1,2024,5,JAMMU AND KASHMIR,ASSAM
27,01,1,2024,2,JAMMU AND KASHMIR,MAHARASHTRA
20,02,1,2024,30,HIMACHAL PRADESH,JHARKHAND
27,02,1,2024,1,HIMACHAL PRADESH,MAHARASHTRA
05,03,1,2024,2,PUNJAB,UTTARAKHAND
10,03,1,2024,130,PUNJAB,BIHAR
09,04,1,2024,19,CHANDIGARH,UTTAR PRADESH
20,05,1,2024,1,UTTARAKHAND,JHARKHAND
05,06,1,2024,160,HARYANA,UTTARAKHAND
10,06,1,2024,13850,HARYANA,BIHAR
20,06,1,2024,111,HARYANA,JHARKHAND
23,06,1,2024,2558,HARYANA,MADHYA PRADESH
06,07,1,2024,5306,DELHI,HARYANA
09,07,1,2024,159816,DELHI,UTTAR PRADESH
13,07,1,2024,6,DELHI,NAGALAND
19,07,1,2024,1716,DELHI,WEST BENGAL
24,07,1,2024,115,DELHI,GUJARAT
29,07,1,2024,11,DELHI,KARNATAKA
06,08,1,2024,537,RAJASTHAN,HARYANA
09,08,1,2024,8757,RAJASTHAN,UTTAR PRADESH
19,08,1,2024,20,RAJASTHAN,WEST BENGAL
20,08,1,2024,38,RAJASTHAN,JHARKHAND
22,08,1,2024,98,RAJASTHAN,CHHATTISGARH
05,09,1,2024,2,UTTAR PRADESH,UTTARAKHAND
24,09,1,2024,2,UTTAR PRADESH,GUJARAT
09,10,1,2024,2162,BIHAR,UTTAR PRADESH
20,10,1,2024,1354,BIHAR,JHARKHAND
27,10,1,2024,284,BIHAR,MAHARASHTRA
38,10,1,2024,1,BIHAR,Dadar & Nagar Haveli & Daman & Diu
22,11,1,2024,1,SIKKIM,CHHATTISGARH
01,18,1,2024,1,ASSAM,JAMMU AND KASHMIR
22,19,1,2024,17,WEST BENGAL,CHHATTISGARH
33,19,1,2024,2,WEST BENGAL,TAMIL NADU
06,20,1,2024,13,JHARKHAND,HARYANA
19,20,1,2024,5,JHARKHAND,WEST BENGAL
28,20,1,2024,1,JHARKHAND,ANDHRA PRADESH
06,22,1,2024,8,CHHATTISGARH,HARYANA
19,22,1,2024,3,CHHATTISGARH,WEST BENGAL
05,23,1,2024,6,MADHYA PRADESH,UTTARAKHAND
20,23,1,2024,33,MADHYA PRADESH,JHARKHAND
24,23,1,2024,18,MADHYA PRADESH,GUJARAT
27,23,1,2024,157,MADHYA PRADESH,MAHARASHTRA
08,24,1,2024,493,GUJARAT,RAJASTHAN
09,24,1,2024,7914,GUJARAT,UTTAR PRADESH
18,24,1,2024,6,GUJARAT,ASSAM
27,24,1,2024,865,GUJARAT,MAHARASHTRA
20,27,1,2024,866,MAHARASHTRA,JHARKHAND
21,27,1,2024,19,MAHARASHTRA,ODISHA
08,29,1,2024,1,KARNATAKA,RAJASTHAN
18,29,1,2024,14,KARNATAKA,ASSAM
28,29,1,2024,31,KARNATAKA,ANDHRA PRADESH
07,30,1,2024,1,GOA,DELHI
19,30,1,2024,21,GOA,WEST BENGAL
27,30,1,2024,71,GOA,MAHARASHTRA
02,07,12,2022,104,DELHI,HIMACHAL PRADESH
19,07,12,2022,1382,DELHI,WEST BENGAL
29,07,12,2022,22,DELHI,KARNATAKA
32,07,12,2022,50,DELHI,KERALA
05,08,12,2022,7,RAJASTHAN,UTTARAKHAND
27,08,12,2022,11,RAJASTHAN,MAHARASHTRA
29,08,12,2022,3,RAJASTHAN,KARNATAKA
06,10,12,2022,3,BIHAR,HARYANA
18,10,12,2022,9,BIHAR,ASSAM
21,10,12,2022,12,BIHAR,ODISHA
23,10,12,2022,44,BIHAR,MADHYA PRADESH
10,16,12,2022,1466,TRIPURA,BIHAR
06,20,12,2022,4,JHARKHAND,HARYANA
22,21,12,2022,2,ODISHA,CHHATTISGARH
24,21,12,2022,2,ODISHA,GUJARAT
08,22,12,2022,1,CHHATTISGARH,RAJASTHAN
10,22,12,2022,236,CHHATTISGARH,BIHAR
19,22,12,2022,9,CHHATTISGARH,WEST BENGAL
20,22,12,2022,45,CHHATTISGARH,JHARKHAND
23,22,12,2022,240,CHHATTISGARH,MADHYA PRADESH
27,22,12,2022,14,CHHATTISGARH,MAHARASHTRA
05,24,12,2022,10,GUJARAT,UTTARAKHAND
18,24,12,2022,1,GUJARAT,ASSAM
20,24,12,2022,187,GUJARAT,JHARKHAND
23,27,12,2022,836,MAHARASHTRA,MADHYA PRADESH
18,29,12,2022,18,KARNATAKA,ASSAM
21,29,12,2022,58,KARNATAKA,ODISHA
23,29,12,2022,22,KARNATAKA,MADHYA PRADESH
36,29,12,2022,9,KARNATAKA,TELANGANA
01,30,12,2022,2,GOA,JAMMU AND KASHMIR
06,30,12,2022,2,GOA,HARYANA
18,30,12,2022,5,GOA,ASSAM
10,32,12,2022,657,KERALA,BIHAR
21,32,12,2022,20,KERALA,ODISHA
27,32,12,2022,94,KERALA,MAHARASHTRA
36,32,12,2022,3,KERALA,TELANGANA
22,33,12,2022,19,TAMIL NADU,CHHATTISGARH
27,33,12,2022,13,TAMIL NADU,MAHARASHTRA
10,34,12,2022,66,PUDUCHERRY,BIHAR
28,34,12,2022,1,PUDUCHERRY,ANDHRA PRADESH
21,35,12,2022,2,ANDAMAN AND NICOBAR ISLANDS,ODISHA
21,36,12,2022,5,TELANGANA,ODISHA
23,36,12,2022,41,TELANGANA,MADHYA PRADESH
27,36,12,2022,208,TELANGANA,MAHARASHTRA
29,36,12,2022,215,TELANGANA,KARNATAKA
07,01,1,2023,5,JAMMU AND KASHMIR,DELHI
10,01,1,2023,348,JAMMU AND KASHMIR,BIHAR
19,01,1,2023,4,JAMMU AND KASHMIR,WEST BENGAL
20,02,1,2023,26,HIMACHAL PRADESH,JHARKHAND
27,02,1,2023,2,HIMACHAL PRADESH,MAHARASHTRA
23,04,1,2023,1,CHANDIGARH,MADHYA PRADESH
09,05,1,2023,1923,UTTARAKHAND,UTTAR PRADESH
02,06,1,2023,6,HARYANA,HIMACHAL PRADESH
18,06,1,2023,4,HARYANA,ASSAM
22,06,1,2023,92,HARYANA,CHHATTISGARH
24,06,1,2023,14,HARYANA,GUJARAT
01,07,1,2023,311,DELHI,JAMMU AND KASHMIR
23,07,1,2023,9646,DELHI,MADHYA PRADESH
24,07,1,2023,98,DELHI,GUJARAT
27,07,1,2023,99,DELHI,MAHARASHTRA
36,07,1,2023,1,DELHI,TELANGANA
20,08,1,2023,35,RAJASTHAN,JHARKHAND
24,08,1,2023,21,RAJASTHAN,GUJARAT
10,19,1,2023,1177,WEST BENGAL,BIHAR
27,20,1,2023,7,JHARKHAND,MAHARASHTRA
20,21,1,2023,4,ODISHA,JHARKHAND
29,21,1,2023,1,ODISHA,KARNATAKA
08,22,1,2023,29,CHHATTISGARH,RAJASTHAN
27,22,1,2023,15,CHHATTISGARH,MAHARASHTRA
09,23,1,2023,1027,MADHYA PRADESH,UTTAR PRADESH
19,23,1,2023,5,MADHYA PRADESH,WEST BENGAL
32,23,1,2023,1,MADHYA PRADESH,KERALA
20,24,1,2023,115,GUJARAT,JHARKHAND
21,24,1,2023,243,GUJARAT,ODISHA
29,24,1,2023,12,GUJARAT,KARNATAKA
32,24,1,2023,2,GUJARAT,KERALA
02,27,1,2023,1,MAHARASHTRA,HIMACHAL PRADESH
20,27,1,2023,450,MAHARASHTRA,JHARKHAND
19,30,1,2023,2,GOA,WEST BENGAL
16,32,1,2023,1,KERALA,TRIPURA
23,32,1,2023,84,KERALA,MADHYA PRADESH
27,33,1,2023,5,TAMIL NADU,MAHARASHTRA
08,34,1,2023,4,PUDUCHERRY,RAJASTHAN
21,34,1,2023,29,PUDUCHERRY,ODISHA
18,36,1,2023,1,TELANGANA,ASSAM
33,36,1,2023,7,TELANGANA,TAMIL NADU
10,01,2,2023,381,JAMMU AND KASHMIR,BIHAR
18,01,2,2023,3,JAMMU AND KASHMIR,ASSAM
19,01,2,2023,3,JAMMU AND KASHMIR,WEST BENGAL
22,01,2,2023,105,JAMMU AND KASHMIR,CHHATTISGARH
07,02,2,2023,10,HIMACHAL PRADESH,DELHI
10,02,2,2023,1456,HIMACHAL PRADESH,BIHAR
27,02,2,2023,2,HIMACHAL PRADESH,MAHARASHTRA
05,04,2,2023,2,CHANDIGARH,UTTARAKHAND
23,04,2,2023,1,CHANDIGARH,MADHYA PRADESH
18,05,2,2023,1,UTTARAKHAND,ASSAM
22,05,2,2023,5,UTTARAKHAND,CHHATTISGARH
23,05,2,2023,25,UTTARAKHAND,MADHYA PRADESH
24,05,2,2023,1,UTTARAKHAND,GUJARAT
29,05,2,2023,1,UTTARAKHAND,KARNATAKA
08,06,2,2023,281,HARYANA,RAJASTHAN
23,06,2,2023,2121,HARYANA,MADHYA PRADESH
24,06,2,2023,10,HARYANA,GUJARAT
01,07,2,2023,298,DELHI,JAMMU AND KASHMIR
09,08,2,2023,5259,RAJASTHAN,UTTAR PRADESH
20,08,2,2023,31,RAJASTHAN,JHARKHAND
22,08,2,2023,68,RAJASTHAN,CHHATTISGARH
27,08,2,2023,12,RAJASTHAN,MAHARASHTRA
33,08,2,2023,1,RAJASTHAN,TAMIL NADU
07,10,2,2023,791,BIHAR,DELHI
08,10,2,2023,8,BIHAR,RAJASTHAN
22,10,2,2023,50,BIHAR,CHHATTISGARH
27,10,2,2023,185,BIHAR,MAHARASHTRA
22,16,2,2023,1,TRIPURA,CHHATTISGARH
10,19,2,2023,823,WEST BENGAL,BIHAR
29,19,2,2023,1,WEST BENGAL,KARNATAKA
33,19,2,2023,1,WEST BENGAL,TAMIL NADU
07,20,2,2023,9,JHARKHAND,DELHI
28,22,2,2023,1,CHHATTISGARH,ANDHRA PRADESH
07,23,2,2023,35,MADHYA PRADESH,DELHI
08,23,2,2023,45,MADHYA PRADESH,RAJASTHAN
09,23,2,2023,1012,MADHYA PRADESH,UTTAR PRADESH
29,23,2,2023,2,MADHYA PRADESH,KARNATAKA
05,24,2,2023,11,GUJARAT,UTTARAKHAND
18,24,2,2023,5,GUJARAT,ASSAM
20,24,2,2023,147,GUJARAT,JHARKHAND
28,24,2,2023,2,GUJARAT,ANDHRA PRADESH
32,24,2,2023,3,GUJARAT,KERALA
09,27,2,2023,932,MAHARASHTRA,UTTAR PRADESH
10,27,2,2023,165,MAHARASHTRA,BIHAR
20,27,2,2023,14,MAHARASHTRA,JHARKHAND
24,27,2,2023,5,MAHARASHTRA,GUJARAT
29,27,2,2023,14,MAHARASHTRA,KARNATAKA
09,28,2,2023,2,ANDHRA PRADESH,UTTAR PRADESH
09,29,2,2023,90,KARNATAKA,UTTAR PRADESH
18,29,2,2023,12,KARNATAKA,ASSAM
19,29,2,2023,2,KARNATAKA,WEST BENGAL
23,30,2,2023,17,GOA,MADHYA PRADESH
33,30,2,2023,1,GOA,TAMIL NADU
07,32,2,2023,4,KERALA,DELHI
09,32,2,2023,99,KERALA,UTTAR PRADESH
19,32,2,2023,17,KERALA,WEST BENGAL
20,32,2,2023,59,KERALA,JHARKHAND
27,32,2,2023,43,KERALA,MAHARASHTRA
29,32,2,2023,437,KERALA,KARNATAKA
10,33,2,2023,213,TAMIL NADU,BIHAR
18,33,2,2023,8,TAMIL NADU,ASSAM
27,33,2,2023,7,TAMIL NADU,MAHARASHTRA
28,33,2,2023,7,TAMIL NADU,ANDHRA PRADESH
29,33,2,2023,13,TAMIL NADU,KARNATAKA
10,34,2,2023,170,PUDUCHERRY,BIHAR
32,34,2,2023,1,PUDUCHERRY,KERALA
07,36,2,2023,1,TELANGANA,DELHI
23,36,2,2023,81,TELANGANA,MADHYA PRADESH
33,36,2,2023,9,TELANGANA,TAMIL NADU
27,01,3,2023,2,JAMMU AND KASHMIR,MAHARASHTRA
20,02,3,2023,34,HIMACHAL PRADESH,JHARKHAND
23,02,3,2023,98,HIMACHAL PRADESH,MADHYA PRADESH
23,03,3,2023,2,PUNJAB,MADHYA PRADESH
10,05,3,2023,890,UTTARAKHAND,BIHAR
18,05,3,2023,1,UTTARAKHAND,ASSAM
33,05,3,2023,1,UTTARAKHAND,TAMIL NADU
01,06,3,2023,11,HARYANA,JAMMU AND KASHMIR
08,06,3,2023,468,HARYANA,RAJASTHAN
23,06,3,2023,2808,HARYANA,MADHYA PRADESH
27,06,3,2023,9,HARYANA,MAHARASHTRA
08,07,3,2023,638,DELHI,RAJASTHAN
19,07,3,2023,962,DELHI,WEST BENGAL
23,07,3,2023,10129,DELHI,MADHYA PRADESH
28,07,3,2023,7,DELHI,ANDHRA PRADESH
29,07,3,2023,5,DELHI,KARNATAKA
36,07,3,2023,1,DELHI,TELANGANA
28,10,3,2023,2,BIHAR,ANDHRA PRADESH
10,16,3,2023,524,TRIPURA,BIHAR
20,16,3,2023,57,TRIPURA,JHARKHAND
21,19,3,2023,3,WEST BENGAL,ODISHA
23,22,3,2023,25,CHHATTISGARH,MADHYA PRADESH
19,23,3,2023,2,MADHYA PRADESH,WEST BENGAL
08,24,3,2023,275,GUJARAT,RAJASTHAN
19,24,3,2023,10,GUJARAT,WEST BENGAL
27,24,3,2023,711,GUJARAT,MAHARASHTRA
29,24,3,2023,12,GUJARAT,KARNATAKA
09,27,3,2023,9572,MAHARASHTRA,UTTAR PRADESH
23,27,3,2023,368,MAHARASHTRA,MADHYA PRADESH
33,27,3,2023,671,MAHARASHTRA,TAMIL NADU
05,29,3,2023,1,KARNATAKA,UTTARAKHAND
09,29,3,2023,98,KARNATAKA,UTTAR PRADESH
16,29,3,2023,2,KARNATAKA,TRIPURA
18,29,3,2023,10,KARNATAKA,ASSAM
19,29,3,2023,4,KARNATAKA,WEST BENGAL
27,29,3,2023,45,KARNATAKA,MAHARASHTRA
10,30,3,2023,166,GOA,BIHAR
23,30,3,2023,26,GOA,MADHYA PRADESH
27,30,3,2023,29,GOA,MAHARASHTRA
01,32,3,2023,5,KERALA,JAMMU AND KASHMIR
09,30,8,2022,44,GOA,UTTAR PRADESH
23,30,8,2022,13,GOA,MADHYA PRADESH
24,30,8,2022,1,GOA,GUJARAT
22,32,8,2022,3,KERALA,CHHATTISGARH
23,32,8,2022,98,KERALA,MADHYA PRADESH
28,32,8,2022,5,KERALA,ANDHRA PRADESH
08,33,8,2022,6,TAMIL NADU,RAJASTHAN
18,33,8,2022,4,TAMIL NADU,ASSAM
36,33,8,2022,1,TAMIL NADU,TELANGANA
19,35,8,2022,13,ANDAMAN AND NICOBAR ISLANDS,WEST BENGAL
08,36,8,2022,1,TELANGANA,RAJASTHAN
29,36,8,2022,126,TELANGANA,KARNATAKA
05,01,9,2022,3,JAMMU AND KASHMIR,UTTARAKHAND
06,01,9,2022,2,JAMMU AND KASHMIR,HARYANA
24,01,9,2022,5,JAMMU AND KASHMIR,GUJARAT
05,02,9,2022,11,HIMACHAL PRADESH,UTTARAKHAND
22,02,9,2022,9,HIMACHAL PRADESH,CHHATTISGARH
02,03,9,2022,1,PUNJAB,HIMACHAL PRADESH
05,03,9,2022,6,PUNJAB,UTTARAKHAND
06,03,9,2022,10,PUNJAB,HARYANA
09,03,9,2022,25,PUNJAB,UTTAR PRADESH
21,03,9,2022,3,PUNJAB,ODISHA
02,05,9,2022,2,UTTARAKHAND,HIMACHAL PRADESH
10,05,9,2022,652,UTTARAKHAND,BIHAR
10,06,9,2022,14608,HARYANA,BIHAR
18,06,9,2022,5,HARYANA,ASSAM
06,07,9,2022,2569,DELHI,HARYANA
19,07,9,2022,959,DELHI,WEST BENGAL
09,08,9,2022,308,RAJASTHAN,UTTAR PRADESH
21,08,9,2022,1,RAJASTHAN,ODISHA
29,08,9,2022,3,RAJASTHAN,KARNATAKA
36,08,9,2022,1,RAJASTHAN,TELANGANA
18,16,9,2022,1,TRIPURA,ASSAM
22,16,9,2022,2,TRIPURA,CHHATTISGARH
10,19,9,2022,79,WEST BENGAL,BIHAR
23,19,9,2022,3,WEST BENGAL,MADHYA PRADESH
07,20,9,2022,11,JHARKHAND,DELHI
22,20,9,2022,8,JHARKHAND,CHHATTISGARH
24,21,9,2022,1,ODISHA,GUJARAT
33,22,9,2022,1,CHHATTISGARH,TAMIL NADU
07,23,9,2022,28,MADHYA PRADESH,DELHI
08,23,9,2022,85,MADHYA PRADESH,RAJASTHAN
21,23,9,2022,8,MADHYA PRADESH,ODISHA
19,24,9,2022,21,GUJARAT,WEST BENGAL
27,24,9,2022,727,GUJARAT,MAHARASHTRA
02,27,9,2022,1,MAHARASHTRA,HIMACHAL PRADESH
22,27,9,2022,17,MAHARASHTRA,CHHATTISGARH
08,29,9,2022,2,KARNATAKA,RAJASTHAN
10,29,9,2022,351,KARNATAKA,BIHAR
19,29,9,2022,4,KARNATAKA,WEST BENGAL
22,29,9,2022,17,KARNATAKA,CHHATTISGARH
23,29,9,2022,7,KARNATAKA,MADHYA PRADESH
09,30,9,2022,75,GOA,UTTAR PRADESH
22,30,9,2022,9,GOA,CHHATTISGARH
01,32,9,2022,4,KERALA,JAMMU AND KASHMIR
06,32,9,2022,1,KERALA,HARYANA
27,32,9,2022,45,KERALA,MAHARASHTRA
01,33,9,2022,1,TAMIL NADU,JAMMU AND KASHMIR
09,33,9,2022,13,TAMIL NADU,UTTAR PRADESH
22,36,9,2022,17,TELANGANA,CHHATTISGARH
05,01,10,2022,1,JAMMU AND KASHMIR,UTTARAKHAND
19,01,10,2022,3,JAMMU AND KASHMIR,WEST BENGAL
23,01,10,2022,460,JAMMU AND KASHMIR,MADHYA PRADESH
08,02,10,2022,3,HIMACHAL PRADESH,RAJASTHAN
09,03,10,2022,306,PUNJAB,UTTAR PRADESH
10,04,10,2022,12,CHANDIGARH,BIHAR
33,05,10,2022,1,UTTARAKHAND,TAMIL NADU
05,06,10,2022,107,HARYANA,UTTARAKHAND
08,06,10,2022,966,HARYANA,RAJASTHAN
09,06,10,2022,24568,HARYANA,UTTAR PRADESH
20,06,10,2022,354,HARYANA,JHARKHAND
24,06,10,2022,26,HARYANA,GUJARAT
27,06,10,2022,29,HARYANA,MAHARASHTRA
33,06,10,2022,4,HARYANA,TAMIL NADU
01,07,10,2022,92,DELHI,JAMMU AND KASHMIR
08,07,10,2022,2524,DELHI,RAJASTHAN
10,07,10,2022,194716,DELHI,BIHAR
18,07,10,2022,56,DELHI,ASSAM
28,07,10,2022,1,DELHI,ANDHRA PRADESH
24,08,10,2022,12,RAJASTHAN,GUJARAT
29,08,10,2022,1,RAJASTHAN,KARNATAKA
07,10,10,2022,586,BIHAR,DELHI
19,10,10,2022,1,BIHAR,WEST BENGAL
21,10,10,2022,8,BIHAR,ODISHA
23,10,10,2022,55,BIHAR,MADHYA PRADESH
29,10,10,2022,16,BIHAR,KARNATAKA
33,19,10,2022,4,WEST BENGAL,TAMIL NADU
23,21,10,2022,3,ODISHA,MADHYA PRADESH
24,21,10,2022,3,ODISHA,GUJARAT
21,22,10,2022,4,CHHATTISGARH,ODISHA
23,22,10,2022,15,CHHATTISGARH,MADHYA PRADESH
33,22,10,2022,1,CHHATTISGARH,TAMIL NADU
07,23,10,2022,11,MADHYA PRADESH,DELHI
20,23,10,2022,14,MADHYA PRADESH,JHARKHAND
27,23,10,2022,43,MADHYA PRADESH,MAHARASHTRA
22,24,10,2022,23,GUJARAT,CHHATTISGARH
05,27,10,2022,7,MAHARASHTRA,UTTARAKHAND
07,27,10,2022,17,MAHARASHTRA,DELHI
19,27,10,2022,35,MAHARASHTRA,WEST BENGAL
10,28,10,2022,2,ANDHRA PRADESH,BIHAR
05,29,10,2022,1,KARNATAKA,UTTARAKHAND
21,29,10,2022,53,KARNATAKA,ODISHA
06,30,10,2022,1,GOA,HARYANA
10,30,10,2022,93,GOA,BIHAR
22,30,10,2022,4,GOA,CHHATTISGARH
23,30,10,2022,8,GOA,MADHYA PRADESH
27,30,10,2022,15,GOA,MAHARASHTRA
28,30,10,2022,1,GOA,ANDHRA PRADESH
09,32,10,2022,151,KERALA,UTTAR PRADESH
18,32,10,2022,29,KERALA,ASSAM
20,32,10,2022,86,KERALA,JHARKHAND
27,32,10,2022,75,KERALA,MAHARASHTRA
29,32,10,2022,808,KERALA,KARNATAKA
33,32,10,2022,182,KERALA,TAMIL NADU
22,33,10,2022,19,TAMIL NADU,CHHATTISGARH
09,34,10,2022,1,PUDUCHERRY,UTTAR PRADESH
28,34,10,2022,1,PUDUCHERRY,ANDHRA PRADESH
22,36,10,2022,19,TELANGANA,CHHATTISGARH
29,36,10,2022,135,TELANGANA,KARNATAKA
32,36,10,2022,2,TELANGANA,KERALA
33,36,10,2022,4,TELANGANA,TAMIL NADU
09,01,11,2022,601,JAMMU AND KASHMIR,UTTAR PRADESH
10,01,11,2022,522,JAMMU AND KASHMIR,BIHAR
23,01,11,2022,593,JAMMU AND KASHMIR,MADHYA PRADESH
07,02,11,2022,14,HIMACHAL PRADESH,DELHI
23,02,11,2022,104,HIMACHAL PRADESH,MADHYA PRADESH
09,03,11,2022,7,PUNJAB,UTTAR PRADESH
02,05,11,2022,2,UTTARAKHAND,HIMACHAL PRADESH
07,05,11,2022,58,UTTARAKHAND,DELHI
09,05,11,2022,3961,UTTARAKHAND,UTTAR PRADESH
18,05,11,2022,1,UTTARAKHAND,ASSAM
24,05,11,2022,1,UTTARAKHAND,GUJARAT
01,06,11,2022,16,HARYANA,JAMMU AND KASHMIR
05,06,11,2022,136,HARYANA,UTTARAKHAND
23,06,11,2022,5601,HARYANA,MADHYA PRADESH
27,06,11,2022,31,HARYANA,MAHARASHTRA
09,07,11,2022,84997,DELHI,UTTAR PRADESH
19,07,11,2022,1099,DELHI,WEST BENGAL
24,07,11,2022,139,DELHI,GUJARAT
27,07,11,2022,149,DELHI,MAHARASHTRA
06,08,11,2022,173,RAJASTHAN,HARYANA
21,08,11,2022,3,RAJASTHAN,ODISHA
27,08,11,2022,16,RAJASTHAN,MAHARASHTRA
07,09,11,2022,32,UTTAR PRADESH,DELHI
10,16,11,2022,1021,TRIPURA,BIHAR
20,16,11,2022,32,TRIPURA,JHARKHAND
07,19,11,2022,13,WEST BENGAL,DELHI
09,19,11,2022,10,WEST BENGAL,UTTAR PRADESH
10,20,11,2022,638,JHARKHAND,BIHAR
24,20,11,2022,2,JHARKHAND,GUJARAT
27,20,11,2022,8,JHARKHAND,MAHARASHTRA
10,22,11,2022,127,CHHATTISGARH,BIHAR
07,23,11,2022,29,MADHYA PRADESH,DELHI
09,24,11,2022,2544,GUJARAT,UTTAR PRADESH
22,24,11,2022,114,GUJARAT,CHHATTISGARH
21,28,11,2022,12,ANDHRA PRADESH,ODISHA
33,28,11,2022,1,ANDHRA PRADESH,TAMIL NADU
01,29,11,2022,2,KARNATAKA,JAMMU AND KASHMIR
16,29,11,2022,3,KARNATAKA,TRIPURA
28,29,11,2022,36,KARNATAKA,ANDHRA PRADESH
32,29,11,2022,26,KARNATAKA,KERALA
06,30,11,2022,2,GOA,HARYANA
10,30,11,2022,177,GOA,BIHAR
29,30,11,2022,217,GOA,KARNATAKA
19,32,11,2022,17,KERALA,WEST BENGAL
20,32,11,2022,107,KERALA,JHARKHAND
23,32,11,2022,143,KERALA,MADHYA PRADESH
28,32,11,2022,6,KERALA,ANDHRA PRADESH
08,33,11,2022,1,TAMIL NADU,RAJASTHAN
27,33,11,2022,9,TAMIL NADU,MAHARASHTRA
21,34,11,2022,91,PUDUCHERRY,ODISHA
08,36,11,2022,3,TELANGANA,RAJASTHAN
23,36,11,2022,23,TELANGANA,MADHYA PRADESH
09,01,12,2022,498,JAMMU AND KASHMIR,UTTAR PRADESH
05,02,12,2022,22,HIMACHAL PRADESH,UTTARAKHAND
09,02,12,2022,3629,HIMACHAL PRADESH,UTTAR PRADESH
27,02,12,2022,1,HIMACHAL PRADESH,MAHARASHTRA
06,03,12,2022,6,PUNJAB,HARYANA
09,03,12,2022,261,PUNJAB,UTTAR PRADESH
21,03,12,2022,1,PUNJAB,ODISHA
22,05,12,2022,7,UTTARAKHAND,CHHATTISGARH
29,05,12,2022,2,UTTARAKHAND,KARNATAKA
33,05,12,2022,3,UTTARAKHAND,TAMIL NADU
05,06,12,2022,100,HARYANA,UTTARAKHAND
08,06,12,2022,1188,HARYANA,RAJASTHAN
27,28,4,2021,21,ANDHRA PRADESH,MAHARASHTRA
20,30,4,2021,4,GOA,JHARKHAND
32,30,4,2021,1,GOA,KERALA
29,32,4,2021,134,KERALA,KARNATAKA
33,32,4,2021,52,KERALA,TAMIL NADU
36,35,4,2021,1,ANDAMAN AND NICOBAR ISLANDS,TELANGANA
28,36,4,2021,243,TELANGANA,ANDHRA PRADESH
06,01,5,2021,6,JAMMU AND KASHMIR,HARYANA
20,01,5,2021,4,JAMMU AND KASHMIR,JHARKHAND
23,01,5,2021,3,JAMMU AND KASHMIR,MADHYA PRADESH
06,02,5,2021,4,HIMACHAL PRADESH,HARYANA
09,02,5,2021,61,HIMACHAL PRADESH,UTTAR PRADESH
10,02,5,2021,21,HIMACHAL PRADESH,BIHAR
27,02,5,2021,1,HIMACHAL PRADESH,MAHARASHTRA
09,03,5,2021,9,PUNJAB,UTTAR PRADESH
10,05,5,2021,24,UTTARAKHAND,BIHAR
03,06,5,2021,3,HARYANA,PUNJAB
06,08,5,2021,43,RAJASTHAN,HARYANA
08,09,5,2021,37,UTTAR PRADESH,RAJASTHAN
24,09,5,2021,50,UTTAR PRADESH,GUJARAT
24,10,5,2021,2,BIHAR,GUJARAT
27,10,5,2021,22,BIHAR,MAHARASHTRA
20,16,5,2021,2,TRIPURA,JHARKHAND
10,20,5,2021,159,JHARKHAND,BIHAR
20,23,5,2021,5,MADHYA PRADESH,JHARKHAND
21,23,5,2021,1,MADHYA PRADESH,ODISHA
10,24,5,2021,372,GUJARAT,BIHAR
20,24,5,2021,9,GUJARAT,JHARKHAND
29,24,5,2021,10,GUJARAT,KARNATAKA
20,28,5,2021,7,ANDHRA PRADESH,JHARKHAND
36,28,5,2021,33,ANDHRA PRADESH,TELANGANA
28,29,5,2021,92,KARNATAKA,ANDHRA PRADESH
30,29,5,2021,4,KARNATAKA,GOA
02,30,5,2021,1,GOA,HIMACHAL PRADESH
27,30,5,2021,33,GOA,MAHARASHTRA
32,30,5,2021,1,GOA,KERALA
30,32,5,2021,1,KERALA,GOA
36,32,5,2021,2,KERALA,TELANGANA
06,36,5,2021,1,TELANGANA,HARYANA
08,37,5,2021,1,LADAKH,RAJASTHAN
27,03,6,2021,1,PUNJAB,MAHARASHTRA
10,06,6,2021,635,HARYANA,BIHAR
20,06,6,2021,33,HARYANA,JHARKHAND
24,06,6,2021,1,HARYANA,GUJARAT
27,06,6,2021,2,HARYANA,MAHARASHTRA
27,08,6,2021,12,RAJASTHAN,MAHARASHTRA
06,10,6,2021,32,BIHAR,HARYANA
21,10,6,2021,3,BIHAR,ODISHA
10,16,6,2021,14,TRIPURA,BIHAR
13,16,6,2021,1,TRIPURA,NAGALAND
06,20,6,2021,2,JHARKHAND,HARYANA
29,23,6,2021,1,MADHYA PRADESH,KARNATAKA
02,24,6,2021,1,GUJARAT,HIMACHAL PRADESH
21,24,6,2021,24,GUJARAT,ODISHA
36,24,6,2021,3,GUJARAT,TELANGANA
10,28,6,2021,22,ANDHRA PRADESH,BIHAR
09,29,6,2021,81,KARNATAKA,UTTAR PRADESH
27,29,6,2021,81,KARNATAKA,MAHARASHTRA
20,30,6,2021,6,GOA,JHARKHAND
27,30,6,2021,44,GOA,MAHARASHTRA
29,30,6,2021,311,GOA,KARNATAKA
36,30,6,2021,2,GOA,TELANGANA
27,32,6,2021,53,KERALA,MAHARASHTRA
28,32,6,2021,2,KERALA,ANDHRA PRADESH
36,32,6,2021,1,KERALA,TELANGANA
23,36,6,2021,1,TELANGANA,MADHYA PRADESH
28,36,6,2021,92,TELANGANA,ANDHRA PRADESH
09,01,7,2021,965,JAMMU AND KASHMIR,UTTAR PRADESH
20,01,7,2021,36,JAMMU AND KASHMIR,JHARKHAND
21,02,7,2021,1,HIMACHAL PRADESH,ODISHA
02,03,7,2021,1,PUNJAB,HIMACHAL PRADESH
06,05,7,2021,3,UTTARAKHAND,HARYANA
03,06,7,2021,27,HARYANA,PUNJAB
08,06,7,2021,9,HARYANA,RAJASTHAN
21,06,7,2021,6,HARYANA,ODISHA
03,07,7,2021,2,DELHI,PUNJAB
08,07,7,2021,49,DELHI,RAJASTHAN
23,07,7,2021,300,DELHI,MADHYA PRADESH
32,07,7,2021,1,DELHI,KERALA
29,08,7,2021,1,RAJASTHAN,KARNATAKA
20,09,7,2021,33,UTTAR PRADESH,JHARKHAND
21,09,7,2021,6,UTTAR PRADESH,ODISHA
27,09,7,2021,222,UTTAR PRADESH,MAHARASHTRA
29,09,7,2021,16,UTTAR PRADESH,KARNATAKA
30,09,7,2021,1,UTTAR PRADESH,GOA
27,10,7,2021,34,BIHAR,MAHARASHTRA
10,13,7,2021,16,NAGALAND,BIHAR
29,20,7,2021,2,JHARKHAND,KARNATAKA
28,21,7,2021,2,ODISHA,ANDHRA PRADESH
06,22,7,2021,6,CHHATTISGARH,HARYANA
21,23,7,2021,3,MADHYA PRADESH,ODISHA
02,24,7,2021,1,GUJARAT,HIMACHAL PRADESH
06,24,7,2021,17,GUJARAT,HARYANA
21,24,7,2021,16,GUJARAT,ODISHA
27,24,7,2021,407,GUJARAT,MAHARASHTRA
09,27,7,2021,2685,MAHARASHTRA,UTTAR PRADESH
09,28,7,2021,25,ANDHRA PRADESH,UTTAR PRADESH
21,28,7,2021,12,ANDHRA PRADESH,ODISHA
23,28,7,2021,17,ANDHRA PRADESH,MADHYA PRADESH
36,28,7,2021,25,ANDHRA PRADESH,TELANGANA
24,29,7,2021,9,KARNATAKA,GUJARAT
23,30,7,2021,4,GOA,MADHYA PRADESH
24,30,7,2021,1,GOA,GUJARAT
29,30,7,2021,247,GOA,KARNATAKA
36,30,7,2021,2,GOA,TELANGANA
29,32,7,2021,193,KERALA,KARNATAKA
32,35,7,2021,2,ANDAMAN AND NICOBAR ISLANDS,KERALA
33,36,7,2021,1,TELANGANA,TAMIL NADU
01,37,7,2021,3,LADAKH,JAMMU AND KASHMIR
06,01,8,2021,35,JAMMU AND KASHMIR,HARYANA
08,01,8,2021,1,JAMMU AND KASHMIR,RAJASTHAN
10,01,8,2021,143,JAMMU AND KASHMIR,BIHAR
32,01,8,2021,1,JAMMU AND KASHMIR,KERALA
10,05,8,2021,80,UTTARAKHAND,BIHAR
06,07,8,2021,466,DELHI,HARYANA
09,07,8,2021,19801,DELHI,UTTAR PRADESH
20,07,8,2021,215,DELHI,JHARKHAND
28,07,8,2021,1,DELHI,ANDHRA PRADESH
23,08,8,2021,43,RAJASTHAN,MADHYA PRADESH
08,10,8,2021,5,BIHAR,RAJASTHAN
09,19,8,2021,5,WEST BENGAL,UTTAR PRADESH
10,20,8,2021,394,JHARKHAND,BIHAR
27,20,8,2021,8,JHARKHAND,MAHARASHTRA
28,21,8,2021,2,ODISHA,ANDHRA PRADESH
10,23,8,2021,166,MADHYA PRADESH,BIHAR
32,24,8,2021,1,GUJARAT,KERALA
08,27,8,2021,25,MAHARASHTRA,RAJASTHAN
10,27,8,2021,1610,MAHARASHTRA,BIHAR
24,27,8,2021,35,MAHARASHTRA,GUJARAT
29,27,8,2021,73,MAHARASHTRA,KARNATAKA
36,27,8,2021,3,MAHARASHTRA,TELANGANA
09,28,8,2021,43,ANDHRA PRADESH,UTTAR PRADESH
10,28,8,2021,49,ANDHRA PRADESH,BIHAR
08,29,8,2021,3,KARNATAKA,RAJASTHAN
16,29,8,2021,3,KARNATAKA,TRIPURA
27,29,8,2021,77,KARNATAKA,MAHARASHTRA
28,29,8,2021,57,KARNATAKA,ANDHRA PRADESH
32,29,8,2021,16,KARNATAKA,KERALA
09,30,8,2021,98,GOA,UTTAR PRADESH
20,30,8,2021,4,GOA,JHARKHAND
27,30,8,2021,43,GOA,MAHARASHTRA
36,30,8,2021,2,GOA,TELANGANA
18,31,8,2021,4,LAKSHADWEEP,ASSAM
29,32,8,2021,201,KERALA,KARNATAKA
36,32,8,2021,3,KERALA,TELANGANA
29,33,8,2021,1,TAMIL NADU,KARNATAKA
08,36,8,2021,4,TELANGANA,RAJASTHAN
01,37,8,2021,4,LADAKH,JAMMU AND KASHMIR
08,37,8,2021,3,LADAKH,RAJASTHAN
06,02,9,2021,16,HIMACHAL PRADESH,HARYANA
20,02,9,2021,18,HIMACHAL PRADESH,JHARKHAND
02,03,9,2021,1,PUNJAB,HIMACHAL PRADESH
21,03,9,2021,2,PUNJAB,ODISHA
06,05,9,2021,10,UTTARAKHAND,HARYANA
08,06,9,2021,162,HARYANA,RAJASTHAN
20,06,9,2021,45,HARYANA,JHARKHAND
24,06,9,2021,9,HARYANA,GUJARAT
23,07,9,2021,2897,DELHI,MADHYA PRADESH
24,07,9,2021,27,DELHI,GUJARAT
29,07,9,2021,1,DELHI,KARNATAKA
03,08,9,2021,5,RAJASTHAN,PUNJAB
27,08,9,2021,3,RAJASTHAN,MAHARASHTRA
28,08,9,2021,1,RAJASTHAN,ANDHRA PRADESH
07,09,9,2021,1,UTTAR PRADESH,DELHI
08,09,9,2021,41,UTTAR PRADESH,RAJASTHAN
10,09,9,2021,964,UTTAR PRADESH,BIHAR
20,09,9,2021,60,UTTAR PRADESH,JHARKHAND
09,10,9,2021,95,BIHAR,UTTAR PRADESH
10,13,9,2021,32,NAGALAND,BIHAR
06,20,9,2021,2,JHARKHAND,HARYANA
09,20,9,2021,49,JHARKHAND,UTTAR PRADESH
27,21,9,2021,1,ODISHA,MAHARASHTRA
08,23,9,2021,32,MADHYA PRADESH,RAJASTHAN
06,24,9,2021,13,GUJARAT,HARYANA
24,27,9,2021,40,MAHARASHTRA,GUJARAT
21,28,9,2021,3,ANDHRA PRADESH,ODISHA
29,28,9,2021,5,ANDHRA PRADESH,KARNATAKA
20,29,9,2021,11,KARNATAKA,JHARKHAND
09,30,9,2021,111,GOA,UTTAR PRADESH
21,30,9,2021,6,GOA,ODISHA
10,32,9,2021,83,KERALA,BIHAR
33,32,9,2021,131,KERALA,TAMIL NADU
09,33,9,2021,9,TAMIL NADU,UTTAR PRADESH
33,35,9,2021,7,ANDAMAN AND NICOBAR ISLANDS,TAMIL NADU
06,36,9,2021,3,TELANGANA,HARYANA
29,36,9,2021,99,TELANGANA,KARNATAKA
08,06,1,2020,1,HARYANA,RAJASTHAN
24,08,1,2020,4,RAJASTHAN,GUJARAT
29,27,1,2020,1,MAHARASHTRA,KARNATAKA
29,32,1,2020,43,KERALA,KARNATAKA
28,36,1,2020,328,TELANGANA,ANDHRA PRADESH
29,36,1,2020,15,TELANGANA,KARNATAKA
06,03,2,2020,1,PUNJAB,HARYANA
24,23,2,2020,3,MADHYA PRADESH,GUJARAT
27,23,2,2020,1,MADHYA PRADESH,MAHARASHTRA
36,28,2,2020,50,ANDHRA PRADESH,TELANGANA
28,29,2,2020,3,KARNATAKA,ANDHRA PRADESH
27,30,2,2020,3,GOA,MAHARASHTRA
23,32,2,2020,6,KERALA,MADHYA PRADESH
29,32,2,2020,51,KERALA,KARNATAKA
10,06,3,2020,1,HARYANA,BIHAR
02,10,3,2020,1,BIHAR,HIMACHAL PRADESH
03,10,3,2020,1,BIHAR,PUNJAB
27,24,3,2020,17,GUJARAT,MAHARASHTRA
36,28,3,2020,29,ANDHRA PRADESH,TELANGANA
28,29,3,2020,2,KARNATAKA,ANDHRA PRADESH
27,36,3,2020,68,TELANGANA,MAHARASHTRA
06,02,4,2020,1,HIMACHAL PRADESH,HARYANA
28,06,4,2020,1,HARYANA,ANDHRA PRADESH
27,09,4,2020,2,UTTAR PRADESH,MAHARASHTRA
32,28,4,2020,1,ANDHRA PRADESH,KERALA
29,32,4,2020,176,KERALA,KARNATAKA
30,32,4,2020,1,KERALA,GOA
14,15,5,2020,1,MIZORAM,MANIPUR
29,27,5,2020,1,MAHARASHTRA,KARNATAKA
10,28,5,2020,2,ANDHRA PRADESH,BIHAR
09,29,5,2020,3,KARNATAKA,UTTAR PRADESH
32,29,5,2020,9,KARNATAKA,KERALA
27,32,5,2020,13,KERALA,MAHARASHTRA
09,05,6,2020,3,UTTARAKHAND,UTTAR PRADESH
08,09,6,2020,8,UTTAR PRADESH,RAJASTHAN
10,13,6,2020,4,NAGALAND,BIHAR
10,14,6,2020,4,MANIPUR,BIHAR
24,23,6,2020,10,MADHYA PRADESH,GUJARAT
09,24,6,2020,2,GUJARAT,UTTAR PRADESH
27,24,6,2020,4,GUJARAT,MAHARASHTRA
09,27,6,2020,24,MAHARASHTRA,UTTAR PRADESH
29,27,6,2020,2,MAHARASHTRA,KARNATAKA
09,30,6,2020,4,GOA,UTTAR PRADESH
23,32,6,2020,1,KERALA,MADHYA PRADESH
27,06,7,2020,1,HARYANA,MAHARASHTRA
28,32,7,2020,1,KERALA,ANDHRA PRADESH
06,35,7,2020,9,ANDAMAN AND NICOBAR ISLANDS,HARYANA
28,36,7,2020,53,TELANGANA,ANDHRA PRADESH
23,06,8,2020,12,HARYANA,MADHYA PRADESH
29,09,8,2020,3,UTTAR PRADESH,KARNATAKA
23,24,8,2020,6,GUJARAT,MADHYA PRADESH
10,29,8,2020,1,KARNATAKA,BIHAR
09,30,8,2020,13,GOA,UTTAR PRADESH
29,32,8,2020,91,KERALA,KARNATAKA
06,35,8,2020,15,ANDAMAN AND NICOBAR ISLANDS,HARYANA
28,36,8,2020,112,TELANGANA,ANDHRA PRADESH
09,01,9,2020,44,JAMMU AND KASHMIR,UTTAR PRADESH
09,03,9,2020,2,PUNJAB,UTTAR PRADESH
10,03,9,2020,3,PUNJAB,BIHAR
09,05,9,2020,16,UTTARAKHAND,UTTAR PRADESH
20,09,9,2020,11,UTTAR PRADESH,JHARKHAND
23,09,9,2020,9,UTTAR PRADESH,MADHYA PRADESH
10,12,9,2020,6,ARUNACHAL PRADESH,BIHAR
33,14,9,2020,1,MANIPUR,TAMIL NADU
20,24,9,2020,3,GUJARAT,JHARKHAND
09,28,9,2020,1,ANDHRA PRADESH,UTTAR PRADESH
27,28,9,2020,2,ANDHRA PRADESH,MAHARASHTRA
27,29,9,2020,7,KARNATAKA,MAHARASHTRA
20,30,9,2020,3,GOA,JHARKHAND
29,30,9,2020,142,GOA,KARNATAKA
29,32,9,2020,100,KERALA,KARNATAKA
10,01,10,2020,3,JAMMU AND KASHMIR,BIHAR
10,03,10,2020,3,PUNJAB,BIHAR
27,20,10,2020,13,JHARKHAND,MAHARASHTRA
09,23,10,2020,59,MADHYA PRADESH,UTTAR PRADESH
08,24,10,2020,33,GUJARAT,RAJASTHAN
09,24,10,2020,141,GUJARAT,UTTAR PRADESH
20,24,10,2020,2,GUJARAT,JHARKHAND
09,27,10,2020,104,MAHARASHTRA,UTTAR PRADESH
20,28,10,2020,1,ANDHRA PRADESH,JHARKHAND
27,29,10,2020,6,KARNATAKA,MAHARASHTRA
06,32,10,2020,1,KERALA,HARYANA
27,32,10,2020,41,KERALA,MAHARASHTRA
30,33,10,2020,5,TAMIL NADU,GOA
23,36,10,2020,3,TELANGANA,MADHYA PRADESH
27,36,10,2020,27,TELANGANA,MAHARASHTRA
10,01,11,2020,6,JAMMU AND KASHMIR,BIHAR
03,06,11,2020,1,HARYANA,PUNJAB
09,06,11,2020,659,HARYANA,UTTAR PRADESH
24,09,11,2020,21,UTTAR PRADESH,GUJARAT
32,13,11,2020,1,NAGALAND,KERALA
09,23,11,2020,75,MADHYA PRADESH,UTTAR PRADESH
20,23,11,2020,3,MADHYA PRADESH,JHARKHAND
27,23,11,2020,6,MADHYA PRADESH,MAHARASHTRA
08,24,11,2020,27,GUJARAT,RAJASTHAN
09,24,11,2020,204,GUJARAT,UTTAR PRADESH
08,27,11,2020,1,MAHARASHTRA,RAJASTHAN
29,27,11,2020,8,MAHARASHTRA,KARNATAKA
27,29,11,2020,5,KARNATAKA,MAHARASHTRA
28,29,11,2020,1,KARNATAKA,ANDHRA PRADESH
06,32,11,2020,1,KERALA,HARYANA
27,32,11,2020,38,KERALA,MAHARASHTRA
27,36,11,2020,26,TELANGANA,MAHARASHTRA
28,36,11,2020,346,TELANGANA,ANDHRA PRADESH
29,36,11,2020,30,TELANGANA,KARNATAKA
10,06,12,2020,41,HARYANA,BIHAR
20,09,12,2020,18,UTTAR PRADESH,JHARKHAND
08,10,12,2020,1,BIHAR,RAJASTHAN
10,17,12,2020,1,MEGHALAYA,BIHAR
09,23,12,2020,48,MADHYA PRADESH,UTTAR PRADESH
27,23,12,2020,4,MADHYA PRADESH,MAHARASHTRA
27,28,12,2020,1,ANDHRA PRADESH,MAHARASHTRA
29,28,12,2020,10,ANDHRA PRADESH,KARNATAKA
27,29,12,2020,6,KARNATAKA,MAHARASHTRA
09,30,12,2020,10,GOA,UTTAR PRADESH
08,33,12,2020,1,TAMIL NADU,RAJASTHAN
27,36,12,2020,39,TELANGANA,MAHARASHTRA
10,01,1,2021,54,JAMMU AND KASHMIR,BIHAR
23,01,1,2021,4,JAMMU AND KASHMIR,MADHYA PRADESH
20,06,1,2021,4,HARYANA,JHARKHAND
23,08,1,2021,49,RAJASTHAN,MADHYA PRADESH
10,16,1,2021,26,TRIPURA,BIHAR
29,30,1,2021,70,GOA,KARNATAKA
23,32,1,2021,2,KERALA,MADHYA PRADESH
29,32,1,2021,87,KERALA,KARNATAKA
36,32,1,2021,1,KERALA,TELANGANA
33,36,1,2021,1,TELANGANA,TAMIL NADU
23,01,2,2021,1,JAMMU AND KASHMIR,MADHYA PRADESH
01,02,2,2021,1,HIMACHAL PRADESH,JAMMU AND KASHMIR
09,04,2,2021,8,CHANDIGARH,UTTAR PRADESH
01,06,2,2021,1,HARYANA,JAMMU AND KASHMIR
10,06,2,2021,77,HARYANA,BIHAR
23,08,2,2021,7,RAJASTHAN,MADHYA PRADESH
24,08,2,2021,4,RAJASTHAN,GUJARAT
24,09,2,2021,17,UTTAR PRADESH,GUJARAT
10,21,2,2021,7,ODISHA,BIHAR
10,23,2,2021,6,MADHYA PRADESH,BIHAR
20,23,2,2021,2,MADHYA PRADESH,JHARKHAND
06,24,2,2021,2,GUJARAT,HARYANA
24,27,2,2021,4,MAHARASHTRA,GUJARAT
29,27,2,2021,5,MAHARASHTRA,KARNATAKA
09,29,2,2021,25,KARNATAKA,UTTAR PRADESH
27,29,2,2021,6,KARNATAKA,MAHARASHTRA
10,30,2,2021,42,GOA,BIHAR
20,30,2,2021,2,GOA,JHARKHAND
03,01,3,2021,7,JAMMU AND KASHMIR,PUNJAB
06,01,3,2021,9,JAMMU AND KASHMIR,HARYANA
06,03,3,2021,1,PUNJAB,HARYANA
23,09,3,2021,10,UTTAR PRADESH,MADHYA PRADESH
10,13,3,2021,9,NAGALAND,BIHAR
10,20,3,2021,132,JHARKHAND,BIHAR
09,24,3,2021,398,GUJARAT,UTTAR PRADESH
36,28,3,2021,6,ANDHRA PRADESH,TELANGANA
09,29,3,2021,35,KARNATAKA,UTTAR PRADESH
10,29,3,2021,42,KARNATAKA,BIHAR
28,29,3,2021,7,KARNATAKA,ANDHRA PRADESH
10,30,3,2021,46,GOA,BIHAR
20,30,3,2021,1,GOA,JHARKHAND
23,36,3,2021,6,TELANGANA,MADHYA PRADESH
20,01,4,2021,6,JAMMU AND KASHMIR,JHARKHAND
01,02,4,2021,1,HIMACHAL PRADESH,JAMMU AND KASHMIR
09,04,4,2021,12,CHANDIGARH,UTTAR PRADESH
09,05,4,2021,119,UTTARAKHAND,UTTAR PRADESH
01,06,4,2021,1,HARYANA,JAMMU AND KASHMIR
10,06,4,2021,155,HARYANA,BIHAR
23,06,4,2021,68,HARYANA,MADHYA PRADESH
03,08,4,2021,9,RAJASTHAN,PUNJAB
10,08,4,2021,11,RAJASTHAN,BIHAR
06,09,4,2021,69,UTTAR PRADESH,HARYANA
08,09,4,2021,26,UTTAR PRADESH,RAJASTHAN
20,09,4,2021,21,UTTAR PRADESH,JHARKHAND
36,09,4,2021,5,UTTAR PRADESH,TELANGANA
29,10,4,2021,1,BIHAR,KARNATAKA
10,16,4,2021,124,TRIPURA,BIHAR
21,20,4,2021,1,JHARKHAND,ODISHA
10,21,4,2021,3,ODISHA,BIHAR
10,24,4,2021,251,GUJARAT,BIHAR
32,24,4,2021,2,GUJARAT,KERALA
06,28,4,2021,2,ANDHRA PRADESH,HARYANA
29,03,7,2025,1,PUNJAB,KARNATAKA
05,04,7,2025,3,CHANDIGARH,UTTARAKHAND
10,04,7,2025,14,CHANDIGARH,BIHAR
03,05,7,2025,6,UTTARAKHAND,PUNJAB
02,06,7,2025,7,HARYANA,HIMACHAL PRADESH
05,06,7,2025,210,HARYANA,UTTARAKHAND
09,06,7,2025,33416,HARYANA,UTTAR PRADESH
08,07,7,2025,3269,DELHI,RAJASTHAN
10,07,7,2025,239680,DELHI,BIHAR
18,07,7,2025,484,DELHI,ASSAM
07,08,7,2025,201,RAJASTHAN,DELHI
29,08,7,2025,1,RAJASTHAN,KARNATAKA
10,09,7,2025,1617,UTTAR PRADESH,BIHAR
23,09,7,2025,519,UTTAR PRADESH,MADHYA PRADESH
29,09,7,2025,4,UTTAR PRADESH,KARNATAKA
08,10,7,2025,18,BIHAR,RAJASTHAN
09,10,7,2025,1322,BIHAR,UTTAR PRADESH
23,10,7,2025,88,BIHAR,MADHYA PRADESH
06,16,7,2025,1,TRIPURA,HARYANA
10,17,7,2025,14,MEGHALAYA,BIHAR
06,19,7,2025,36,WEST BENGAL,HARYANA
09,19,7,2025,173,WEST BENGAL,UTTAR PRADESH
06,20,7,2025,22,JHARKHAND,HARYANA
23,22,7,2025,132,CHHATTISGARH,MADHYA PRADESH
05,24,7,2025,17,GUJARAT,UTTARAKHAND
10,24,7,2025,3645,GUJARAT,BIHAR
18,24,7,2025,9,GUJARAT,ASSAM
27,24,7,2025,466,GUJARAT,MAHARASHTRA
08,27,7,2025,694,MAHARASHTRA,RAJASTHAN
09,27,7,2025,58113,MAHARASHTRA,UTTAR PRADESH
18,27,7,2025,97,MAHARASHTRA,ASSAM
19,27,7,2025,202,MAHARASHTRA,WEST BENGAL
23,27,7,2025,1620,MAHARASHTRA,MADHYA PRADESH
29,28,7,2025,3,ANDHRA PRADESH,KARNATAKA
07,29,7,2025,2,KARNATAKA,DELHI
18,29,7,2025,5,KARNATAKA,ASSAM
23,29,7,2025,13,KARNATAKA,MADHYA PRADESH
27,29,7,2025,14,KARNATAKA,MAHARASHTRA
09,30,7,2025,684,GOA,UTTAR PRADESH
10,30,7,2025,813,GOA,BIHAR
19,30,7,2025,21,GOA,WEST BENGAL
23,30,7,2025,109,GOA,MADHYA PRADESH
29,32,7,2025,218,KERALA,KARNATAKA
07,33,7,2025,2,TAMIL NADU,DELHI
09,33,7,2025,1,TAMIL NADU,UTTAR PRADESH
23,36,7,2025,49,TELANGANA,MADHYA PRADESH
27,01,8,2025,8,JAMMU AND KASHMIR,MAHARASHTRA
06,02,8,2025,74,HIMACHAL PRADESH,HARYANA
07,02,8,2025,15,HIMACHAL PRADESH,DELHI
20,02,8,2025,32,HIMACHAL PRADESH,JHARKHAND
10,04,8,2025,19,CHANDIGARH,BIHAR
27,05,8,2025,5,UTTARAKHAND,MAHARASHTRA
07,06,8,2025,661,HARYANA,DELHI
08,07,8,2025,2321,DELHI,RAJASTHAN
09,07,8,2025,62684,DELHI,UTTAR PRADESH
20,07,8,2025,1022,DELHI,JHARKHAND
38,07,8,2025,2,DELHI,DADAR & NAGAR HAVELI & DAMAN & DIU
06,08,8,2025,1349,RAJASTHAN,HARYANA
07,09,8,2025,801,UTTAR PRADESH,DELHI
19,09,8,2025,13,UTTAR PRADESH,WEST BENGAL
18,17,8,2025,5,MEGHALAYA,ASSAM
08,19,8,2025,3,WEST BENGAL,RAJASTHAN
09,19,8,2025,317,WEST BENGAL,UTTAR PRADESH
23,19,8,2025,8,WEST BENGAL,MADHYA PRADESH
10,20,8,2025,785,JHARKHAND,BIHAR
05,27,8,2025,10,MAHARASHTRA,UTTARAKHAND
09,27,8,2025,9807,MAHARASHTRA,UTTAR PRADESH
18,27,8,2025,12,MAHARASHTRA,ASSAM
19,27,8,2025,142,MAHARASHTRA,WEST BENGAL
23,27,8,2025,140,MAHARASHTRA,MADHYA PRADESH
09,28,8,2025,10,ANDHRA PRADESH,UTTAR PRADESH
27,28,8,2025,1,ANDHRA PRADESH,MAHARASHTRA
29,28,8,2025,1,ANDHRA PRADESH,KARNATAKA
06,30,8,2025,13,GOA,HARYANA
09,30,8,2025,948,GOA,UTTAR PRADESH
23,30,8,2025,97,GOA,MADHYA PRADESH
29,32,8,2025,240,KERALA,KARNATAKA
09,33,8,2025,5,TAMIL NADU,UTTAR PRADESH
23,36,8,2025,6,TELANGANA,MADHYA PRADESH
29,36,8,2025,1,TELANGANA,KARNATAKA
07,01,9,2025,10,JAMMU AND KASHMIR,DELHI
09,01,9,2025,6397,JAMMU AND KASHMIR,UTTAR PRADESH
19,01,9,2025,5,JAMMU AND KASHMIR,WEST BENGAL
24,01,9,2025,1,JAMMU AND KASHMIR,GUJARAT
05,02,9,2025,47,HIMACHAL PRADESH,UTTARAKHAND
08,02,9,2025,8,HIMACHAL PRADESH,RAJASTHAN
05,03,9,2025,10,PUNJAB,UTTARAKHAND
21,03,9,2025,1,PUNJAB,ODISHA
23,03,9,2025,37,PUNJAB,MADHYA PRADESH
27,03,9,2025,1,PUNJAB,MAHARASHTRA
10,05,9,2025,3988,UTTARAKHAND,BIHAR
18,05,9,2025,7,UTTARAKHAND,ASSAM
20,05,9,2025,19,UTTARAKHAND,JHARKHAND
02,06,9,2025,5,HARYANA,HIMACHAL PRADESH
05,06,9,2025,217,HARYANA,UTTARAKHAND
21,06,9,2025,5,HARYANA,ODISHA
24,07,9,2025,154,DELHI,GUJARAT
07,08,9,2025,187,RAJASTHAN,DELHI
18,08,9,2025,8,RAJASTHAN,ASSAM
20,08,9,2025,85,RAJASTHAN,JHARKHAND
21,08,9,2025,2,RAJASTHAN,ODISHA
28,08,9,2025,1,RAJASTHAN,ANDHRA PRADESH
29,08,9,2025,5,RAJASTHAN,KARNATAKA
21,09,9,2025,3,UTTAR PRADESH,ODISHA
27,09,9,2025,996,UTTAR PRADESH,MAHARASHTRA
29,09,9,2025,7,UTTAR PRADESH,KARNATAKA
06,10,9,2025,735,BIHAR,HARYANA
07,10,9,2025,2859,BIHAR,DELHI
29,10,9,2025,20,BIHAR,KARNATAKA
10,16,9,2025,33,TRIPURA,BIHAR
18,16,9,2025,15,TRIPURA,ASSAM
18,17,9,2025,9,MEGHALAYA,ASSAM
05,18,9,2025,1,ASSAM,UTTARAKHAND
06,19,9,2025,5,WEST BENGAL,HARYANA
07,20,9,2025,8,JHARKHAND,DELHI
18,20,9,2025,2,JHARKHAND,ASSAM
20,23,9,2025,13,MADHYA PRADESH,JHARKHAND
10,24,9,2025,6088,GUJARAT,BIHAR
27,24,9,2025,733,GUJARAT,MAHARASHTRA
28,24,9,2025,1,GUJARAT,ANDHRA PRADESH
09,27,9,2025,48090,MAHARASHTRA,UTTAR PRADESH
10,27,9,2025,30491,MAHARASHTRA,BIHAR
24,27,9,2025,248,MAHARASHTRA,GUJARAT
30,27,9,2025,2,MAHARASHTRA,GOA
19,29,9,2025,1,KARNATAKA,WEST BENGAL
27,29,9,2025,20,KARNATAKA,MAHARASHTRA
28,29,9,2025,6,KARNATAKA,ANDHRA PRADESH
08,30,9,2025,12,GOA,RAJASTHAN
20,30,9,2025,82,GOA,JHARKHAND
23,30,9,2025,138,GOA,MADHYA PRADESH
29,30,9,2025,359,GOA,KARNATAKA
05,32,9,2025,5,KERALA,UTTARAKHAND
10,32,9,2025,1324,KERALA,BIHAR
20,32,9,2025,281,KERALA,JHARKHAND
06,36,9,2025,15,TELANGANA,HARYANA
18,36,9,2025,31,TELANGANA,ASSAM
19,36,9,2025,16,TELANGANA,WEST BENGAL
20,36,9,2025,28,TELANGANA,JHARKHAND
08,37,9,2025,1,LADAKH,RAJASTHAN
24,38,9,2025,494,DADAR & NAGAR HAVELI & DAMAN & DIU,GUJARAT
20,01,10,2025,42,JAMMU AND KASHMIR,JHARKHAND
23,01,10,2025,1337,JAMMU AND KASHMIR,MADHYA PRADESH
27,01,10,2025,1,JAMMU AND KASHMIR,MAHARASHTRA
07,02,10,2025,13,HIMACHAL PRADESH,DELHI
08,03,10,2025,3,PUNJAB,RAJASTHAN
10,03,10,2025,2145,PUNJAB,BIHAR
23,03,10,2025,26,PUNJAB,MADHYA PRADESH
10,04,10,2025,17,CHANDIGARH,BIHAR
06,05,10,2025,45,UTTARAKHAND,HARYANA
21,05,10,2025,1,UTTARAKHAND,ODISHA
27,05,10,2025,3,UTTARAKHAND,MAHARASHTRA
09,06,10,2025,25683,HARYANA,UTTAR PRADESH
23,06,10,2025,3442,HARYANA,MADHYA PRADESH
18,07,10,2025,545,DELHI,ASSAM
21,07,10,2025,178,DELHI,ODISHA
28,07,10,2025,32,DELHI,ANDHRA PRADESH
03,08,10,2025,13,RAJASTHAN,PUNJAB
06,08,10,2025,618,RAJASTHAN,HARYANA
07,08,10,2025,213,RAJASTHAN,DELHI
20,08,10,2025,99,RAJASTHAN,JHARKHAND
03,09,10,2025,42,UTTAR PRADESH,PUNJAB
05,09,10,2025,127,UTTAR PRADESH,UTTARAKHAND
06,09,10,2025,934,UTTAR PRADESH,HARYANA
18,09,10,2025,1,UTTAR PRADESH,ASSAM
27,09,10,2025,1065,UTTAR PRADESH,MAHARASHTRA
03,10,10,2025,60,BIHAR,PUNJAB
05,10,10,2025,50,BIHAR,UTTARAKHAND
08,10,10,2025,61,BIHAR,RAJASTHAN
13,10,10,2025,10,BIHAR,NAGALAND
18,10,10,2025,137,BIHAR,ASSAM
33,10,10,2025,4,BIHAR,TAMIL NADU
06,16,10,2025,1,TRIPURA,HARYANA
05,18,10,2025,1,ASSAM,UTTARAKHAND
20,19,10,2025,152,WEST BENGAL,JHARKHAND
27,19,10,2025,9,WEST BENGAL,MAHARASHTRA
33,19,10,2025,1,WEST BENGAL,TAMIL NADU
03,20,10,2025,1,JHARKHAND,PUNJAB
06,20,10,2025,6,JHARKHAND,HARYANA
09,20,10,2025,76,JHARKHAND,UTTAR PRADESH
18,20,10,2025,3,JHARKHAND,ASSAM
19,20,10,2025,3,JHARKHAND,WEST BENGAL
21,20,10,2025,1,JHARKHAND,ODISHA
23,20,10,2025,1,JHARKHAND,MADHYA PRADESH
10,22,10,2025,283,CHHATTISGARH,BIHAR
02,23,10,2025,1,MADHYA PRADESH,HIMACHAL PRADESH
07,23,10,2025,105,MADHYA PRADESH,DELHI
05,24,10,2025,36,GUJARAT,UTTARAKHAND
07,24,10,2025,42,GUJARAT,DELHI
09,24,10,2025,6689,GUJARAT,UTTAR PRADESH
19,24,10,2025,6,GUJARAT,WEST BENGAL
06,27,10,2025,136,MAHARASHTRA,HARYANA
10,27,10,2025,25535,MAHARASHTRA,BIHAR
21,27,10,2025,28,MAHARASHTRA,ODISHA
33,27,10,2025,78,MAHARASHTRA,TAMIL NADU
19,28,10,2025,1,ANDHRA PRADESH,WEST BENGAL
27,28,10,2025,3,ANDHRA PRADESH,MAHARASHTRA
29,28,10,2025,2,ANDHRA PRADESH,KARNATAKA
06,29,10,2025,1,KARNATAKA,HARYANA
19,29,10,2025,1,KARNATAKA,WEST BENGAL
18,30,10,2025,12,GOA,ASSAM
20,30,10,2025,26,GOA,JHARKHAND
23,30,10,2025,54,GOA,MADHYA PRADESH
27,30,10,2025,36,GOA,MAHARASHTRA
29,32,10,2025,217,KERALA,KARNATAKA
38,32,10,2025,1,KERALA,DADAR & NAGAR HAVELI & DAMAN & DIU
06,36,10,2025,16,TELANGANA,HARYANA
07,36,10,2025,15,TELANGANA,DELHI
08,36,10,2025,45,TELANGANA,RAJASTHAN
20,36,10,2025,37,TELANGANA,JHARKHAND
24,36,10,2025,8,TELANGANA,GUJARAT
01,32,4,2024,4,KERALA,JAMMU AND KASHMIR
06,32,4,2024,6,KERALA,HARYANA
07,32,4,2024,11,KERALA,DELHI
19,32,4,2024,86,KERALA,WEST BENGAL
07,33,4,2024,2,TAMIL NADU,DELHI
09,33,4,2024,21,TAMIL NADU,UTTAR PRADESH
16,36,4,2024,1,TELANGANA,TRIPURA
19,36,4,2024,16,TELANGANA,WEST BENGAL
24,36,4,2024,9,TELANGANA,GUJARAT
01,37,4,2024,5,LADAKH,JAMMU AND KASHMIR
05,37,4,2024,1,LADAKH,UTTARAKHAND
10,37,4,2024,8,LADAKH,BIHAR
29,38,4,2024,1,Dadar & Nagar Haveli & Daman & Diu,KARNATAKA
32,38,4,2024,4,Dadar & Nagar Haveli & Daman & Diu,KERALA
08,01,5,2024,2,JAMMU AND KASHMIR,RAJASTHAN
10,01,5,2024,1573,JAMMU AND KASHMIR,BIHAR
18,01,5,2024,2,JAMMU AND KASHMIR,ASSAM
22,01,5,2024,374,JAMMU AND KASHMIR,CHHATTISGARH
23,01,5,2024,1009,JAMMU AND KASHMIR,MADHYA PRADESH
05,02,5,2024,29,HIMACHAL PRADESH,UTTARAKHAND
06,02,5,2024,86,HIMACHAL PRADESH,HARYANA
07,02,5,2024,22,HIMACHAL PRADESH,DELHI
22,02,5,2024,3,HIMACHAL PRADESH,CHHATTISGARH
09,04,5,2024,21,CHANDIGARH,UTTAR PRADESH
08,05,5,2024,6,UTTARAKHAND,RAJASTHAN
16,06,5,2024,1,HARYANA,TRIPURA
20,06,5,2024,250,HARYANA,JHARKHAND
24,06,5,2024,8,HARYANA,GUJARAT
27,06,5,2024,21,HARYANA,MAHARASHTRA
01,07,5,2024,103,DELHI,JAMMU AND KASHMIR
06,07,5,2024,10849,DELHI,HARYANA
09,07,5,2024,179338,DELHI,UTTAR PRADESH
10,07,5,2024,174835,DELHI,BIHAR
13,07,5,2024,5,DELHI,NAGALAND
18,07,5,2024,79,DELHI,ASSAM
20,07,5,2024,2783,DELHI,JHARKHAND
21,07,5,2024,38,DELHI,ODISHA
05,08,5,2024,8,RAJASTHAN,UTTARAKHAND
07,08,5,2024,124,RAJASTHAN,DELHI
10,08,5,2024,3097,RAJASTHAN,BIHAR
19,08,5,2024,15,RAJASTHAN,WEST BENGAL
22,08,5,2024,102,RAJASTHAN,CHHATTISGARH
10,09,5,2024,341,UTTAR PRADESH,BIHAR
20,09,5,2024,42,UTTAR PRADESH,JHARKHAND
18,10,5,2024,2,BIHAR,ASSAM
28,10,5,2024,10,BIHAR,ANDHRA PRADESH
29,10,5,2024,11,BIHAR,KARNATAKA
23,11,5,2024,1,SIKKIM,MADHYA PRADESH
19,16,5,2024,1,TRIPURA,WEST BENGAL
16,17,5,2024,2,MEGHALAYA,TRIPURA
20,19,5,2024,54,WEST BENGAL,JHARKHAND
22,19,5,2024,10,WEST BENGAL,CHHATTISGARH
29,19,5,2024,1,WEST BENGAL,KARNATAKA
09,22,5,2024,59,CHHATTISGARH,UTTAR PRADESH
10,22,5,2024,101,CHHATTISGARH,BIHAR
27,22,5,2024,3,CHHATTISGARH,MAHARASHTRA
05,23,5,2024,9,MADHYA PRADESH,UTTARAKHAND
18,23,5,2024,1,MADHYA PRADESH,ASSAM
27,23,5,2024,161,MADHYA PRADESH,MAHARASHTRA
29,23,5,2024,5,MADHYA PRADESH,KARNATAKA
08,24,5,2024,438,GUJARAT,RAJASTHAN
09,24,5,2024,7135,GUJARAT,UTTAR PRADESH
16,24,5,2024,1,GUJARAT,TRIPURA
29,24,5,2024,15,GUJARAT,KARNATAKA
33,24,5,2024,3,GUJARAT,TAMIL NADU
36,24,5,2024,1,GUJARAT,TELANGANA
01,27,5,2024,5,MAHARASHTRA,JAMMU AND KASHMIR
19,27,5,2024,227,MAHARASHTRA,WEST BENGAL
20,27,5,2024,900,MAHARASHTRA,JHARKHAND
22,27,5,2024,80,MAHARASHTRA,CHHATTISGARH
07,29,5,2024,5,KARNATAKA,DELHI
19,29,5,2024,4,KARNATAKA,WEST BENGAL
32,29,5,2024,14,KARNATAKA,KERALA
10,30,5,2024,368,GOA,BIHAR
22,30,5,2024,12,GOA,CHHATTISGARH
33,30,5,2024,1,GOA,TAMIL NADU
01,32,5,2024,4,KERALA,JAMMU AND KASHMIR
08,32,5,2024,3,KERALA,RAJASTHAN
09,32,5,2024,220,KERALA,UTTAR PRADESH
16,32,5,2024,1,KERALA,TRIPURA
22,32,5,2024,3,KERALA,CHHATTISGARH
23,32,5,2024,121,KERALA,MADHYA PRADESH
28,32,5,2024,4,KERALA,ANDHRA PRADESH
09,33,5,2024,18,TAMIL NADU,UTTAR PRADESH
10,33,5,2024,173,TAMIL NADU,BIHAR
01,36,5,2024,1,TELANGANA,JAMMU AND KASHMIR
06,36,5,2024,20,TELANGANA,HARYANA
10,36,5,2024,784,TELANGANA,BIHAR
18,36,5,2024,5,TELANGANA,ASSAM
22,36,5,2024,75,TELANGANA,CHHATTISGARH
28,36,5,2024,1341,TELANGANA,ANDHRA PRADESH
10,37,5,2024,1,LADAKH,BIHAR
06,38,5,2024,4,Dadar & Nagar Haveli & Daman & Diu,HARYANA
08,38,5,2024,36,Dadar & Nagar Haveli & Daman & Diu,RAJASTHAN
20,38,5,2024,152,Dadar & Nagar Haveli & Daman & Diu,JHARKHAND
22,38,5,2024,16,Dadar & Nagar Haveli & Daman & Diu,CHHATTISGARH
23,38,5,2024,656,Dadar & Nagar Haveli & Daman & Diu,MADHYA PRADESH
27,38,5,2024,504,Dadar & Nagar Haveli & Daman & Diu,MAHARASHTRA
28,38,5,2024,1,Dadar & Nagar Haveli & Daman & Diu,ANDHRA PRADESH
29,38,5,2024,3,Dadar & Nagar Haveli & Daman & Diu,KARNATAKA
06,01,6,2024,36,JAMMU AND KASHMIR,HARYANA
27,01,6,2024,15,JAMMU AND KASHMIR,MAHARASHTRA
01,02,6,2024,1,HIMACHAL PRADESH,JAMMU AND KASHMIR
05,02,6,2024,23,HIMACHAL PRADESH,UTTARAKHAND
09,02,6,2024,12003,HIMACHAL PRADESH,UTTAR PRADESH
10,02,6,2024,3682,HIMACHAL PRADESH,BIHAR
08,04,6,2024,1,CHANDIGARH,RAJASTHAN
20,05,6,2024,2,UTTARAKHAND,JHARKHAND
05,06,6,2024,240,HARYANA,UTTARAKHAND
24,06,6,2024,13,HARYANA,GUJARAT
27,06,6,2024,22,HARYANA,MAHARASHTRA
28,06,6,2024,1,HARYANA,ANDHRA PRADESH
02,07,6,2024,109,DELHI,HIMACHAL PRADESH
24,07,6,2024,117,DELHI,GUJARAT
36,07,6,2024,8,DELHI,TELANGANA
19,08,6,2024,2,RAJASTHAN,WEST BENGAL
24,08,6,2024,30,RAJASTHAN,GUJARAT
05,09,6,2024,40,UTTAR PRADESH,UTTARAKHAND
32,09,6,2024,1,UTTAR PRADESH,KERALA
23,10,6,2024,40,BIHAR,MADHYA PRADESH
27,10,6,2024,210,BIHAR,MAHARASHTRA
23,11,6,2024,1,SIKKIM,MADHYA PRADESH
08,16,6,2024,1,TRIPURA,RAJASTHAN
19,18,6,2024,1,ASSAM,WEST BENGAL
01,23,6,2024,1,MADHYA PRADESH,JAMMU AND KASHMIR
06,23,6,2024,72,MADHYA PRADESH,HARYANA
07,23,6,2024,114,MADHYA PRADESH,DELHI
19,23,6,2024,2,MADHYA PRADESH,WEST BENGAL
19,24,6,2024,11,GUJARAT,WEST BENGAL
22,24,6,2024,38,GUJARAT,CHHATTISGARH
27,24,6,2024,1049,GUJARAT,MAHARASHTRA
19,27,6,2024,219,MAHARASHTRA,WEST BENGAL
23,27,6,2024,1129,MAHARASHTRA,MADHYA PRADESH
36,27,6,2024,15,MAHARASHTRA,TELANGANA
29,28,6,2024,1,ANDHRA PRADESH,KARNATAKA
19,29,6,2024,4,KARNATAKA,WEST BENGAL
24,29,6,2024,2,KARNATAKA,GUJARAT
27,29,6,2024,21,KARNATAKA,MAHARASHTRA
05,30,6,2024,3,GOA,UTTARAKHAND
07,30,6,2024,1,GOA,DELHI
09,30,6,2024,526,GOA,UTTAR PRADESH
27,30,6,2024,102,GOA,MAHARASHTRA
29,30,6,2024,342,GOA,KARNATAKA
07,32,6,2024,11,KERALA,DELHI
08,36,6,2024,136,TELANGANA,RAJASTHAN
22,36,6,2024,105,TELANGANA,CHHATTISGARH
24,36,6,2024,2,TELANGANA,GUJARAT
29,36,6,2024,556,TELANGANA,KARNATAKA
08,37,6,2024,4,LADAKH,RAJASTHAN
07,38,6,2024,3,Dadar & Nagar Haveli & Daman & Diu,DELHI
09,38,6,2024,2520,Dadar & Nagar Haveli & Daman & Diu,UTTAR PRADESH
27,38,6,2024,517,Dadar & Nagar Haveli & Daman & Diu,MAHARASHTRA
32,38,6,2024,3,Dadar & Nagar Haveli & Daman & Diu,KERALA
33,38,6,2024,1,Dadar & Nagar Haveli & Daman & Diu,TAMIL NADU
18,01,7,2024,5,JAMMU AND KASHMIR,ASSAM
27,01,7,2024,36,JAMMU AND KASHMIR,MAHARASHTRA
05,02,7,2024,29,HIMACHAL PRADESH,UTTARAKHAND
06,02,7,2024,71,HIMACHAL PRADESH,HARYANA
07,02,7,2024,37,HIMACHAL PRADESH,DELHI
09,02,7,2024,11241,HIMACHAL PRADESH,UTTAR PRADESH
19,02,7,2024,14,HIMACHAL PRADESH,WEST BENGAL
20,02,7,2024,59,HIMACHAL PRADESH,JHARKHAND
10,03,7,2024,936,PUNJAB,BIHAR
23,03,7,2024,9,PUNJAB,MADHYA PRADESH
27,03,7,2024,1,PUNJAB,MAHARASHTRA
19,05,7,2024,5,UTTARAKHAND,WEST BENGAL
08,06,7,2024,1359,HARYANA,RAJASTHAN
09,06,7,2024,29516,HARYANA,UTTAR PRADESH
28,06,7,2024,1,HARYANA,ANDHRA PRADESH
29,06,7,2024,1,HARYANA,KARNATAKA
01,07,7,2024,49,DELHI,JAMMU AND KASHMIR
13,07,7,2024,1,DELHI,NAGALAND
22,07,7,2024,394,DELHI,CHHATTISGARH
36,07,7,2024,13,DELHI,TELANGANA
07,08,7,2024,116,RAJASTHAN,DELHI
06,09,7,2024,637,UTTAR PRADESH,HARYANA
27,10,7,2024,325,BIHAR,MAHARASHTRA
09,16,7,2024,2,TRIPURA,UTTAR PRADESH
18,16,7,2024,15,TRIPURA,ASSAM
07,19,7,2024,46,WEST BENGAL,DELHI
10,19,7,2024,3187,WEST BENGAL,BIHAR
16,19,7,2024,2,WEST BENGAL,TRIPURA
22,19,7,2024,5,WEST BENGAL,CHHATTISGARH
29,19,7,2024,2,WEST BENGAL,KARNATAKA
06,22,7,2024,11,CHHATTISGARH,HARYANA
08,22,7,2024,3,CHHATTISGARH,RAJASTHAN
19,22,7,2024,2,CHHATTISGARH,WEST BENGAL
27,23,7,2024,169,MADHYA PRADESH,MAHARASHTRA
05,24,7,2024,19,GUJARAT,UTTARAKHAND
08,24,7,2024,894,GUJARAT,RAJASTHAN
10,24,7,2024,4000,GUJARAT,BIHAR
18,24,7,2024,2,GUJARAT,ASSAM
20,24,7,2024,163,GUJARAT,JHARKHAND
22,24,7,2024,50,GUJARAT,CHHATTISGARH
28,24,7,2024,5,GUJARAT,ANDHRA PRADESH
32,24,7,2024,4,GUJARAT,KERALA
33,24,7,2024,3,GUJARAT,TAMIL NADU
06,27,7,2024,225,MAHARASHTRA,HARYANA
07,27,7,2024,55,MAHARASHTRA,DELHI
10,27,7,2024,14338,MAHARASHTRA,BIHAR
28,27,7,2024,30,MAHARASHTRA,ANDHRA PRADESH
32,27,7,2024,3,MAHARASHTRA,KERALA
36,27,7,2024,18,MAHARASHTRA,TELANGANA
05,29,7,2024,1,KARNATAKA,UTTARAKHAND
10,29,7,2024,241,KARNATAKA,BIHAR
20,29,7,2024,3,KARNATAKA,JHARKHAND
28,29,7,2024,12,KARNATAKA,ANDHRA PRADESH
01,30,7,2024,1,GOA,JAMMU AND KASHMIR
07,30,7,2024,2,GOA,DELHI
05,01,1,2025,14,JAMMU AND KASHMIR,UTTARAKHAND
19,01,1,2025,19,JAMMU AND KASHMIR,WEST BENGAL
22,01,1,2025,94,JAMMU AND KASHMIR,CHHATTISGARH
20,03,1,2025,42,PUNJAB,JHARKHAND
10,04,1,2025,24,CHANDIGARH,BIHAR
09,05,1,2025,15621,UTTARAKHAND,UTTAR PRADESH
33,05,1,2025,1,UTTARAKHAND,TAMIL NADU
07,06,1,2025,877,HARYANA,DELHI
27,06,1,2025,10,HARYANA,MAHARASHTRA
01,07,1,2025,280,DELHI,JAMMU AND KASHMIR
20,07,1,2025,4048,DELHI,JHARKHAND
29,07,1,2025,16,DELHI,KARNATAKA
06,08,1,2025,1339,RAJASTHAN,HARYANA
28,08,1,2025,4,RAJASTHAN,ANDHRA PRADESH
05,09,1,2025,87,UTTAR PRADESH,UTTARAKHAND
07,09,1,2025,1870,UTTAR PRADESH,DELHI
18,09,1,2025,43,UTTAR PRADESH,ASSAM
23,09,1,2025,933,UTTAR PRADESH,MADHYA PRADESH
24,09,1,2025,59,UTTAR PRADESH,GUJARAT
19,10,1,2025,430,BIHAR,WEST BENGAL
22,10,1,2025,91,BIHAR,CHHATTISGARH
38,10,1,2025,3,BIHAR,DADAR & NAGAR HAVELI & DAMAN & DIU
19,11,1,2025,1,SIKKIM,WEST BENGAL
06,16,1,2025,1,TRIPURA,HARYANA
18,16,1,2025,24,TRIPURA,ASSAM
18,17,1,2025,5,MEGHALAYA,ASSAM
08,18,1,2025,2,ASSAM,RAJASTHAN
06,19,1,2025,16,WEST BENGAL,HARYANA
09,19,1,2025,351,WEST BENGAL,UTTAR PRADESH
10,19,1,2025,6079,WEST BENGAL,BIHAR
23,19,1,2025,7,WEST BENGAL,MADHYA PRADESH
27,19,1,2025,10,WEST BENGAL,MAHARASHTRA
07,20,1,2025,50,JHARKHAND,DELHI
08,20,1,2025,4,JHARKHAND,RAJASTHAN
07,22,1,2025,10,CHHATTISGARH,DELHI
27,22,1,2025,9,CHHATTISGARH,MAHARASHTRA
08,23,1,2025,476,MADHYA PRADESH,RAJASTHAN
09,23,1,2025,4808,MADHYA PRADESH,UTTAR PRADESH
19,23,1,2025,2,MADHYA PRADESH,WEST BENGAL
09,24,1,2025,12378,GUJARAT,UTTAR PRADESH
28,24,1,2025,4,GUJARAT,ANDHRA PRADESH
33,24,1,2025,9,GUJARAT,TAMIL NADU
36,24,1,2025,2,GUJARAT,TELANGANA
05,27,1,2025,87,MAHARASHTRA,UTTARAKHAND
10,27,1,2025,27596,MAHARASHTRA,BIHAR
23,27,1,2025,1512,MAHARASHTRA,MADHYA PRADESH
29,27,1,2025,428,MAHARASHTRA,KARNATAKA
36,27,1,2025,29,MAHARASHTRA,TELANGANA
10,29,1,2025,503,KARNATAKA,BIHAR
19,29,1,2025,2,KARNATAKA,WEST BENGAL
20,29,1,2025,36,KARNATAKA,JHARKHAND
23,29,1,2025,31,KARNATAKA,MADHYA PRADESH
05,30,1,2025,5,GOA,UTTARAKHAND
06,30,1,2025,8,GOA,HARYANA
20,30,1,2025,106,GOA,JHARKHAND
32,30,1,2025,2,GOA,KERALA
05,32,1,2025,7,KERALA,UTTARAKHAND
06,32,1,2025,10,KERALA,HARYANA
10,32,1,2025,1120,KERALA,BIHAR
20,32,1,2025,276,KERALA,JHARKHAND
24,32,1,2025,2,KERALA,GUJARAT
27,32,1,2025,77,KERALA,MAHARASHTRA
28,32,1,2025,20,KERALA,ANDHRA PRADESH
10,33,1,2025,134,TAMIL NADU,BIHAR
20,33,1,2025,5,TAMIL NADU,JHARKHAND
23,33,1,2025,1,TAMIL NADU,MADHYA PRADESH
06,35,1,2025,1,ANDAMAN AND NICOBAR ISLANDS,HARYANA
19,36,1,2025,14,TELANGANA,WEST BENGAL
27,36,1,2025,749,TELANGANA,MAHARASHTRA
06,38,1,2025,12,DADAR & NAGAR HAVELI & DAMAN & DIU,HARYANA
07,38,1,2025,4,DADAR & NAGAR HAVELI & DAMAN & DIU,DELHI
08,38,1,2025,58,DADAR & NAGAR HAVELI & DAMAN & DIU,RAJASTHAN
10,38,1,2025,4705,DADAR & NAGAR HAVELI & DAMAN & DIU,BIHAR
20,38,1,2025,262,DADAR & NAGAR HAVELI & DAMAN & DIU,JHARKHAND
28,38,1,2025,1,DADAR & NAGAR HAVELI & DAMAN & DIU,ANDHRA PRADESH
07,01,2,2025,6,JAMMU AND KASHMIR,DELHI
23,01,2,2025,1560,JAMMU AND KASHMIR,MADHYA PRADESH
03,02,2,2025,1,HIMACHAL PRADESH,PUNJAB
05,02,2,2025,59,HIMACHAL PRADESH,UTTARAKHAND
09,02,2,2025,13967,HIMACHAL PRADESH,UTTAR PRADESH
09,03,2,2025,2683,PUNJAB,UTTAR PRADESH
19,03,2,2025,8,PUNJAB,WEST BENGAL
33,03,2,2025,1,PUNJAB,TAMIL NADU
10,04,2,2025,19,CHANDIGARH,BIHAR
02,06,2,2025,5,HARYANA,HIMACHAL PRADESH
28,06,2,2025,1,HARYANA,ANDHRA PRADESH
29,06,2,2025,1,HARYANA,KARNATAKA
19,08,2,2025,41,RAJASTHAN,WEST BENGAL
24,08,2,2025,115,RAJASTHAN,GUJARAT
27,08,2,2025,36,RAJASTHAN,MAHARASHTRA
28,08,2,2025,5,RAJASTHAN,ANDHRA PRADESH
05,09,2,2025,94,UTTAR PRADESH,UTTARAKHAND
23,09,2,2025,859,UTTAR PRADESH,MADHYA PRADESH
33,09,2,2025,5,UTTAR PRADESH,TAMIL NADU
23,10,2,2025,169,BIHAR,MADHYA PRADESH
28,10,2,2025,8,BIHAR,ANDHRA PRADESH
19,16,2,2025,2,TRIPURA,WEST BENGAL
07,18,2,2025,1,ASSAM,DELHI
09,18,2,2025,5,ASSAM,UTTAR PRADESH
03,19,2,2025,1,WEST BENGAL,PUNJAB
07,19,2,2025,74,WEST BENGAL,DELHI
08,19,2,2025,3,WEST BENGAL,RAJASTHAN
09,19,2,2025,351,WEST BENGAL,UTTAR PRADESH
27,19,2,2025,11,WEST BENGAL,MAHARASHTRA
06,20,2,2025,26,JHARKHAND,HARYANA
19,20,2,2025,4,JHARKHAND,WEST BENGAL
32,20,2,2025,1,JHARKHAND,KERALA
06,22,2,2025,16,CHHATTISGARH,HARYANA
27,22,2,2025,10,CHHATTISGARH,MAHARASHTRA
28,22,2,2025,3,CHHATTISGARH,ANDHRA PRADESH
33,22,2,2025,2,CHHATTISGARH,TAMIL NADU
05,23,2,2025,15,MADHYA PRADESH,UTTARAKHAND
24,23,2,2025,46,MADHYA PRADESH,GUJARAT
28,23,2,2025,2,MADHYA PRADESH,ANDHRA PRADESH
32,23,2,2025,5,MADHYA PRADESH,KERALA
36,24,2,2025,2,GUJARAT,TELANGANA
01,27,2,2025,3,MAHARASHTRA,JAMMU AND KASHMIR
08,27,2,2025,707,MAHARASHTRA,RAJASTHAN
24,27,2,2025,368,MAHARASHTRA,GUJARAT
36,27,2,2025,31,MAHARASHTRA,TELANGANA
07,29,2,2025,4,KARNATAKA,DELHI
20,29,2,2025,31,KARNATAKA,JHARKHAND
23,29,2,2025,32,KARNATAKA,MADHYA PRADESH
19,30,2,2025,23,GOA,WEST BENGAL
24,30,2,2025,2,GOA,GUJARAT
27,30,2,2025,138,GOA,MAHARASHTRA
29,30,2,2025,617,GOA,KARNATAKA
08,32,2,2025,15,KERALA,RAJASTHAN
19,32,2,2025,214,KERALA,WEST BENGAL
23,32,2,2025,347,KERALA,MADHYA PRADESH
33,32,2,2025,642,KERALA,TAMIL NADU
07,33,2,2025,1,TAMIL NADU,DELHI
20,33,2,2025,10,TAMIL NADU,JHARKHAND
20,35,2,2025,2,ANDAMAN AND NICOBAR ISLANDS,JHARKHAND
10,36,2,2025,1739,TELANGANA,BIHAR
10,37,2,2025,7,LADAKH,BIHAR
06,38,2,2025,10,DADAR & NAGAR HAVELI & DAMAN & DIU,HARYANA
08,38,2,2025,43,DADAR & NAGAR HAVELI & DAMAN & DIU,RAJASTHAN
09,38,2,2025,3563,DADAR & NAGAR HAVELI & DAMAN & DIU,UTTAR PRADESH
05,01,3,2025,11,JAMMU AND KASHMIR,UTTARAKHAND
06,01,3,2025,28,JAMMU AND KASHMIR,HARYANA
10,02,3,2025,4757,HIMACHAL PRADESH,BIHAR
07,03,3,2025,31,PUNJAB,DELHI
10,03,3,2025,3303,PUNJAB,BIHAR
01,05,3,2025,1,UTTARAKHAND,JAMMU AND KASHMIR
24,05,3,2025,5,UTTARAKHAND,GUJARAT
01,06,3,2025,5,HARYANA,JAMMU AND KASHMIR
08,06,3,2025,571,HARYANA,RAJASTHAN
20,06,3,2025,483,HARYANA,JHARKHAND
21,06,3,2025,6,HARYANA,ODISHA
02,07,3,2025,54,DELHI,HIMACHAL PRADESH
09,07,3,2025,203662,DELHI,UTTAR PRADESH
33,07,3,2025,52,DELHI,TAMIL NADU
36,07,3,2025,16,DELHI,TELANGANA
38,07,3,2025,1,DELHI,DADAR & NAGAR HAVELI & DAMAN & DIU
03,08,3,2025,24,RAJASTHAN,PUNJAB
09,08,3,2025,12410,RAJASTHAN,UTTAR PRADESH
19,08,3,2025,23,RAJASTHAN,WEST BENGAL
05,09,3,2025,11,UTTAR PRADESH,UTTARAKHAND
21,09,3,2025,2,UTTAR PRADESH,ODISHA
07,10,3,2025,2905,BIHAR,DELHI
16,10,3,2025,2,BIHAR,TRIPURA
23,10,3,2025,179,BIHAR,MADHYA PRADESH
33,10,3,2025,2,BIHAR,TAMIL NADU
06,16,3,2025,1,TRIPURA,HARYANA
18,16,3,2025,23,TRIPURA,ASSAM
23,16,3,2025,1,TRIPURA,MADHYA PRADESH
10,17,3,2025,8,MEGHALAYA,BIHAR
20,17,3,2025,1,MEGHALAYA,JHARKHAND
29,18,3,2025,1,ASSAM,KARNATAKA
21,19,3,2025,6,WEST BENGAL,ODISHA
23,19,3,2025,9,WEST BENGAL,MADHYA PRADESH
24,19,3,2025,3,WEST BENGAL,GUJARAT
03,20,3,2025,1,JHARKHAND,PUNJAB
24,20,3,2025,1,JHARKHAND,GUJARAT
28,20,3,2025,1,JHARKHAND,ANDHRA PRADESH
08,22,3,2025,2,CHHATTISGARH,RAJASTHAN
19,22,3,2025,5,CHHATTISGARH,WEST BENGAL
21,22,3,2025,2,CHHATTISGARH,ODISHA
23,22,3,2025,274,CHHATTISGARH,MADHYA PRADESH
21,23,3,2025,1,MADHYA PRADESH,ODISHA
27,23,3,2025,250,MADHYA PRADESH,MAHARASHTRA
32,23,3,2025,1,MADHYA PRADESH,KERALA
03,24,3,2025,2,GUJARAT,PUNJAB
05,24,3,2025,39,GUJARAT,UTTARAKHAND
06,24,3,2025,232,GUJARAT,HARYANA
09,24,3,2025,13087,GUJARAT,UTTAR PRADESH
10,24,3,2025,7140,GUJARAT,BIHAR
19,24,3,2025,21,GUJARAT,WEST BENGAL
21,24,3,2025,32,GUJARAT,ODISHA
29,24,3,2025,10,GUJARAT,KARNATAKA
02,27,3,2025,1,MAHARASHTRA,HIMACHAL PRADESH
03,27,3,2025,5,MAHARASHTRA,PUNJAB
16,27,3,2025,4,MAHARASHTRA,TRIPURA
20,27,3,2025,1934,MAHARASHTRA,JHARKHAND
29,27,3,2025,396,MAHARASHTRA,KARNATAKA
32,27,3,2025,3,MAHARASHTRA,KERALA
38,27,3,2025,3,MAHARASHTRA,DADAR & NAGAR HAVELI & DAMAN & DIU
09,28,3,2025,1,ANDHRA PRADESH,UTTAR PRADESH
10,28,3,2025,2,ANDHRA PRADESH,BIHAR
01,30,3,2025,3,GOA,JAMMU AND KASHMIR
05,30,3,2025,5,GOA,UTTARAKHAND
23,30,3,2025,110,GOA,MADHYA PRADESH
27,30,3,2025,127,GOA,MAHARASHTRA
03,32,3,2025,1,KERALA,PUNJAB
22,32,1,2024,12,KERALA,CHHATTISGARH
07,33,1,2024,1,TAMIL NADU,DELHI
32,33,1,2024,3,TAMIL NADU,KERALA
32,35,1,2024,1,ANDAMAN AND NICOBAR ISLANDS,KERALA
33,35,1,2024,11,ANDAMAN AND NICOBAR ISLANDS,TAMIL NADU
08,36,1,2024,25,TELANGANA,RAJASTHAN
10,36,1,2024,545,TELANGANA,BIHAR
22,36,1,2024,109,TELANGANA,CHHATTISGARH
24,36,1,2024,7,TELANGANA,GUJARAT
28,36,1,2024,1282,TELANGANA,ANDHRA PRADESH
08,38,1,2024,40,Dadar & Nagar Haveli & Daman & Diu,RAJASTHAN
09,38,1,2024,2309,Dadar & Nagar Haveli & Daman & Diu,UTTAR PRADESH
18,38,1,2024,13,Dadar & Nagar Haveli & Daman & Diu,ASSAM
24,38,1,2024,493,Dadar & Nagar Haveli & Daman & Diu,GUJARAT
29,38,1,2024,1,Dadar & Nagar Haveli & Daman & Diu,KARNATAKA
06,01,2,2024,32,JAMMU AND KASHMIR,HARYANA
08,01,2,2024,2,JAMMU AND KASHMIR,RAJASTHAN
20,01,2,2024,18,JAMMU AND KASHMIR,JHARKHAND
18,02,2,2024,1,HIMACHAL PRADESH,ASSAM
20,02,2,2024,50,HIMACHAL PRADESH,JHARKHAND
06,03,2,2024,4,PUNJAB,HARYANA
09,04,2,2024,19,CHANDIGARH,UTTAR PRADESH
20,05,2,2024,1,UTTARAKHAND,JHARKHAND
09,06,2,2024,28159,HARYANA,UTTAR PRADESH
20,06,2,2024,211,HARYANA,JHARKHAND
24,06,2,2024,26,HARYANA,GUJARAT
27,06,2,2024,20,HARYANA,MAHARASHTRA
19,07,2,2024,1806,DELHI,WEST BENGAL
29,07,2,2024,9,DELHI,KARNATAKA
07,08,2,2024,137,RAJASTHAN,DELHI
18,08,2,2024,6,RAJASTHAN,ASSAM
29,08,2,2024,6,RAJASTHAN,KARNATAKA
28,10,2,2024,7,BIHAR,ANDHRA PRADESH
09,11,2,2024,4,SIKKIM,UTTAR PRADESH
06,16,2,2024,1,TRIPURA,HARYANA
09,16,2,2024,2,TRIPURA,UTTAR PRADESH
10,16,2,2024,824,TRIPURA,BIHAR
10,17,2,2024,6,MEGHALAYA,BIHAR
07,19,2,2024,36,WEST BENGAL,DELHI
07,20,2,2024,38,JHARKHAND,DELHI
19,20,2,2024,4,JHARKHAND,WEST BENGAL
05,22,2,2024,1,CHHATTISGARH,UTTARAKHAND
09,22,2,2024,91,CHHATTISGARH,UTTAR PRADESH
23,22,2,2024,122,CHHATTISGARH,MADHYA PRADESH
21,23,2,2024,2,MADHYA PRADESH,ODISHA
05,24,2,2024,23,GUJARAT,UTTARAKHAND
08,24,2,2024,101,GUJARAT,RAJASTHAN
16,24,2,2024,1,GUJARAT,TRIPURA
21,24,2,2024,7,GUJARAT,ODISHA
07,27,2,2024,71,MAHARASHTRA,DELHI
08,27,2,2024,259,MAHARASHTRA,RAJASTHAN
19,27,2,2024,246,MAHARASHTRA,WEST BENGAL
22,28,2,2024,1,ANDHRA PRADESH,CHHATTISGARH
07,29,2,2024,2,KARNATAKA,DELHI
28,29,2,2024,24,KARNATAKA,ANDHRA PRADESH
08,30,2,2024,7,GOA,RAJASTHAN
19,30,2,2024,13,GOA,WEST BENGAL
27,30,2,2024,80,GOA,MAHARASHTRA
32,30,2,2024,2,GOA,KERALA
20,32,2,2024,63,KERALA,JHARKHAND
21,32,2,2024,8,KERALA,ODISHA
10,33,2,2024,158,TAMIL NADU,BIHAR
19,35,2,2024,13,ANDAMAN AND NICOBAR ISLANDS,WEST BENGAL
20,35,2,2024,3,ANDAMAN AND NICOBAR ISLANDS,JHARKHAND
22,35,2,2024,2,ANDAMAN AND NICOBAR ISLANDS,CHHATTISGARH
05,36,2,2024,1,TELANGANA,UTTARAKHAND
08,36,2,2024,23,TELANGANA,RAJASTHAN
18,36,2,2024,23,TELANGANA,ASSAM
29,36,2,2024,539,TELANGANA,KARNATAKA
01,37,2,2024,3,LADAKH,JAMMU AND KASHMIR
09,38,2,2024,2254,Dadar & Nagar Haveli & Daman & Diu,UTTAR PRADESH
07,01,3,2024,3,JAMMU AND KASHMIR,DELHI
05,02,3,2024,32,HIMACHAL PRADESH,UTTARAKHAND
08,02,3,2024,3,HIMACHAL PRADESH,RAJASTHAN
32,03,3,2024,1,PUNJAB,KERALA
05,04,3,2024,5,CHANDIGARH,UTTARAKHAND
23,04,3,2024,1,CHANDIGARH,MADHYA PRADESH
07,05,3,2024,149,UTTARAKHAND,DELHI
08,05,3,2024,5,UTTARAKHAND,RAJASTHAN
19,05,3,2024,5,UTTARAKHAND,WEST BENGAL
20,05,3,2024,2,UTTARAKHAND,JHARKHAND
21,06,3,2024,8,HARYANA,ODISHA
24,06,3,2024,21,HARYANA,GUJARAT
02,07,3,2024,113,DELHI,HIMACHAL PRADESH
06,07,3,2024,9221,DELHI,HARYANA
09,07,3,2024,169401,DELHI,UTTAR PRADESH
28,07,3,2024,12,DELHI,ANDHRA PRADESH
07,08,3,2024,143,RAJASTHAN,DELHI
28,08,3,2024,1,RAJASTHAN,ANDHRA PRADESH
33,08,3,2024,1,RAJASTHAN,TAMIL NADU
07,09,3,2024,54,UTTAR PRADESH,DELHI
08,09,3,2024,1,UTTAR PRADESH,RAJASTHAN
19,11,3,2024,1,SIKKIM,WEST BENGAL
09,16,3,2024,2,TRIPURA,UTTAR PRADESH
16,17,3,2024,3,MEGHALAYA,TRIPURA
01,19,3,2024,1,WEST BENGAL,JAMMU AND KASHMIR
06,19,3,2024,7,WEST BENGAL,HARYANA
21,19,3,2024,2,WEST BENGAL,ODISHA
22,19,3,2024,14,WEST BENGAL,CHHATTISGARH
05,20,3,2024,2,JHARKHAND,UTTARAKHAND
07,20,3,2024,42,JHARKHAND,DELHI
09,20,3,2024,80,JHARKHAND,UTTAR PRADESH
19,20,3,2024,3,JHARKHAND,WEST BENGAL
22,20,3,2024,37,JHARKHAND,CHHATTISGARH
01,23,3,2024,1,MADHYA PRADESH,JAMMU AND KASHMIR
07,23,3,2024,89,MADHYA PRADESH,DELHI
09,23,3,2024,1647,MADHYA PRADESH,UTTAR PRADESH
18,23,3,2024,1,MADHYA PRADESH,ASSAM
29,23,3,2024,3,MADHYA PRADESH,KARNATAKA
29,24,3,2024,15,GUJARAT,KARNATAKA
01,27,3,2024,11,MAHARASHTRA,JAMMU AND KASHMIR
05,27,3,2024,51,MAHARASHTRA,UTTARAKHAND
21,27,3,2024,14,MAHARASHTRA,ODISHA
23,27,3,2024,1016,MAHARASHTRA,MADHYA PRADESH
32,27,3,2024,17,MAHARASHTRA,KERALA
01,29,3,2024,1,KARNATAKA,JAMMU AND KASHMIR
05,29,3,2024,1,KARNATAKA,UTTARAKHAND
07,29,3,2024,3,KARNATAKA,DELHI
33,29,3,2024,7,KARNATAKA,TAMIL NADU
05,30,3,2024,4,GOA,UTTARAKHAND
32,30,3,2024,4,GOA,KERALA
33,30,3,2024,2,GOA,TAMIL NADU
05,32,3,2024,1,KERALA,UTTARAKHAND
06,32,3,2024,7,KERALA,HARYANA
23,32,3,2024,157,KERALA,MADHYA PRADESH
27,32,3,2024,74,KERALA,MAHARASHTRA
10,33,3,2024,186,TAMIL NADU,BIHAR
18,33,3,2024,1,TAMIL NADU,ASSAM
29,33,3,2024,2,TAMIL NADU,KARNATAKA
05,36,3,2024,2,TELANGANA,UTTARAKHAND
07,36,3,2024,8,TELANGANA,DELHI
18,36,3,2024,9,TELANGANA,ASSAM
28,36,3,2024,1445,TELANGANA,ANDHRA PRADESH
32,36,3,2024,3,TELANGANA,KERALA
10,37,3,2024,5,LADAKH,BIHAR
05,38,3,2024,13,Dadar & Nagar Haveli & Daman & Diu,UTTARAKHAND
19,38,3,2024,40,Dadar & Nagar Haveli & Daman & Diu,WEST BENGAL
20,38,3,2024,152,Dadar & Nagar Haveli & Daman & Diu,JHARKHAND
21,38,3,2024,11,Dadar & Nagar Haveli & Daman & Diu,ODISHA
22,38,3,2024,25,Dadar & Nagar Haveli & Daman & Diu,CHHATTISGARH
28,38,3,2024,1,Dadar & Nagar Haveli & Daman & Diu,ANDHRA PRADESH
29,38,3,2024,3,Dadar & Nagar Haveli & Daman & Diu,KARNATAKA
08,01,4,2024,5,JAMMU AND KASHMIR,RAJASTHAN
23,01,4,2024,1015,JAMMU AND KASHMIR,MADHYA PRADESH
23,02,4,2024,193,HIMACHAL PRADESH,MADHYA PRADESH
06,03,4,2024,14,PUNJAB,HARYANA
05,04,4,2024,10,CHANDIGARH,UTTARAKHAND
22,05,4,2024,18,UTTARAKHAND,CHHATTISGARH
23,05,4,2024,34,UTTARAKHAND,MADHYA PRADESH
27,05,4,2024,6,UTTARAKHAND,MAHARASHTRA
01,06,4,2024,11,HARYANA,JAMMU AND KASHMIR
05,06,4,2024,273,HARYANA,UTTARAKHAND
09,06,4,2024,28311,HARYANA,UTTAR PRADESH
10,06,4,2024,23501,HARYANA,BIHAR
19,06,4,2024,167,HARYANA,WEST BENGAL
23,06,4,2024,2692,HARYANA,MADHYA PRADESH
27,06,4,2024,21,HARYANA,MAHARASHTRA
32,06,4,2024,1,HARYANA,KERALA
36,06,4,2024,1,HARYANA,TELANGANA
01,07,4,2024,121,DELHI,JAMMU AND KASHMIR
05,07,4,2024,5623,DELHI,UTTARAKHAND
23,07,4,2024,15751,DELHI,MADHYA PRADESH
24,07,4,2024,173,DELHI,GUJARAT
05,08,4,2024,9,RAJASTHAN,UTTARAKHAND
06,08,4,2024,691,RAJASTHAN,HARYANA
22,08,4,2024,135,RAJASTHAN,CHHATTISGARH
27,08,4,2024,30,RAJASTHAN,MAHARASHTRA
28,08,4,2024,1,RAJASTHAN,ANDHRA PRADESH
27,09,4,2024,7,UTTAR PRADESH,MAHARASHTRA
07,10,4,2024,1648,BIHAR,DELHI
20,10,4,2024,1201,BIHAR,JHARKHAND
19,11,4,2024,1,SIKKIM,WEST BENGAL
09,16,4,2024,2,TRIPURA,UTTAR PRADESH
18,16,4,2024,9,TRIPURA,ASSAM
19,16,4,2024,2,TRIPURA,WEST BENGAL
18,17,4,2024,3,MEGHALAYA,ASSAM
19,18,4,2024,1,ASSAM,WEST BENGAL
10,19,4,2024,2853,WEST BENGAL,BIHAR
22,19,4,2024,12,WEST BENGAL,CHHATTISGARH
29,19,4,2024,2,WEST BENGAL,KARNATAKA
09,20,4,2024,67,JHARKHAND,UTTAR PRADESH
05,22,4,2024,1,CHHATTISGARH,UTTARAKHAND
08,22,4,2024,22,CHHATTISGARH,RAJASTHAN
28,22,4,2024,1,CHHATTISGARH,ANDHRA PRADESH
01,23,4,2024,1,MADHYA PRADESH,JAMMU AND KASHMIR
27,23,4,2024,158,MADHYA PRADESH,MAHARASHTRA
07,24,4,2024,70,GUJARAT,DELHI
24,27,4,2024,259,MAHARASHTRA,GUJARAT
29,27,4,2024,225,MAHARASHTRA,KARNATAKA
05,29,4,2024,1,KARNATAKA,UTTARAKHAND
08,29,4,2024,1,KARNATAKA,RAJASTHAN
19,29,4,2024,5,KARNATAKA,WEST BENGAL
20,29,4,2024,4,KARNATAKA,JHARKHAND
05,30,4,2024,4,GOA,UTTARAKHAND
09,30,4,2024,434,GOA,UTTAR PRADESH
19,30,4,2024,18,GOA,WEST BENGAL
22,30,4,2024,22,GOA,CHHATTISGARH
33,30,7,2024,2,GOA,TAMIL NADU
07,32,7,2024,12,KERALA,DELHI
09,32,7,2024,235,KERALA,UTTAR PRADESH
16,32,7,2024,3,KERALA,TRIPURA
23,32,7,2024,240,KERALA,MADHYA PRADESH
29,32,7,2024,283,KERALA,KARNATAKA
08,33,7,2024,10,TAMIL NADU,RAJASTHAN
29,33,7,2024,2,TAMIL NADU,KARNATAKA
32,33,7,2024,3,TAMIL NADU,KERALA
06,36,7,2024,40,TELANGANA,HARYANA
08,36,7,2024,94,TELANGANA,RAJASTHAN
27,36,7,2024,1258,TELANGANA,MAHARASHTRA
33,36,7,2024,11,TELANGANA,TAMIL NADU
10,38,7,2024,3531,Dadar & Nagar Haveli & Daman & Diu,BIHAR
29,38,7,2024,2,Dadar & Nagar Haveli & Daman & Diu,KARNATAKA
32,38,7,2024,3,Dadar & Nagar Haveli & Daman & Diu,KERALA
24,01,8,2024,1,JAMMU AND KASHMIR,GUJARAT
27,01,8,2024,3,JAMMU AND KASHMIR,MAHARASHTRA
01,02,8,2024,2,HIMACHAL PRADESH,JAMMU AND KASHMIR
07,02,8,2024,27,HIMACHAL PRADESH,DELHI
08,02,8,2024,12,HIMACHAL PRADESH,RAJASTHAN
08,03,8,2024,10,PUNJAB,RAJASTHAN
19,03,8,2024,4,PUNJAB,WEST BENGAL
20,03,8,2024,11,PUNJAB,JHARKHAND
24,03,8,2024,1,PUNJAB,GUJARAT
09,05,8,2024,10875,UTTARAKHAND,UTTAR PRADESH
19,05,8,2024,5,UTTARAKHAND,WEST BENGAL
22,05,8,2024,21,UTTARAKHAND,CHHATTISGARH
09,06,8,2024,28428,HARYANA,UTTAR PRADESH
10,06,8,2024,29631,HARYANA,BIHAR
19,06,8,2024,203,HARYANA,WEST BENGAL
23,06,8,2024,5355,HARYANA,MADHYA PRADESH
36,07,8,2024,8,DELHI,TELANGANA
09,08,8,2024,2500,RAJASTHAN,UTTAR PRADESH
18,09,8,2024,6,UTTAR PRADESH,ASSAM
23,09,8,2024,289,UTTAR PRADESH,MADHYA PRADESH
36,09,8,2024,2,UTTAR PRADESH,TELANGANA
13,10,8,2024,4,BIHAR,NAGALAND
29,10,8,2024,19,BIHAR,KARNATAKA
33,10,8,2024,4,BIHAR,TAMIL NADU
36,10,8,2024,22,BIHAR,TELANGANA
10,17,8,2024,8,MEGHALAYA,BIHAR
06,19,8,2024,16,WEST BENGAL,HARYANA
18,19,8,2024,5,WEST BENGAL,ASSAM
20,19,8,2024,52,WEST BENGAL,JHARKHAND
27,19,8,2024,11,WEST BENGAL,MAHARASHTRA
06,20,8,2024,15,JHARKHAND,HARYANA
19,20,8,2024,4,JHARKHAND,WEST BENGAL
28,20,8,2024,2,JHARKHAND,ANDHRA PRADESH
05,22,8,2024,1,CHHATTISGARH,UTTARAKHAND
08,22,8,2024,2,CHHATTISGARH,RAJASTHAN
09,22,8,2024,131,CHHATTISGARH,UTTAR PRADESH
19,22,8,2024,3,CHHATTISGARH,WEST BENGAL
05,23,8,2024,9,MADHYA PRADESH,UTTARAKHAND
10,23,8,2024,1408,MADHYA PRADESH,BIHAR
27,23,8,2024,166,MADHYA PRADESH,MAHARASHTRA
29,23,8,2024,1,MADHYA PRADESH,KARNATAKA
05,24,8,2024,26,GUJARAT,UTTARAKHAND
07,24,8,2024,43,GUJARAT,DELHI
18,24,8,2024,7,GUJARAT,ASSAM
05,27,8,2024,63,MAHARASHTRA,UTTARAKHAND
07,27,8,2024,86,MAHARASHTRA,DELHI
29,27,8,2024,325,MAHARASHTRA,KARNATAKA
36,27,8,2024,24,MAHARASHTRA,TELANGANA
09,28,8,2024,1,ANDHRA PRADESH,UTTAR PRADESH
29,28,8,2024,1,ANDHRA PRADESH,KARNATAKA
07,29,8,2024,1,KARNATAKA,DELHI
10,29,8,2024,371,KARNATAKA,BIHAR
27,29,8,2024,14,KARNATAKA,MAHARASHTRA
28,29,8,2024,21,KARNATAKA,ANDHRA PRADESH
07,30,8,2024,1,GOA,DELHI
08,30,8,2024,25,GOA,RAJASTHAN
29,30,8,2024,391,GOA,KARNATAKA
33,30,8,2024,3,GOA,TAMIL NADU
36,30,8,2024,1,GOA,TELANGANA
06,32,8,2024,8,KERALA,HARYANA
07,32,8,2024,15,KERALA,DELHI
27,32,8,2024,68,KERALA,MAHARASHTRA
29,32,8,2024,271,KERALA,KARNATAKA
01,33,8,2024,1,TAMIL NADU,JAMMU AND KASHMIR
10,33,8,2024,236,TAMIL NADU,BIHAR
32,33,8,2024,2,TAMIL NADU,KERALA
09,35,8,2024,1,ANDAMAN AND NICOBAR ISLANDS,UTTAR PRADESH
32,35,8,2024,2,ANDAMAN AND NICOBAR ISLANDS,KERALA
01,36,8,2024,1,TELANGANA,JAMMU AND KASHMIR
07,36,8,2024,9,TELANGANA,DELHI
18,36,8,2024,11,TELANGANA,ASSAM
22,36,8,2024,107,TELANGANA,CHHATTISGARH
27,36,8,2024,418,TELANGANA,MAHARASHTRA
01,37,8,2024,3,LADAKH,JAMMU AND KASHMIR
22,37,8,2024,8,LADAKH,CHHATTISGARH
06,38,8,2024,9,Dadar & Nagar Haveli & Daman & Diu,HARYANA
24,38,8,2024,496,Dadar & Nagar Haveli & Daman & Diu,GUJARAT
19,01,9,2024,7,JAMMU AND KASHMIR,WEST BENGAL
22,01,9,2024,599,JAMMU AND KASHMIR,CHHATTISGARH
23,01,9,2024,1332,JAMMU AND KASHMIR,MADHYA PRADESH
20,02,9,2024,87,HIMACHAL PRADESH,JHARKHAND
27,02,9,2024,3,HIMACHAL PRADESH,MAHARASHTRA
06,03,9,2024,48,PUNJAB,HARYANA
08,03,9,2024,24,PUNJAB,RAJASTHAN
09,03,9,2024,2847,PUNJAB,UTTAR PRADESH
19,03,9,2024,4,PUNJAB,WEST BENGAL
20,03,9,2024,34,PUNJAB,JHARKHAND
06,04,9,2024,1,CHANDIGARH,HARYANA
10,04,9,2024,22,CHANDIGARH,BIHAR
07,05,9,2024,172,UTTARAKHAND,DELHI
09,05,9,2024,11493,UTTARAKHAND,UTTAR PRADESH
23,05,9,2024,68,UTTARAKHAND,MADHYA PRADESH
01,06,9,2024,4,HARYANA,JAMMU AND KASHMIR
20,06,9,2024,319,HARYANA,JHARKHAND
27,06,9,2024,14,HARYANA,MAHARASHTRA
35,06,9,2024,1,HARYANA,ANDAMAN AND NICOBAR ISLANDS
36,06,9,2024,1,HARYANA,TELANGANA
05,07,9,2024,6289,DELHI,UTTARAKHAND
19,07,9,2024,2114,DELHI,WEST BENGAL
32,07,9,2024,56,DELHI,KERALA
09,08,9,2024,3897,RAJASTHAN,UTTAR PRADESH
10,08,9,2024,4643,RAJASTHAN,BIHAR
18,08,9,2024,11,RAJASTHAN,ASSAM
08,09,9,2024,43,UTTAR PRADESH,RAJASTHAN
10,09,9,2024,1825,UTTAR PRADESH,BIHAR
18,09,9,2024,10,UTTAR PRADESH,ASSAM
27,10,9,2024,342,BIHAR,MAHARASHTRA
32,10,9,2024,3,BIHAR,KERALA
19,16,9,2024,1,TRIPURA,WEST BENGAL
16,17,9,2024,1,MEGHALAYA,TRIPURA
08,18,9,2024,1,ASSAM,RAJASTHAN
27,19,9,2024,9,WEST BENGAL,MAHARASHTRA
07,20,9,2024,47,JHARKHAND,DELHI
05,22,9,2024,1,CHHATTISGARH,UTTARAKHAND
10,22,9,2024,264,CHHATTISGARH,BIHAR
18,22,9,2024,1,CHHATTISGARH,ASSAM
24,22,9,2024,1,CHHATTISGARH,GUJARAT
18,23,9,2024,2,MADHYA PRADESH,ASSAM
22,23,9,2024,272,MADHYA PRADESH,CHHATTISGARH
32,23,9,2024,1,MADHYA PRADESH,KERALA
20,24,9,2024,249,GUJARAT,JHARKHAND
28,24,9,2024,5,GUJARAT,ANDHRA PRADESH
29,24,9,2024,9,GUJARAT,KARNATAKA
32,24,9,2024,11,GUJARAT,KERALA
01,27,9,2024,4,MAHARASHTRA,JAMMU AND KASHMIR
08,27,9,2024,687,MAHARASHTRA,RAJASTHAN
19,27,9,2024,285,MAHARASHTRA,WEST BENGAL
28,27,9,2024,48,MAHARASHTRA,ANDHRA PRADESH
29,28,9,2024,3,ANDHRA PRADESH,KARNATAKA
07,29,9,2024,1,KARNATAKA,DELHI
10,29,9,2024,375,KARNATAKA,BIHAR
24,29,9,2024,2,KARNATAKA,GUJARAT
33,29,9,2024,12,KARNATAKA,TAMIL NADU
09,30,9,2024,748,GOA,UTTAR PRADESH
13,30,9,2024,2,GOA,NAGALAND
23,30,9,2024,81,GOA,MADHYA PRADESH
28,30,9,2024,1,GOA,ANDHRA PRADESH
29,30,9,2024,297,GOA,KARNATAKA
36,30,9,2024,1,GOA,TELANGANA
08,32,9,2024,12,KERALA,RAJASTHAN
09,32,9,2024,336,KERALA,UTTAR PRADESH
28,33,9,2024,5,TAMIL NADU,ANDHRA PRADESH
06,35,9,2024,1,ANDAMAN AND NICOBAR ISLANDS,HARYANA
10,35,9,2024,6,ANDAMAN AND NICOBAR ISLANDS,BIHAR
28,35,9,2024,1,ANDAMAN AND NICOBAR ISLANDS,ANDHRA PRADESH
06,36,9,2024,28,TELANGANA,HARYANA
10,36,9,2024,1094,TELANGANA,BIHAR
05,37,9,2024,1,LADAKH,UTTARAKHAND
08,38,9,2024,48,Dadar & Nagar Haveli & Daman & Diu,RAJASTHAN
10,38,9,2024,4176,Dadar & Nagar Haveli & Daman & Diu,BIHAR
22,38,9,2024,28,Dadar & Nagar Haveli & Daman & Diu,CHHATTISGARH
08,01,10,2024,9,JAMMU AND KASHMIR,RAJASTHAN
09,01,10,2024,3251,JAMMU AND KASHMIR,UTTAR PRADESH
32,01,10,2024,1,JAMMU AND KASHMIR,KERALA
09,02,10,2024,12457,HIMACHAL PRADESH,UTTAR PRADESH
22,02,10,2024,19,HIMACHAL PRADESH,CHHATTISGARH
23,02,10,2024,229,HIMACHAL PRADESH,MADHYA PRADESH
08,03,10,2024,4,PUNJAB,RAJASTHAN
18,03,10,2024,1,PUNJAB,ASSAM
19,03,10,2024,2,PUNJAB,WEST BENGAL
22,03,10,2024,1,PUNJAB,CHHATTISGARH
27,03,10,2024,1,PUNJAB,MAHARASHTRA
08,04,10,2024,2,CHANDIGARH,RAJASTHAN
32,05,10,2024,1,UTTARAKHAND,KERALA
18,06,10,2024,42,HARYANA,ASSAM
27,06,10,2024,26,HARYANA,MAHARASHTRA
28,06,10,2024,1,HARYANA,ANDHRA PRADESH
01,07,10,2024,47,DELHI,JAMMU AND KASHMIR
08,07,10,2024,3565,DELHI,RAJASTHAN
16,07,10,2024,10,DELHI,TRIPURA
19,07,10,2024,2112,DELHI,WEST BENGAL
29,07,10,2024,10,DELHI,KARNATAKA
18,08,10,2024,13,RAJASTHAN,ASSAM
22,08,10,2024,49,RAJASTHAN,CHHATTISGARH
28,08,10,2024,2,RAJASTHAN,ANDHRA PRADESH
29,08,10,2024,6,RAJASTHAN,KARNATAKA
22,09,10,2024,86,UTTAR PRADESH,CHHATTISGARH
08,10,10,2024,122,BIHAR,RAJASTHAN
29,10,10,2024,15,BIHAR,KARNATAKA
33,10,10,2024,7,BIHAR,TAMIL NADU
10,11,10,2024,117,SIKKIM,BIHAR
23,11,10,2024,2,SIKKIM,MADHYA PRADESH
20,32,3,2025,290,KERALA,JHARKHAND
21,32,3,2025,6,KERALA,ODISHA
23,32,3,2025,259,KERALA,MADHYA PRADESH
27,32,3,2025,94,KERALA,MAHARASHTRA
07,33,3,2025,1,TAMIL NADU,DELHI
09,33,3,2025,2,TAMIL NADU,UTTAR PRADESH
10,33,3,2025,82,TAMIL NADU,BIHAR
16,33,3,2025,1,TAMIL NADU,TRIPURA
21,33,3,2025,1,TAMIL NADU,ODISHA
06,35,3,2025,1,ANDAMAN AND NICOBAR ISLANDS,HARYANA
28,35,3,2025,1,ANDAMAN AND NICOBAR ISLANDS,ANDHRA PRADESH
32,36,3,2025,1,TELANGANA,KERALA
33,36,3,2025,7,TELANGANA,TAMIL NADU
09,38,3,2025,3505,DADAR & NAGAR HAVELI & DAMAN & DIU,UTTAR PRADESH
10,38,3,2025,4612,DADAR & NAGAR HAVELI & DAMAN & DIU,BIHAR
19,38,3,2025,38,DADAR & NAGAR HAVELI & DAMAN & DIU,WEST BENGAL
05,01,4,2025,4,JAMMU AND KASHMIR,UTTARAKHAND
10,01,4,2025,1904,JAMMU AND KASHMIR,BIHAR
27,01,4,2025,4,JAMMU AND KASHMIR,MAHARASHTRA
09,03,4,2025,412,PUNJAB,UTTAR PRADESH
10,03,4,2025,647,PUNJAB,BIHAR
20,03,4,2025,3,PUNJAB,JHARKHAND
10,04,4,2025,9,CHANDIGARH,BIHAR
06,05,4,2025,141,UTTARAKHAND,HARYANA
20,05,4,2025,4,UTTARAKHAND,JHARKHAND
24,05,4,2025,2,UTTARAKHAND,GUJARAT
27,05,4,2025,10,UTTARAKHAND,MAHARASHTRA
08,06,4,2025,1246,HARYANA,RAJASTHAN
01,07,4,2025,67,DELHI,JAMMU AND KASHMIR
08,07,4,2025,2787,DELHI,RAJASTHAN
18,07,4,2025,405,DELHI,ASSAM
29,08,4,2025,2,RAJASTHAN,KARNATAKA
05,09,4,2025,58,UTTAR PRADESH,UTTARAKHAND
24,09,4,2025,105,UTTAR PRADESH,GUJARAT
30,09,4,2025,1,UTTAR PRADESH,GOA
01,10,4,2025,1,BIHAR,JAMMU AND KASHMIR
13,10,4,2025,4,BIHAR,NAGALAND
24,10,4,2025,176,BIHAR,GUJARAT
27,10,4,2025,459,BIHAR,MAHARASHTRA
09,16,4,2025,4,TRIPURA,UTTAR PRADESH
19,17,4,2025,2,MEGHALAYA,WEST BENGAL
09,18,4,2025,1,ASSAM,UTTAR PRADESH
08,19,4,2025,4,WEST BENGAL,RAJASTHAN
21,19,4,2025,17,WEST BENGAL,ODISHA
27,20,4,2025,19,JHARKHAND,MAHARASHTRA
06,22,4,2025,12,CHHATTISGARH,HARYANA
21,22,4,2025,2,CHHATTISGARH,ODISHA
27,23,4,2025,238,MADHYA PRADESH,MAHARASHTRA
32,23,4,2025,1,MADHYA PRADESH,KERALA
06,24,4,2025,204,GUJARAT,HARYANA
09,24,4,2025,12300,GUJARAT,UTTAR PRADESH
18,24,4,2025,14,GUJARAT,ASSAM
01,27,4,2025,5,MAHARASHTRA,JAMMU AND KASHMIR
06,27,4,2025,380,MAHARASHTRA,HARYANA
30,27,4,2025,1,MAHARASHTRA,GOA
21,28,4,2025,5,ANDHRA PRADESH,ODISHA
05,30,4,2025,4,GOA,UTTARAKHAND
09,30,4,2025,1025,GOA,UTTAR PRADESH
27,32,4,2025,87,KERALA,MAHARASHTRA
28,32,4,2025,28,KERALA,ANDHRA PRADESH
06,33,4,2025,1,TAMIL NADU,HARYANA
10,33,4,2025,66,TAMIL NADU,BIHAR
20,33,4,2025,4,TAMIL NADU,JHARKHAND
01,36,4,2025,1,TELANGANA,JAMMU AND KASHMIR
09,36,4,2025,1,TELANGANA,UTTAR PRADESH
24,36,4,2025,10,TELANGANA,GUJARAT
08,38,4,2025,37,DADAR & NAGAR HAVELI & DAMAN & DIU,RAJASTHAN
09,38,4,2025,3246,DADAR & NAGAR HAVELI & DAMAN & DIU,UTTAR PRADESH
19,38,4,2025,38,DADAR & NAGAR HAVELI & DAMAN & DIU,WEST BENGAL
32,38,4,2025,1,DADAR & NAGAR HAVELI & DAMAN & DIU,KERALA
07,01,5,2025,13,JAMMU AND KASHMIR,DELHI
10,01,5,2025,1992,JAMMU AND KASHMIR,BIHAR
08,02,5,2025,50,HIMACHAL PRADESH,RAJASTHAN
02,03,5,2025,1,PUNJAB,HIMACHAL PRADESH
08,03,5,2025,11,PUNJAB,RAJASTHAN
05,04,5,2025,1,CHANDIGARH,UTTARAKHAND
03,05,5,2025,6,UTTARAKHAND,PUNJAB
19,05,5,2025,4,UTTARAKHAND,WEST BENGAL
20,05,5,2025,9,UTTARAKHAND,JHARKHAND
03,06,5,2025,71,HARYANA,PUNJAB
16,06,5,2025,1,HARYANA,TRIPURA
19,06,5,2025,189,HARYANA,WEST BENGAL
03,07,5,2025,95,DELHI,PUNJAB
09,07,5,2025,175608,DELHI,UTTAR PRADESH
13,07,5,2025,2,DELHI,NAGALAND
23,07,5,2025,17373,DELHI,MADHYA PRADESH
24,07,5,2025,104,DELHI,GUJARAT
02,08,5,2025,1,RAJASTHAN,HIMACHAL PRADESH
07,08,5,2025,164,RAJASTHAN,DELHI
10,08,5,2025,6897,RAJASTHAN,BIHAR
18,08,5,2025,9,RAJASTHAN,ASSAM
21,08,5,2025,3,RAJASTHAN,ODISHA
07,09,5,2025,2479,UTTAR PRADESH,DELHI
16,09,5,2025,1,UTTAR PRADESH,TRIPURA
23,09,5,2025,1028,UTTAR PRADESH,MADHYA PRADESH
05,10,5,2025,6,BIHAR,UTTARAKHAND
13,10,5,2025,5,BIHAR,NAGALAND
16,10,5,2025,3,BIHAR,TRIPURA
21,10,5,2025,48,BIHAR,ODISHA
24,10,5,2025,189,BIHAR,GUJARAT
19,11,5,2025,1,SIKKIM,WEST BENGAL
10,17,5,2025,7,MEGHALAYA,BIHAR
20,19,5,2025,139,WEST BENGAL,JHARKHAND
21,19,5,2025,9,WEST BENGAL,ODISHA
29,19,5,2025,1,WEST BENGAL,KARNATAKA
06,20,5,2025,25,JHARKHAND,HARYANA
19,20,5,2025,3,JHARKHAND,WEST BENGAL
23,22,5,2025,192,CHHATTISGARH,MADHYA PRADESH
06,23,5,2025,179,MADHYA PRADESH,HARYANA
10,23,5,2025,1833,MADHYA PRADESH,BIHAR
20,24,5,2025,226,GUJARAT,JHARKHAND
29,24,5,2025,13,GUJARAT,KARNATAKA
06,27,5,2025,387,MAHARASHTRA,HARYANA
10,27,5,2025,24430,MAHARASHTRA,BIHAR
38,27,5,2025,3,MAHARASHTRA,DADAR & NAGAR HAVELI & DAMAN & DIU
09,29,5,2025,33,KARNATAKA,UTTAR PRADESH
23,29,5,2025,4,KARNATAKA,MADHYA PRADESH
06,30,5,2025,6,GOA,HARYANA
18,30,5,2025,6,GOA,ASSAM
28,30,5,2025,2,GOA,ANDHRA PRADESH
20,32,5,2025,207,KERALA,JHARKHAND
29,32,5,2025,136,KERALA,KARNATAKA
07,33,5,2025,1,TAMIL NADU,DELHI
09,33,5,2025,12,TAMIL NADU,UTTAR PRADESH
10,33,5,2025,71,TAMIL NADU,BIHAR
28,33,5,2025,1,TAMIL NADU,ANDHRA PRADESH
10,35,5,2025,13,ANDAMAN AND NICOBAR ISLANDS,BIHAR
20,35,5,2025,2,ANDAMAN AND NICOBAR ISLANDS,JHARKHAND
23,36,5,2025,76,TELANGANA,MADHYA PRADESH
03,38,5,2025,2,DADAR & NAGAR HAVELI & DAMAN & DIU,PUNJAB
08,38,5,2025,26,DADAR & NAGAR HAVELI & DAMAN & DIU,RAJASTHAN
09,38,5,2025,2840,DADAR & NAGAR HAVELI & DAMAN & DIU,UTTAR PRADESH
16,38,5,2025,1,DADAR & NAGAR HAVELI & DAMAN & DIU,TRIPURA
07,01,6,2025,9,JAMMU AND KASHMIR,DELHI
08,01,6,2025,9,JAMMU AND KASHMIR,RAJASTHAN
19,01,6,2025,18,JAMMU AND KASHMIR,WEST BENGAL
06,03,6,2025,93,PUNJAB,HARYANA
07,03,6,2025,48,PUNJAB,DELHI
08,03,6,2025,26,PUNJAB,RAJASTHAN
02,06,6,2025,6,HARYANA,HIMACHAL PRADESH
07,06,6,2025,840,HARYANA,DELHI
18,06,6,2025,60,HARYANA,ASSAM
19,06,6,2025,203,HARYANA,WEST BENGAL
23,06,6,2025,6100,HARYANA,MADHYA PRADESH
08,07,6,2025,3324,DELHI,RAJASTHAN
09,07,6,2025,272374,DELHI,UTTAR PRADESH
19,07,6,2025,1684,DELHI,WEST BENGAL
27,07,6,2025,280,DELHI,MAHARASHTRA
29,07,6,2025,6,DELHI,KARNATAKA
36,07,6,2025,3,DELHI,TELANGANA
19,08,6,2025,19,RAJASTHAN,WEST BENGAL
23,08,6,2025,3183,RAJASTHAN,MADHYA PRADESH
24,09,6,2025,72,UTTAR PRADESH,GUJARAT
28,09,6,2025,2,UTTAR PRADESH,ANDHRA PRADESH
29,09,6,2025,7,UTTAR PRADESH,KARNATAKA
06,11,6,2025,1,SIKKIM,HARYANA
10,11,6,2025,98,SIKKIM,BIHAR
19,11,6,2025,1,SIKKIM,WEST BENGAL
20,11,6,2025,1,SIKKIM,JHARKHAND
23,11,6,2025,1,SIKKIM,MADHYA PRADESH
09,18,6,2025,3,ASSAM,UTTAR PRADESH
07,22,6,2025,9,CHHATTISGARH,DELHI
08,22,6,2025,1,CHHATTISGARH,RAJASTHAN
28,22,6,2025,1,CHHATTISGARH,ANDHRA PRADESH
06,23,6,2025,100,MADHYA PRADESH,HARYANA
09,23,6,2025,410,MADHYA PRADESH,UTTAR PRADESH
29,23,6,2025,3,MADHYA PRADESH,KARNATAKA
08,27,6,2025,440,MAHARASHTRA,RAJASTHAN
09,27,6,2025,10084,MAHARASHTRA,UTTAR PRADESH
29,27,6,2025,126,MAHARASHTRA,KARNATAKA
38,27,6,2025,1,MAHARASHTRA,DADAR & NAGAR HAVELI & DAMAN & DIU
20,29,6,2025,2,KARNATAKA,JHARKHAND
07,30,6,2025,4,GOA,DELHI
08,30,6,2025,20,GOA,RAJASTHAN
18,30,6,2025,38,GOA,ASSAM
36,30,6,2025,1,GOA,TELANGANA
20,32,6,2025,181,KERALA,JHARKHAND
28,32,6,2025,25,KERALA,ANDHRA PRADESH
10,33,6,2025,64,TAMIL NADU,BIHAR
23,33,6,2025,1,TAMIL NADU,MADHYA PRADESH
29,33,6,2025,5,TAMIL NADU,KARNATAKA
20,35,6,2025,2,ANDAMAN AND NICOBAR ISLANDS,JHARKHAND
08,36,6,2025,30,TELANGANA,RAJASTHAN
09,36,6,2025,74,TELANGANA,UTTAR PRADESH
19,36,6,2025,3,TELANGANA,WEST BENGAL
18,38,6,2025,33,DADAR & NAGAR HAVELI & DAMAN & DIU,ASSAM
24,38,6,2025,841,DADAR & NAGAR HAVELI & DAMAN & DIU,GUJARAT
03,01,7,2025,15,JAMMU AND KASHMIR,PUNJAB
09,01,7,2025,3264,JAMMU AND KASHMIR,UTTAR PRADESH
23,01,7,2025,126,JAMMU AND KASHMIR,MADHYA PRADESH
07,02,7,2025,15,HIMACHAL PRADESH,DELHI
23,02,7,2025,146,HIMACHAL PRADESH,MADHYA PRADESH
09,03,7,2025,896,PUNJAB,UTTAR PRADESH
10,16,10,2024,218,TRIPURA,BIHAR
23,16,10,2024,1,TRIPURA,MADHYA PRADESH
19,18,10,2024,1,ASSAM,WEST BENGAL
09,19,10,2024,263,WEST BENGAL,UTTAR PRADESH
18,19,10,2024,6,WEST BENGAL,ASSAM
29,19,10,2024,2,WEST BENGAL,KARNATAKA
09,22,10,2024,214,CHHATTISGARH,UTTAR PRADESH
27,22,10,2024,14,CHHATTISGARH,MAHARASHTRA
28,22,10,2024,2,CHHATTISGARH,ANDHRA PRADESH
09,23,10,2024,2957,MADHYA PRADESH,UTTAR PRADESH
22,23,10,2024,264,MADHYA PRADESH,CHHATTISGARH
16,24,10,2024,1,GUJARAT,TRIPURA
22,24,10,2024,69,GUJARAT,CHHATTISGARH
10,27,10,2024,22156,MAHARASHTRA,BIHAR
33,27,10,2024,238,MAHARASHTRA,TAMIL NADU
07,30,10,2024,3,GOA,DELHI
08,30,10,2024,22,GOA,RAJASTHAN
09,30,10,2024,830,GOA,UTTAR PRADESH
27,30,10,2024,125,GOA,MAHARASHTRA
28,30,10,2024,3,GOA,ANDHRA PRADESH
29,30,10,2024,343,GOA,KARNATAKA
10,32,10,2024,946,KERALA,BIHAR
18,32,10,2024,361,KERALA,ASSAM
22,32,10,2024,10,KERALA,CHHATTISGARH
06,33,10,2024,1,TAMIL NADU,HARYANA
07,33,10,2024,2,TAMIL NADU,DELHI
20,33,10,2024,8,TAMIL NADU,JHARKHAND
27,33,10,2024,4,TAMIL NADU,MAHARASHTRA
29,33,10,2024,3,TAMIL NADU,KARNATAKA
19,35,10,2024,10,ANDAMAN AND NICOBAR ISLANDS,WEST BENGAL
05,36,10,2024,2,TELANGANA,UTTARAKHAND
06,36,10,2024,29,TELANGANA,HARYANA
10,36,10,2024,1133,TELANGANA,BIHAR
24,36,10,2024,9,TELANGANA,GUJARAT
09,37,10,2024,3,LADAKH,UTTAR PRADESH
08,38,10,2024,52,Dadar & Nagar Haveli & Daman & Diu,RAJASTHAN
09,38,10,2024,3036,Dadar & Nagar Haveli & Daman & Diu,UTTAR PRADESH
23,38,10,2024,757,Dadar & Nagar Haveli & Daman & Diu,MADHYA PRADESH
32,38,10,2024,8,Dadar & Nagar Haveli & Daman & Diu,KERALA
19,01,11,2024,8,JAMMU AND KASHMIR,WEST BENGAL
06,02,11,2024,137,HIMACHAL PRADESH,HARYANA
07,02,11,2024,29,HIMACHAL PRADESH,DELHI
18,02,11,2024,2,HIMACHAL PRADESH,ASSAM
20,02,11,2024,98,HIMACHAL PRADESH,JHARKHAND
27,02,11,2024,2,HIMACHAL PRADESH,MAHARASHTRA
10,03,11,2024,1271,PUNJAB,BIHAR
22,03,11,2024,1,PUNJAB,CHHATTISGARH
05,04,11,2024,2,CHANDIGARH,UTTARAKHAND
06,04,11,2024,1,CHANDIGARH,HARYANA
24,05,11,2024,4,UTTARAKHAND,GUJARAT
02,06,11,2024,9,HARYANA,HIMACHAL PRADESH
10,06,11,2024,32429,HARYANA,BIHAR
19,06,11,2024,163,HARYANA,WEST BENGAL
23,06,11,2024,4641,HARYANA,MADHYA PRADESH
28,06,11,2024,1,HARYANA,ANDHRA PRADESH
08,07,11,2024,3784,DELHI,RAJASTHAN
18,07,11,2024,379,DELHI,ASSAM
24,07,11,2024,228,DELHI,GUJARAT
36,07,11,2024,11,DELHI,TELANGANA
09,08,11,2024,5289,RAJASTHAN,UTTAR PRADESH
18,08,11,2024,10,RAJASTHAN,ASSAM
22,08,11,2024,100,RAJASTHAN,CHHATTISGARH
24,08,11,2024,71,RAJASTHAN,GUJARAT
28,08,11,2024,2,RAJASTHAN,ANDHRA PRADESH
33,08,11,2024,4,RAJASTHAN,TAMIL NADU
36,08,11,2024,5,RAJASTHAN,TELANGANA
07,09,11,2024,1350,UTTAR PRADESH,DELHI
08,09,11,2024,122,UTTAR PRADESH,RAJASTHAN
10,09,11,2024,4131,UTTAR PRADESH,BIHAR
24,09,11,2024,54,UTTAR PRADESH,GUJARAT
28,09,11,2024,1,UTTAR PRADESH,ANDHRA PRADESH
29,09,11,2024,9,UTTAR PRADESH,KARNATAKA
22,10,11,2024,165,BIHAR,CHHATTISGARH
32,10,11,2024,5,BIHAR,KERALA
19,16,11,2024,1,TRIPURA,WEST BENGAL
18,17,11,2024,5,MEGHALAYA,ASSAM
07,18,11,2024,1,ASSAM,DELHI
08,18,11,2024,2,ASSAM,RAJASTHAN
10,18,11,2024,35,ASSAM,BIHAR
18,19,11,2024,7,WEST BENGAL,ASSAM
08,20,11,2024,6,JHARKHAND,RAJASTHAN
24,20,11,2024,4,JHARKHAND,GUJARAT
05,23,11,2024,12,MADHYA PRADESH,UTTARAKHAND
10,23,11,2024,1535,MADHYA PRADESH,BIHAR
06,24,11,2024,231,GUJARAT,HARYANA
08,27,11,2024,805,MAHARASHTRA,RAJASTHAN
18,27,11,2024,39,MAHARASHTRA,ASSAM
20,27,11,2024,1295,MAHARASHTRA,JHARKHAND
22,27,11,2024,126,MAHARASHTRA,CHHATTISGARH
01,30,11,2024,1,GOA,JAMMU AND KASHMIR
19,30,11,2024,19,GOA,WEST BENGAL
08,32,11,2024,26,KERALA,RAJASTHAN
09,32,11,2024,357,KERALA,UTTAR PRADESH
24,32,11,2024,8,KERALA,GUJARAT
27,32,11,2024,82,KERALA,MAHARASHTRA
06,36,11,2024,43,TELANGANA,HARYANA
07,36,11,2024,11,TELANGANA,DELHI
33,36,11,2024,14,TELANGANA,TAMIL NADU
01,37,11,2024,2,LADAKH,JAMMU AND KASHMIR
02,37,11,2024,3,LADAKH,HIMACHAL PRADESH
10,37,11,2024,6,LADAKH,BIHAR
10,38,11,2024,4143,Dadar & Nagar Haveli & Daman & Diu,BIHAR
18,38,11,2024,10,Dadar & Nagar Haveli & Daman & Diu,ASSAM
23,38,11,2024,764,Dadar & Nagar Haveli & Daman & Diu,MADHYA PRADESH
22,01,12,2024,524,JAMMU AND KASHMIR,CHHATTISGARH
24,01,12,2024,2,JAMMU AND KASHMIR,GUJARAT
22,02,12,2024,18,HIMACHAL PRADESH,CHHATTISGARH
05,03,12,2024,16,PUNJAB,UTTARAKHAND
07,03,12,2024,39,PUNJAB,DELHI
09,03,12,2024,2579,PUNJAB,UTTAR PRADESH
23,03,12,2024,47,PUNJAB,MADHYA PRADESH
06,04,12,2024,1,CHANDIGARH,HARYANA
08,05,12,2024,19,UTTARAKHAND,RAJASTHAN
23,05,12,2024,86,UTTARAKHAND,MADHYA PRADESH
01,06,12,2024,13,HARYANA,JAMMU AND KASHMIR
02,06,12,2024,12,HARYANA,HIMACHAL PRADESH
07,06,12,2024,864,HARYANA,DELHI
18,06,12,2024,47,HARYANA,ASSAM
23,06,12,2024,5813,HARYANA,MADHYA PRADESH
24,06,12,2024,31,HARYANA,GUJARAT
28,06,12,2024,1,HARYANA,ANDHRA PRADESH
05,07,12,2024,6519,DELHI,UTTARAKHAND
06,07,12,2024,12855,DELHI,HARYANA
09,07,12,2024,210187,DELHI,UTTAR PRADESH
18,07,12,2024,443,DELHI,ASSAM
09,08,12,2024,12395,RAJASTHAN,UTTAR PRADESH
33,08,12,2024,5,RAJASTHAN,TAMIL NADU
22,09,12,2024,271,UTTAR PRADESH,CHHATTISGARH
28,09,12,2024,1,UTTAR PRADESH,ANDHRA PRADESH
09,10,12,2024,2844,BIHAR,UTTAR PRADESH
24,10,12,2024,133,BIHAR,GUJARAT
33,10,12,2024,8,BIHAR,TAMIL NADU
38,10,12,2024,5,BIHAR,Dadar & Nagar Haveli & Daman & Diu
10,17,12,2024,6,MEGHALAYA,BIHAR
10,18,12,2024,41,ASSAM,BIHAR
19,18,12,2024,1,ASSAM,WEST BENGAL
06,19,12,2024,15,WEST BENGAL,HARYANA
33,19,12,2024,3,WEST BENGAL,TAMIL NADU
35,19,12,2024,1,WEST BENGAL,ANDAMAN AND NICOBAR ISLANDS
09,20,12,2024,120,JHARKHAND,UTTAR PRADESH
10,20,12,2024,2027,JHARKHAND,BIHAR
19,20,12,2024,3,JHARKHAND,WEST BENGAL
23,22,12,2024,276,CHHATTISGARH,MADHYA PRADESH
32,22,12,2024,1,CHHATTISGARH,KERALA
33,22,12,2024,1,CHHATTISGARH,TAMIL NADU
07,23,12,2024,170,MADHYA PRADESH,DELHI
10,23,12,2024,1781,MADHYA PRADESH,BIHAR
20,23,12,2024,86,MADHYA PRADESH,JHARKHAND
32,23,12,2024,5,MADHYA PRADESH,KERALA
09,24,12,2024,10680,GUJARAT,UTTAR PRADESH
20,24,12,2024,422,GUJARAT,JHARKHAND
01,27,12,2024,4,MAHARASHTRA,JAMMU AND KASHMIR
06,27,12,2024,328,MAHARASHTRA,HARYANA
07,27,12,2024,83,MAHARASHTRA,DELHI
09,27,12,2024,41235,MAHARASHTRA,UTTAR PRADESH
10,27,12,2024,24571,MAHARASHTRA,BIHAR
28,27,12,2024,36,MAHARASHTRA,ANDHRA PRADESH
33,27,12,2024,260,MAHARASHTRA,TAMIL NADU
07,29,12,2024,2,KARNATAKA,DELHI
01,30,12,2024,3,GOA,JAMMU AND KASHMIR
06,30,12,2024,11,GOA,HARYANA
07,30,12,2024,6,GOA,DELHI
10,30,12,2024,796,GOA,BIHAR
23,30,12,2024,145,GOA,MADHYA PRADESH
24,30,12,2024,1,GOA,GUJARAT
28,30,12,2024,4,GOA,ANDHRA PRADESH
07,32,12,2024,14,KERALA,DELHI
10,32,12,2024,1149,KERALA,BIHAR
22,32,12,2024,13,KERALA,CHHATTISGARH
29,32,12,2024,397,KERALA,KARNATAKA
01,33,12,2024,1,TAMIL NADU,JAMMU AND KASHMIR
18,33,12,2024,2,TAMIL NADU,ASSAM
19,35,12,2024,7,ANDAMAN AND NICOBAR ISLANDS,WEST BENGAL
23,36,12,2024,268,TELANGANA,MADHYA PRADESH
32,36,12,2024,11,TELANGANA,KERALA
10,37,12,2024,8,LADAKH,BIHAR
08,38,12,2024,64,Dadar & Nagar Haveli & Daman & Diu,RAJASTHAN
24,38,12,2024,1033,Dadar & Nagar Haveli & Daman & Diu,GUJARAT
29,38,12,2024,2,Dadar & Nagar Haveli & Daman & Diu,KARNATAKA
32,38,12,2024,2,Dadar & Nagar Haveli & Daman & Diu,KERALA
29,36,10,2025,474,TELANGANA,KARNATAKA
05,38,10,2025,9,DADAR & NAGAR HAVELI & DAMAN & DIU,UTTARAKHAND
10,38,10,2025,4509,DADAR & NAGAR HAVELI & DAMAN & DIU,BIHAR
21,38,10,2025,11,DADAR & NAGAR HAVELI & DAMAN & DIU,ODISHA
24,38,10,2025,322,DADAR & NAGAR HAVELI & DAMAN & DIU,GUJARAT
29,38,10,2025,2,DADAR & NAGAR HAVELI & DAMAN & DIU,KARNATAKA
27,01,11,2025,1,JAMMU AND KASHMIR,MAHARASHTRA
37,01,11,2025,1,JAMMU AND KASHMIR,LADAKH
08,02,11,2025,9,HIMACHAL PRADESH,RAJASTHAN
09,02,11,2025,7055,HIMACHAL PRADESH,UTTAR PRADESH
20,02,11,2025,102,HIMACHAL PRADESH,JHARKHAND
27,03,11,2025,1,PUNJAB,MAHARASHTRA
29,03,11,2025,1,PUNJAB,KARNATAKA
10,05,11,2025,3508,UTTARAKHAND,BIHAR
16,05,11,2025,1,UTTARAKHAND,TRIPURA
21,05,11,2025,1,UTTARAKHAND,ODISHA
19,06,11,2025,105,HARYANA,WEST BENGAL
20,06,11,2025,309,HARYANA,JHARKHAND
21,06,11,2025,10,HARYANA,ODISHA
06,07,11,2025,4379,DELHI,HARYANA
22,07,11,2025,43,DELHI,CHHATTISGARH
06,08,11,2025,468,RAJASTHAN,HARYANA
19,08,11,2025,19,RAJASTHAN,WEST BENGAL
20,08,11,2025,97,RAJASTHAN,JHARKHAND
06,10,11,2025,854,BIHAR,HARYANA
07,10,11,2025,3024,BIHAR,DELHI
08,10,11,2025,70,BIHAR,RAJASTHAN
20,11,11,2025,1,SIKKIM,JHARKHAND
18,17,11,2025,7,MEGHALAYA,ASSAM
19,17,11,2025,1,MEGHALAYA,WEST BENGAL
16,18,11,2025,1,ASSAM,TRIPURA
06,19,11,2025,12,WEST BENGAL,HARYANA
09,19,11,2025,335,WEST BENGAL,UTTAR PRADESH
10,19,11,2025,6593,WEST BENGAL,BIHAR
16,19,11,2025,2,WEST BENGAL,TRIPURA
23,19,11,2025,7,WEST BENGAL,MADHYA PRADESH
08,20,11,2025,1,JHARKHAND,RAJASTHAN
19,20,11,2025,4,JHARKHAND,WEST BENGAL
24,20,11,2025,1,JHARKHAND,GUJARAT
20,22,11,2025,53,CHHATTISGARH,JHARKHAND
19,23,11,2025,2,MADHYA PRADESH,WEST BENGAL
22,23,11,2025,17,MADHYA PRADESH,CHHATTISGARH
21,24,11,2025,39,GUJARAT,ODISHA
22,27,11,2025,6,MAHARASHTRA,CHHATTISGARH
23,27,11,2025,1504,MAHARASHTRA,MADHYA PRADESH
24,27,11,2025,252,MAHARASHTRA,GUJARAT
33,27,11,2025,115,MAHARASHTRA,TAMIL NADU
20,28,11,2025,3,ANDHRA PRADESH,JHARKHAND
23,28,11,2025,1,ANDHRA PRADESH,MADHYA PRADESH
06,29,11,2025,1,KARNATAKA,HARYANA
18,29,11,2025,27,KARNATAKA,ASSAM
20,29,11,2025,11,KARNATAKA,JHARKHAND
21,29,11,2025,2,KARNATAKA,ODISHA
07,30,11,2025,5,GOA,DELHI
05,32,11,2025,10,KERALA,UTTARAKHAND
07,32,11,2025,20,KERALA,DELHI
18,32,11,2025,976,KERALA,ASSAM
21,32,11,2025,8,KERALA,ODISHA
24,32,11,2025,4,KERALA,GUJARAT
27,32,11,2025,61,KERALA,MAHARASHTRA
29,32,11,2025,217,KERALA,KARNATAKA
33,32,11,2025,300,KERALA,TAMIL NADU
20,33,11,2025,1,TAMIL NADU,JHARKHAND
19,36,11,2025,16,TELANGANA,WEST BENGAL
24,36,11,2025,5,TELANGANA,GUJARAT
09,38,11,2025,2905,DADAR & NAGAR HAVELI & DAMAN & DIU,UTTAR PRADESH
16,38,11,2025,1,DADAR & NAGAR HAVELI & DAMAN & DIU,TRIPURA
19,01,12,2025,1,JAMMU AND KASHMIR,WEST BENGAL
20,01,12,2025,16,JAMMU AND KASHMIR,JHARKHAND
19,02,12,2025,4,HIMACHAL PRADESH,WEST BENGAL
20,02,12,2025,29,HIMACHAL PRADESH,JHARKHAND
19,03,12,2025,1,PUNJAB,WEST BENGAL
10,04,12,2025,8,CHANDIGARH,BIHAR
09,06,12,2025,16083,HARYANA,UTTAR PRADESH
19,06,12,2025,59,HARYANA,WEST BENGAL
24,06,12,2025,9,HARYANA,GUJARAT
13,07,12,2025,2,DELHI,NAGALAND
19,07,12,2025,1182,DELHI,WEST BENGAL
20,07,12,2025,2926,DELHI,JHARKHAND
22,07,12,2025,22,DELHI,CHHATTISGARH
27,07,12,2025,154,DELHI,MAHARASHTRA
09,08,12,2025,8450,RAJASTHAN,UTTAR PRADESH
10,08,12,2025,6808,RAJASTHAN,BIHAR
19,08,12,2025,18,RAJASTHAN,WEST BENGAL
21,08,12,2025,5,RAJASTHAN,ODISHA
24,08,12,2025,35,RAJASTHAN,GUJARAT
05,09,12,2025,75,UTTAR PRADESH,UTTARAKHAND
06,09,12,2025,461,UTTAR PRADESH,HARYANA
19,09,12,2025,5,UTTAR PRADESH,WEST BENGAL
20,09,12,2025,35,UTTAR PRADESH,JHARKHAND
23,09,12,2025,377,UTTAR PRADESH,MADHYA PRADESH
05,10,12,2025,23,BIHAR,UTTARAKHAND
06,10,12,2025,488,BIHAR,HARYANA
13,10,12,2025,3,BIHAR,NAGALAND
24,10,12,2025,31,BIHAR,GUJARAT
29,10,12,2025,9,BIHAR,KARNATAKA
05,19,12,2025,1,WEST BENGAL,UTTARAKHAND
18,19,12,2025,4,WEST BENGAL,ASSAM
20,19,12,2025,142,WEST BENGAL,JHARKHAND
09,20,12,2025,39,JHARKHAND,UTTAR PRADESH
10,20,12,2025,631,JHARKHAND,BIHAR
18,20,12,2025,2,JHARKHAND,ASSAM
19,20,12,2025,1,JHARKHAND,WEST BENGAL
23,20,12,2025,1,JHARKHAND,MADHYA PRADESH
28,20,12,2025,1,JHARKHAND,ANDHRA PRADESH
18,23,12,2025,2,MADHYA PRADESH,ASSAM
22,23,12,2025,4,MADHYA PRADESH,CHHATTISGARH
33,23,12,2025,1,MADHYA PRADESH,TAMIL NADU
08,24,12,2025,102,GUJARAT,RAJASTHAN
20,24,12,2025,9,GUJARAT,JHARKHAND
27,24,12,2025,48,GUJARAT,MAHARASHTRA
16,27,12,2025,1,MAHARASHTRA,TRIPURA
18,27,12,2025,39,MAHARASHTRA,ASSAM
23,27,12,2025,736,MAHARASHTRA,MADHYA PRADESH
05,28,12,2025,1,ANDHRA PRADESH,UTTARAKHAND
09,28,12,2025,12,ANDHRA PRADESH,UTTAR PRADESH
19,30,12,2025,11,GOA,WEST BENGAL
20,30,12,2025,47,GOA,JHARKHAND
23,30,12,2025,88,GOA,MADHYA PRADESH
16,32,12,2025,1,KERALA,TRIPURA
18,32,12,2025,513,KERALA,ASSAM
21,32,12,2025,3,KERALA,ODISHA
23,32,12,2025,185,KERALA,MADHYA PRADESH
33,32,12,2025,138,KERALA,TAMIL NADU
09,33,12,2025,1,TAMIL NADU,UTTAR PRADESH
10,33,12,2025,33,TAMIL NADU,BIHAR
06,36,12,2025,53,TELANGANA,HARYANA
18,36,12,2025,62,TELANGANA,ASSAM
28,36,12,2025,2760,TELANGANA,ANDHRA PRADESH
05,38,12,2025,1,DADAR & NAGAR HAVELI & DAMAN & DIU,UTTARAKHAND
24,38,12,2025,48,DADAR & NAGAR HAVELI & DAMAN & DIU,GUJARAT
18,01,1,2026,7,JAMMU AND KASHMIR,ASSAM
22,01,1,2026,15,JAMMU AND KASHMIR,CHHATTISGARH
19,02,1,2026,3,HIMACHAL PRADESH,WEST BENGAL
05,03,1,2026,16,PUNJAB,UTTARAKHAND
09,04,1,2026,14,CHANDIGARH,UTTAR PRADESH
18,05,1,2026,27,UTTARAKHAND,ASSAM
21,05,1,2026,1,UTTARAKHAND,ODISHA
02,06,1,2026,7,HARYANA,HIMACHAL PRADESH
07,06,1,2026,534,HARYANA,DELHI
22,06,1,2026,19,HARYANA,CHHATTISGARH
27,06,1,2026,15,HARYANA,MAHARASHTRA
13,07,1,2026,2,DELHI,NAGALAND
21,07,1,2026,266,DELHI,ODISHA
29,07,1,2026,11,DELHI,KARNATAKA
24,08,1,2026,66,RAJASTHAN,GUJARAT
08,09,1,2026,132,UTTAR PRADESH,RAJASTHAN
10,09,1,2026,2760,UTTAR PRADESH,BIHAR
24,09,1,2026,81,UTTAR PRADESH,GUJARAT
29,09,1,2026,6,UTTAR PRADESH,KARNATAKA
06,10,1,2026,1167,BIHAR,HARYANA
16,17,1,2026,1,MEGHALAYA,TRIPURA
06,19,1,2026,18,WEST BENGAL,HARYANA
23,19,1,2026,10,WEST BENGAL,MADHYA PRADESH
27,19,1,2026,9,WEST BENGAL,MAHARASHTRA
09,20,1,2026,137,JHARKHAND,UTTAR PRADESH
24,20,1,2026,1,JHARKHAND,GUJARAT
02,23,1,2026,1,MADHYA PRADESH,HIMACHAL PRADESH
06,23,1,2026,89,MADHYA PRADESH,HARYANA
19,23,1,2026,4,MADHYA PRADESH,WEST BENGAL
21,23,1,2026,5,MADHYA PRADESH,ODISHA
22,23,1,2026,9,MADHYA PRADESH,CHHATTISGARH
18,24,1,2026,12,GUJARAT,ASSAM
22,24,1,2026,13,GUJARAT,CHHATTISGARH
27,24,1,2026,1045,GUJARAT,MAHARASHTRA
20,27,1,2026,2135,MAHARASHTRA,JHARKHAND
23,27,1,2026,1739,MAHARASHTRA,MADHYA PRADESH
28,27,1,2026,29,MAHARASHTRA,ANDHRA PRADESH
06,28,1,2026,1,ANDHRA PRADESH,HARYANA
10,28,1,2026,38,ANDHRA PRADESH,BIHAR
19,28,1,2026,4,ANDHRA PRADESH,WEST BENGAL
27,28,1,2026,2,ANDHRA PRADESH,MAHARASHTRA
29,28,1,2026,8,ANDHRA PRADESH,KARNATAKA
06,29,1,2026,2,KARNATAKA,HARYANA
10,29,1,2026,489,KARNATAKA,BIHAR
22,29,1,2026,1,KARNATAKA,CHHATTISGARH
24,29,1,2026,3,KARNATAKA,GUJARAT
28,29,1,2026,4,KARNATAKA,ANDHRA PRADESH
05,30,1,2026,8,GOA,UTTARAKHAND
08,30,1,2026,25,GOA,RAJASTHAN
09,30,1,2026,1243,GOA,UTTAR PRADESH
20,30,1,2026,100,GOA,JHARKHAND
29,30,1,2026,473,GOA,KARNATAKA
13,32,1,2026,1,KERALA,NAGALAND
16,32,1,2026,2,KERALA,TRIPURA
20,32,1,2026,338,KERALA,JHARKHAND
22,32,1,2026,1,KERALA,CHHATTISGARH
33,32,1,2026,325,KERALA,TAMIL NADU
08,36,1,2026,77,TELANGANA,RAJASTHAN
09,36,1,2026,734,TELANGANA,UTTAR PRADESH
28,36,1,2026,1475,TELANGANA,ANDHRA PRADESH
24,38,1,2026,361,DADAR & NAGAR HAVELI & DAMAN & DIU,GUJARAT
05,01,2,2026,20,JAMMU AND KASHMIR,UTTARAKHAND
08,01,2,2026,7,JAMMU AND KASHMIR,RAJASTHAN
09,01,2,2026,2296,JAMMU AND KASHMIR,UTTAR PRADESH
13,01,2,2026,1,JAMMU AND KASHMIR,NAGALAND
19,01,2,2026,3,JAMMU AND KASHMIR,WEST BENGAL
22,01,2,2026,24,JAMMU AND KASHMIR,CHHATTISGARH
07,02,2,2026,29,HIMACHAL PRADESH,DELHI
10,02,2,2026,4002,HIMACHAL PRADESH,BIHAR
19,02,2,2026,5,HIMACHAL PRADESH,WEST BENGAL
22,05,2,2026,1,UTTARAKHAND,CHHATTISGARH
27,05,2,2026,4,UTTARAKHAND,MAHARASHTRA
32,05,2,2026,1,UTTARAKHAND,KERALA
02,06,2,2026,3,HARYANA,HIMACHAL PRADESH
18,06,2,2026,61,HARYANA,ASSAM
22,06,2,2026,11,HARYANA,CHHATTISGARH
06,07,2,2026,3979,DELHI,HARYANA
09,07,2,2026,250228,DELHI,UTTAR PRADESH
22,07,2,2026,67,DELHI,CHHATTISGARH
27,07,2,2026,221,DELHI,MAHARASHTRA
18,08,2,2026,15,RAJASTHAN,ASSAM
23,08,2,2026,3615,RAJASTHAN,MADHYA PRADESH
07,09,2,2026,991,UTTAR PRADESH,DELHI
23,09,2,2026,351,UTTAR PRADESH,MADHYA PRADESH
24,09,2,2026,45,UTTAR PRADESH,GUJARAT
29,09,2,2026,4,UTTAR PRADESH,KARNATAKA
08,10,2,2026,65,BIHAR,RAJASTHAN
18,10,2,2026,256,BIHAR,ASSAM
29,10,2,2026,21,BIHAR,KARNATAKA
09,11,2,2026,2,SIKKIM,UTTAR PRADESH
22,16,2,2026,1,TRIPURA,CHHATTISGARH
27,19,2,2026,9,WEST BENGAL,MAHARASHTRA
33,19,2,2026,1,WEST BENGAL,TAMIL NADU
10,20,2,2026,2461,JHARKHAND,BIHAR
02,23,2,2026,2,MADHYA PRADESH,HIMACHAL PRADESH
10,23,2,2026,2558,MADHYA PRADESH,BIHAR
20,23,2,2026,79,MADHYA PRADESH,JHARKHAND
29,23,2,2026,1,MADHYA PRADESH,KARNATAKA
05,24,2,2026,67,GUJARAT,UTTARAKHAND
19,24,2,2026,14,GUJARAT,WEST BENGAL
23,24,2,2026,4839,GUJARAT,MADHYA PRADESH
29,24,2,2026,11,GUJARAT,KARNATAKA
06,27,2,2026,165,MAHARASHTRA,HARYANA
09,27,2,2026,60068,MAHARASHTRA,UTTAR PRADESH
16,27,2,2026,6,MAHARASHTRA,TRIPURA
18,27,2,2026,87,MAHARASHTRA,ASSAM
20,27,2,2026,2092,MAHARASHTRA,JHARKHAND
21,27,2,2026,59,MAHARASHTRA,ODISHA
06,29,2,2026,1,KARNATAKA,HARYANA
18,29,2,2026,15,KARNATAKA,ASSAM
23,29,2,2026,25,KARNATAKA,MADHYA PRADESH
27,29,2,2026,31,KARNATAKA,MAHARASHTRA
33,29,2,2026,5,KARNATAKA,TAMIL NADU
05,30,2,2026,9,GOA,UTTARAKHAND
10,30,2,2026,1171,GOA,BIHAR
21,30,2,2026,7,GOA,ODISHA
23,30,2,2026,130,GOA,MADHYA PRADESH
09,32,2,2026,481,KERALA,UTTAR PRADESH
10,32,2,2026,1520,KERALA,BIHAR
18,32,2,2026,664,KERALA,ASSAM
20,32,2,2026,384,KERALA,JHARKHAND
21,32,2,2026,7,KERALA,ODISHA
22,32,2,2026,6,KERALA,CHHATTISGARH
10,33,2,2026,75,TAMIL NADU,BIHAR
06,36,2,2026,48,TELANGANA,HARYANA
08,36,2,2026,81,TELANGANA,RAJASTHAN
18,36,2,2026,67,TELANGANA,ASSAM
21,36,2,2026,33,TELANGANA,ODISHA
27,36,2,2026,2019,TELANGANA,MAHARASHTRA
29,36,2,2026,953,TELANGANA,KARNATAKA
09,38,2,2026,3776,DADAR & NAGAR HAVELI & DAMAN & DIU,UTTAR PRADESH
22,38,2,2026,4,DADAR & NAGAR HAVELI & DAMAN & DIU,CHHATTISGARH
08,01,3,2026,8,JAMMU AND KASHMIR,RAJASTHAN
27,01,3,2026,3,JAMMU AND KASHMIR,MAHARASHTRA
07,02,3,2026,19,HIMACHAL PRADESH,DELHI
10,02,3,2026,2513,HIMACHAL PRADESH,BIHAR
23,02,3,2026,184,HIMACHAL PRADESH,MADHYA PRADESH
02,03,3,2026,1,PUNJAB,HIMACHAL PRADESH
08,03,3,2026,3,PUNJAB,RAJASTHAN
20,03,3,2026,41,PUNJAB,JHARKHAND
05,04,3,2026,7,CHANDIGARH,UTTARAKHAND
09,04,3,2026,19,CHANDIGARH,UTTAR PRADESH
07,05,3,2026,153,UTTARAKHAND,DELHI
27,05,3,2026,5,UTTARAKHAND,MAHARASHTRA
10,06,3,2026,38743,HARYANA,BIHAR
19,06,3,2026,40,HARYANA,WEST BENGAL
21,06,3,2026,10,HARYANA,ODISHA
22,06,3,2026,12,HARYANA,CHHATTISGARH
27,06,3,2026,23,HARYANA,MAHARASHTRA
29,06,3,2026,2,HARYANA,KARNATAKA
06,07,3,2026,2991,DELHI,HARYANA
13,07,3,2026,4,DELHI,NAGALAND
21,07,3,2026,299,DELHI,ODISHA
33,07,3,2026,141,DELHI,TAMIL NADU
05,08,3,2026,24,RAJASTHAN,UTTARAKHAND
06,08,3,2026,402,RAJASTHAN,HARYANA
18,08,3,2026,13,RAJASTHAN,ASSAM
21,08,3,2026,6,RAJASTHAN,ODISHA
07,09,3,2026,1328,UTTAR PRADESH,DELHI
10,09,3,2026,3095,UTTAR PRADESH,BIHAR
28,09,3,2026,1,UTTAR PRADESH,ANDHRA PRADESH
08,10,3,2026,74,BIHAR,RAJASTHAN
21,10,3,2026,14,BIHAR,ODISHA
24,10,3,2026,43,BIHAR,GUJARAT
28,10,3,2026,2,BIHAR,ANDHRA PRADESH
30,10,3,2026,1,BIHAR,GOA
33,10,3,2026,9,BIHAR,TAMIL NADU
10,17,3,2026,13,MEGHALAYA,BIHAR
16,17,3,2026,1,MEGHALAYA,TRIPURA
27,18,3,2026,2,ASSAM,MAHARASHTRA
07,19,3,2026,51,WEST BENGAL,DELHI
16,19,3,2026,2,WEST BENGAL,TRIPURA
18,19,3,2026,10,WEST BENGAL,ASSAM
23,19,3,2026,13,WEST BENGAL,MADHYA PRADESH
29,19,3,2026,1,WEST BENGAL,KARNATAKA
09,23,3,2026,4695,MADHYA PRADESH,UTTAR PRADESH
18,23,3,2026,4,MADHYA PRADESH,ASSAM
20,23,3,2026,63,MADHYA PRADESH,JHARKHAND
05,24,3,2026,48,GUJARAT,UTTARAKHAND
08,24,3,2026,1465,GUJARAT,RAJASTHAN
09,24,3,2026,13837,GUJARAT,UTTAR PRADESH
18,24,3,2026,18,GUJARAT,ASSAM
22,24,3,2026,2,GUJARAT,CHHATTISGARH
27,24,3,2026,1027,GUJARAT,MAHARASHTRA
05,27,3,2026,91,MAHARASHTRA,UTTARAKHAND
16,27,3,2026,6,MAHARASHTRA,TRIPURA
21,27,3,2026,71,MAHARASHTRA,ODISHA
33,27,3,2026,221,MAHARASHTRA,TAMIL NADU
28,29,3,2026,4,KARNATAKA,ANDHRA PRADESH
05,30,3,2026,1,GOA,UTTARAKHAND
07,30,3,2026,3,GOA,DELHI
08,30,3,2026,18,GOA,RAJASTHAN
29,30,3,2026,533,GOA,KARNATAKA
06,32,3,2026,8,KERALA,HARYANA
19,32,3,2026,88,KERALA,WEST BENGAL
22,32,3,2026,7,KERALA,CHHATTISGARH
29,32,3,2026,344,KERALA,KARNATAKA
07,33,3,2026,1,TAMIL NADU,DELHI
10,33,3,2026,71,TAMIL NADU,BIHAR
06,36,3,2026,31,TELANGANA,HARYANA
09,36,3,2026,763,TELANGANA,UTTAR PRADESH
10,36,3,2026,5878,TELANGANA,BIHAR
21,36,3,2026,41,TELANGANA,ODISHA
24,36,3,2026,13,TELANGANA,GUJARAT
33,36,3,2026,12,TELANGANA,TAMIL NADU
07,38,3,2026,5,DADAR & NAGAR HAVELI & DAMAN & DIU,DELHI
10,38,3,2026,5894,DADAR & NAGAR HAVELI & DAMAN & DIU,BIHAR
20,38,3,2026,238,DADAR & NAGAR HAVELI & DAMAN & DIU,JHARKHAND
21,38,3,2026,21,DADAR & NAGAR HAVELI & DAMAN & DIU,ODISHA
07,01,4,2026,2,JAMMU AND KASHMIR,DELHI
09,01,4,2026,375,JAMMU AND KASHMIR,UTTAR PRADESH
10,01,4,2026,496,JAMMU AND KASHMIR,BIHAR
07,02,4,2026,8,HIMACHAL PRADESH,DELHI
21,02,4,2026,1,HIMACHAL PRADESH,ODISHA
23,02,4,2026,64,HIMACHAL PRADESH,MADHYA PRADESH
09,05,4,2026,6364,UTTARAKHAND,UTTAR PRADESH
23,05,4,2026,28,UTTARAKHAND,MADHYA PRADESH
07,06,4,2026,323,HARYANA,DELHI
24,06,4,2026,8,HARYANA,GUJARAT
10,07,4,2026,172426,DELHI,BIHAR
16,07,4,2026,3,DELHI,TRIPURA
18,07,4,2026,164,DELHI,ASSAM
19,07,4,2026,530,DELHI,WEST BENGAL
21,07,4,2026,203,DELHI,ODISHA
23,07,4,2026,10657,DELHI,MADHYA PRADESH
24,07,4,2026,86,DELHI,GUJARAT
10,08,4,2026,5763,RAJASTHAN,BIHAR
18,08,4,2026,3,RAJASTHAN,ASSAM
08,09,4,2026,70,UTTAR PRADESH,RAJASTHAN
10,09,4,2026,3739,UTTAR PRADESH,BIHAR
24,10,4,2026,28,BIHAR,GUJARAT
28,10,4,2026,4,BIHAR,ANDHRA PRADESH
10,16,4,2026,92,TRIPURA,BIHAR
10,19,4,2026,3480,WEST BENGAL,BIHAR
23,19,4,2026,4,WEST BENGAL,MADHYA PRADESH
23,20,4,2026,4,JHARKHAND,MADHYA PRADESH
27,20,4,2026,9,JHARKHAND,MAHARASHTRA
07,23,4,2026,78,MADHYA PRADESH,DELHI
18,23,4,2026,3,MADHYA PRADESH,ASSAM
21,23,4,2026,4,MADHYA PRADESH,ODISHA
24,23,4,2026,7,MADHYA PRADESH,GUJARAT
06,24,4,2026,14,GUJARAT,HARYANA
06,27,4,2026,69,MAHARASHTRA,HARYANA
07,27,4,2026,40,MAHARASHTRA,DELHI
20,27,4,2026,651,MAHARASHTRA,JHARKHAND
23,27,4,2026,451,MAHARASHTRA,MADHYA PRADESH
24,27,4,2026,72,MAHARASHTRA,GUJARAT
20,28,4,2026,9,ANDHRA PRADESH,JHARKHAND
09,29,4,2026,5,KARNATAKA,UTTAR PRADESH
27,29,4,2026,3,KARNATAKA,MAHARASHTRA
19,30,4,2026,5,GOA,WEST BENGAL
20,30,4,2026,50,GOA,JHARKHAND
24,30,4,2026,1,GOA,GUJARAT
27,30,4,2026,36,GOA,MAHARASHTRA
07,32,4,2026,7,KERALA,DELHI
08,32,4,2026,6,KERALA,RAJASTHAN
09,32,4,2026,187,KERALA,UTTAR PRADESH
16,32,4,2026,1,KERALA,TRIPURA
05,36,4,2026,2,TELANGANA,UTTARAKHAND
09,36,4,2026,355,TELANGANA,UTTAR PRADESH
33,36,4,2026,4,TELANGANA,TAMIL NADU
20,38,4,2026,42,DADAR & NAGAR HAVELI & DAMAN & DIU,JHARKHAND
33,29,8,2022,69,KARNATAKA,TAMIL NADU
36,29,8,2022,6,KARNATAKA,TELANGANA
06,30,8,2022,1,GOA,HARYANA
07,30,8,2022,1,GOA,DELHI
19,30,8,2022,5,GOA,WEST BENGAL
32,30,8,2022,1,GOA,KERALA
06,32,8,2022,2,KERALA,HARYANA
09,32,8,2022,124,KERALA,UTTAR PRADESH
20,32,8,2022,45,KERALA,JHARKHAND
21,32,8,2022,7,KERALA,ODISHA
29,32,8,2022,470,KERALA,KARNATAKA
09,33,8,2022,22,TAMIL NADU,UTTAR PRADESH
22,33,8,2022,21,TAMIL NADU,CHHATTISGARH
28,36,8,2022,114,TELANGANA,ANDHRA PRADESH
32,36,8,2022,3,TELANGANA,KERALA
22,37,8,2022,11,LADAKH,CHHATTISGARH
22,01,9,2022,243,JAMMU AND KASHMIR,CHHATTISGARH
27,01,9,2022,5,JAMMU AND KASHMIR,MAHARASHTRA
08,02,9,2022,1,HIMACHAL PRADESH,RAJASTHAN
10,02,9,2022,1371,HIMACHAL PRADESH,BIHAR
18,02,9,2022,2,HIMACHAL PRADESH,ASSAM
20,02,9,2022,26,HIMACHAL PRADESH,JHARKHAND
21,02,9,2022,3,HIMACHAL PRADESH,ODISHA
07,03,9,2022,7,PUNJAB,DELHI
10,03,9,2022,785,PUNJAB,BIHAR
23,03,9,2022,9,PUNJAB,MADHYA PRADESH
10,04,9,2022,5,CHANDIGARH,BIHAR
09,05,9,2022,847,UTTARAKHAND,UTTAR PRADESH
01,06,9,2022,6,HARYANA,JAMMU AND KASHMIR
27,06,9,2022,15,HARYANA,MAHARASHTRA
09,07,9,2022,37114,DELHI,UTTAR PRADESH
22,07,9,2022,185,DELHI,CHHATTISGARH
06,08,9,2022,258,RAJASTHAN,HARYANA
22,08,9,2022,11,RAJASTHAN,CHHATTISGARH
24,08,9,2022,26,RAJASTHAN,GUJARAT
27,08,9,2022,10,RAJASTHAN,MAHARASHTRA
05,10,9,2022,5,BIHAR,UTTARAKHAND
18,10,9,2022,12,BIHAR,ASSAM
23,10,9,2022,46,BIHAR,MADHYA PRADESH
36,10,9,2022,2,BIHAR,TELANGANA
09,11,9,2022,1,SIKKIM,UTTAR PRADESH
10,12,9,2022,2,ARUNACHAL PRADESH,BIHAR
08,16,9,2022,1,TRIPURA,RAJASTHAN
20,16,9,2022,10,TRIPURA,JHARKHAND
07,19,9,2022,6,WEST BENGAL,DELHI
18,19,9,2022,1,WEST BENGAL,ASSAM
33,19,9,2022,2,WEST BENGAL,TAMIL NADU
36,19,9,2022,2,WEST BENGAL,TELANGANA
28,20,9,2022,1,JHARKHAND,ANDHRA PRADESH
06,21,9,2022,1,ODISHA,HARYANA
10,21,9,2022,22,ODISHA,BIHAR
19,22,9,2022,3,CHHATTISGARH,WEST BENGAL
23,22,9,2022,74,CHHATTISGARH,MADHYA PRADESH
27,23,9,2022,80,MADHYA PRADESH,MAHARASHTRA
32,23,9,2022,1,MADHYA PRADESH,KERALA
08,24,9,2022,427,GUJARAT,RAJASTHAN
10,24,9,2022,2526,GUJARAT,BIHAR
21,24,9,2022,275,GUJARAT,ODISHA
08,27,9,2022,81,MAHARASHTRA,RAJASTHAN
32,27,9,2022,6,MAHARASHTRA,KERALA
09,28,9,2022,2,ANDHRA PRADESH,UTTAR PRADESH
18,29,9,2022,3,KARNATAKA,ASSAM
19,30,9,2022,5,GOA,WEST BENGAL
24,30,9,2022,1,GOA,GUJARAT
33,30,9,2022,3,GOA,TAMIL NADU
20,32,9,2022,57,KERALA,JHARKHAND
28,32,9,2022,7,KERALA,ANDHRA PRADESH
29,32,9,2022,525,KERALA,KARNATAKA
29,33,9,2022,15,TAMIL NADU,KARNATAKA
21,35,9,2022,1,ANDAMAN AND NICOBAR ISLANDS,ODISHA
33,35,9,2022,2,ANDAMAN AND NICOBAR ISLANDS,TAMIL NADU
08,36,9,2022,1,TELANGANA,RAJASTHAN
22,37,9,2022,4,LADAKH,CHHATTISGARH
10,01,10,2022,505,JAMMU AND KASHMIR,BIHAR
18,01,10,2022,23,JAMMU AND KASHMIR,ASSAM
05,02,10,2022,12,HIMACHAL PRADESH,UTTARAKHAND
23,02,10,2022,97,HIMACHAL PRADESH,MADHYA PRADESH
10,03,10,2022,604,PUNJAB,BIHAR
09,04,10,2022,16,CHANDIGARH,UTTAR PRADESH
23,04,10,2022,1,CHANDIGARH,MADHYA PRADESH
02,05,10,2022,2,UTTARAKHAND,HIMACHAL PRADESH
08,05,10,2022,1,UTTARAKHAND,RAJASTHAN
22,05,10,2022,9,UTTARAKHAND,CHHATTISGARH
02,06,10,2022,5,HARYANA,HIMACHAL PRADESH
10,06,10,2022,24405,HARYANA,BIHAR
18,06,10,2022,10,HARYANA,ASSAM
21,06,10,2022,24,HARYANA,ODISHA
05,07,10,2022,2002,DELHI,UTTARAKHAND
09,07,10,2022,97232,DELHI,UTTAR PRADESH
05,08,10,2022,8,RAJASTHAN,UTTARAKHAND
27,08,10,2022,8,RAJASTHAN,MAHARASHTRA
06,10,10,2022,173,BIHAR,HARYANA
08,10,10,2022,29,BIHAR,RAJASTHAN
20,10,10,2022,424,BIHAR,JHARKHAND
27,10,10,2022,73,BIHAR,MAHARASHTRA
08,16,10,2022,1,TRIPURA,RAJASTHAN
10,19,10,2022,99,WEST BENGAL,BIHAR
06,20,10,2022,3,JHARKHAND,HARYANA
10,20,10,2022,469,JHARKHAND,BIHAR
22,20,10,2022,6,JHARKHAND,CHHATTISGARH
24,20,10,2022,1,JHARKHAND,GUJARAT
10,21,10,2022,14,ODISHA,BIHAR
20,21,10,2022,5,ODISHA,JHARKHAND
18,23,10,2022,1,MADHYA PRADESH,ASSAM
21,23,10,2022,8,MADHYA PRADESH,ODISHA
24,23,10,2022,9,MADHYA PRADESH,GUJARAT
29,23,10,2022,2,MADHYA PRADESH,KARNATAKA
06,24,10,2022,49,GUJARAT,HARYANA
18,24,10,2022,4,GUJARAT,ASSAM
21,24,10,2022,199,GUJARAT,ODISHA
23,24,10,2022,1799,GUJARAT,MADHYA PRADESH
27,24,10,2022,691,GUJARAT,MAHARASHTRA
28,24,10,2022,2,GUJARAT,ANDHRA PRADESH
29,24,10,2022,18,GUJARAT,KARNATAKA
01,27,10,2022,4,MAHARASHTRA,JAMMU AND KASHMIR
28,27,10,2022,8,MAHARASHTRA,ANDHRA PRADESH
21,28,10,2022,24,ANDHRA PRADESH,ODISHA
29,28,10,2022,6,ANDHRA PRADESH,KARNATAKA
01,29,10,2022,2,KARNATAKA,JAMMU AND KASHMIR
09,29,10,2022,115,KARNATAKA,UTTAR PRADESH
19,29,10,2022,2,KARNATAKA,WEST BENGAL
18,30,10,2022,2,GOA,ASSAM
19,30,10,2022,1,GOA,WEST BENGAL
07,32,10,2022,1,KERALA,DELHI
19,32,10,2022,12,KERALA,WEST BENGAL
21,32,10,2022,11,KERALA,ODISHA
22,32,10,2022,2,KERALA,CHHATTISGARH
18,33,10,2022,11,TAMIL NADU,ASSAM
29,33,10,2022,24,TAMIL NADU,KARNATAKA
08,36,10,2022,2,TELANGANA,RAJASTHAN
18,01,11,2022,17,JAMMU AND KASHMIR,ASSAM
10,03,11,2022,6,PUNJAB,BIHAR
06,04,11,2022,1,CHANDIGARH,HARYANA
09,04,11,2022,14,CHANDIGARH,UTTAR PRADESH
10,04,11,2022,16,CHANDIGARH,BIHAR
02,06,11,2022,12,HARYANA,HIMACHAL PRADESH
18,06,11,2022,10,HARYANA,ASSAM
22,06,11,2022,133,HARYANA,CHHATTISGARH
02,07,11,2022,104,DELHI,HIMACHAL PRADESH
06,07,11,2022,3532,DELHI,HARYANA
20,07,11,2022,3313,DELHI,JHARKHAND
23,07,11,2022,16867,DELHI,MADHYA PRADESH
32,07,11,2022,52,DELHI,KERALA
09,08,11,2022,2752,RAJASTHAN,UTTAR PRADESH
24,08,11,2022,26,RAJASTHAN,GUJARAT
01,09,11,2022,1,UTTAR PRADESH,JAMMU AND KASHMIR
10,09,11,2022,58,UTTAR PRADESH,BIHAR
20,09,11,2022,3,UTTAR PRADESH,JHARKHAND
23,09,11,2022,27,UTTAR PRADESH,MADHYA PRADESH
09,10,11,2022,768,BIHAR,UTTAR PRADESH
18,10,11,2022,43,BIHAR,ASSAM
20,10,11,2022,1187,BIHAR,JHARKHAND
29,10,11,2022,39,BIHAR,KARNATAKA
10,13,11,2022,4,NAGALAND,BIHAR
19,16,11,2022,22,TRIPURA,WEST BENGAL
23,19,11,2022,3,WEST BENGAL,MADHYA PRADESH
06,20,11,2022,5,JHARKHAND,HARYANA
28,20,11,2022,2,JHARKHAND,ANDHRA PRADESH
06,21,11,2022,1,ODISHA,HARYANA
19,22,11,2022,1,CHHATTISGARH,WEST BENGAL
20,22,11,2022,23,CHHATTISGARH,JHARKHAND
33,22,11,2022,1,CHHATTISGARH,TAMIL NADU
06,23,11,2022,9,MADHYA PRADESH,HARYANA
24,23,11,2022,14,MADHYA PRADESH,GUJARAT
32,23,11,2022,1,MADHYA PRADESH,KERALA
05,24,11,2022,2,GUJARAT,UTTARAKHAND
19,24,11,2022,4,GUJARAT,WEST BENGAL
23,24,11,2022,1847,GUJARAT,MADHYA PRADESH
29,24,11,2022,9,GUJARAT,KARNATAKA
01,27,11,2022,4,MAHARASHTRA,JAMMU AND KASHMIR
05,27,11,2022,9,MAHARASHTRA,UTTARAKHAND
06,27,11,2022,49,MAHARASHTRA,HARYANA
07,27,11,2022,28,MAHARASHTRA,DELHI
19,27,11,2022,99,MAHARASHTRA,WEST BENGAL
22,27,11,2022,33,MAHARASHTRA,CHHATTISGARH
24,27,11,2022,120,MAHARASHTRA,GUJARAT
28,27,11,2022,13,MAHARASHTRA,ANDHRA PRADESH
29,27,11,2022,271,MAHARASHTRA,KARNATAKA
32,27,11,2022,9,MAHARASHTRA,KERALA
08,28,11,2022,4,ANDHRA PRADESH,RAJASTHAN
07,29,11,2022,10,KARNATAKA,DELHI
10,29,11,2022,461,KARNATAKA,BIHAR
18,29,11,2022,15,KARNATAKA,ASSAM
19,29,11,2022,6,KARNATAKA,WEST BENGAL
23,29,11,2022,18,KARNATAKA,MADHYA PRADESH
24,29,11,2022,2,KARNATAKA,GUJARAT
01,30,11,2022,1,GOA,JAMMU AND KASHMIR
01,32,11,2022,6,KERALA,JAMMU AND KASHMIR
06,32,11,2022,4,KERALA,HARYANA
22,32,11,2022,5,KERALA,CHHATTISGARH
24,32,11,2022,2,KERALA,GUJARAT
27,32,11,2022,92,KERALA,MAHARASHTRA
30,32,11,2022,2,KERALA,GOA
33,32,11,2022,230,KERALA,TAMIL NADU
16,33,11,2022,1,TAMIL NADU,TRIPURA
28,33,11,2022,2,TAMIL NADU,ANDHRA PRADESH
08,34,11,2022,1,PUDUCHERRY,RAJASTHAN
28,34,11,2022,1,PUDUCHERRY,ANDHRA PRADESH
10,35,11,2022,8,ANDAMAN AND NICOBAR ISLANDS,BIHAR
27,36,11,2022,90,TELANGANA,MAHARASHTRA
32,36,11,2022,2,TELANGANA,KERALA
06,02,12,2022,23,HIMACHAL PRADESH,HARYANA
08,02,12,2022,1,HIMACHAL PRADESH,RAJASTHAN
10,02,12,2022,1693,HIMACHAL PRADESH,BIHAR
23,02,12,2022,123,HIMACHAL PRADESH,MADHYA PRADESH
08,03,12,2022,4,PUNJAB,RAJASTHAN
06,04,12,2022,1,CHANDIGARH,HARYANA
02,05,12,2022,2,UTTARAKHAND,HIMACHAL PRADESH
06,05,12,2022,15,UTTARAKHAND,HARYANA
19,05,12,2022,2,UTTARAKHAND,WEST BENGAL
21,05,12,2022,2,UTTARAKHAND,ODISHA
24,05,12,2022,1,UTTARAKHAND,GUJARAT
01,06,12,2022,21,HARYANA,JAMMU AND KASHMIR
10,06,12,2022,35241,HARYANA,BIHAR
33,28,4,2021,16,ANDHRA PRADESH,TAMIL NADU
23,29,4,2021,5,KARNATAKA,MADHYA PRADESH
24,29,4,2021,6,KARNATAKA,GUJARAT
27,30,4,2021,39,GOA,MAHARASHTRA
29,30,4,2021,226,GOA,KARNATAKA
20,32,4,2021,2,KERALA,JHARKHAND
24,32,4,2021,2,KERALA,GUJARAT
36,32,4,2021,2,KERALA,TELANGANA
06,36,4,2021,2,TELANGANA,HARYANA
09,01,5,2021,429,JAMMU AND KASHMIR,UTTAR PRADESH
21,02,5,2021,3,HIMACHAL PRADESH,ODISHA
02,05,5,2021,1,UTTARAKHAND,HIMACHAL PRADESH
27,05,5,2021,1,UTTARAKHAND,MAHARASHTRA
10,06,5,2021,286,HARYANA,BIHAR
10,08,5,2021,6,RAJASTHAN,BIHAR
23,08,5,2021,59,RAJASTHAN,MADHYA PRADESH
29,09,5,2021,4,UTTAR PRADESH,KARNATAKA
29,10,5,2021,2,BIHAR,KARNATAKA
10,13,5,2021,15,NAGALAND,BIHAR
10,16,5,2021,10,TRIPURA,BIHAR
06,20,5,2021,1,JHARKHAND,HARYANA
27,20,5,2021,8,JHARKHAND,MAHARASHTRA
27,24,5,2021,328,GUJARAT,MAHARASHTRA
28,27,5,2021,2,MAHARASHTRA,ANDHRA PRADESH
29,28,5,2021,40,ANDHRA PRADESH,KARNATAKA
10,29,5,2021,143,KARNATAKA,BIHAR
16,29,5,2021,2,KARNATAKA,TRIPURA
21,29,5,2021,28,KARNATAKA,ODISHA
09,30,5,2021,38,GOA,UTTAR PRADESH
20,30,5,2021,2,GOA,JHARKHAND
06,32,5,2021,1,KERALA,HARYANA
10,32,5,2021,9,KERALA,BIHAR
21,32,5,2021,1,KERALA,ODISHA
24,32,5,2021,2,KERALA,GUJARAT
33,36,5,2021,2,TELANGANA,TAMIL NADU
01,37,5,2021,2,LADAKH,JAMMU AND KASHMIR
09,01,6,2021,755,JAMMU AND KASHMIR,UTTAR PRADESH
23,01,6,2021,4,JAMMU AND KASHMIR,MADHYA PRADESH
09,02,6,2021,56,HIMACHAL PRADESH,UTTAR PRADESH
09,03,6,2021,72,PUNJAB,UTTAR PRADESH
10,03,6,2021,101,PUNJAB,BIHAR
09,04,6,2021,18,CHANDIGARH,UTTAR PRADESH
29,05,6,2021,1,UTTARAKHAND,KARNATAKA
23,06,6,2021,92,HARYANA,MADHYA PRADESH
23,08,6,2021,41,RAJASTHAN,MADHYA PRADESH
24,08,6,2021,15,RAJASTHAN,GUJARAT
21,09,6,2021,2,UTTAR PRADESH,ODISHA
33,10,6,2021,1,BIHAR,TAMIL NADU
09,20,6,2021,22,JHARKHAND,UTTAR PRADESH
27,20,6,2021,11,JHARKHAND,MAHARASHTRA
06,27,6,2021,15,MAHARASHTRA,HARYANA
20,27,6,2021,3,MAHARASHTRA,JHARKHAND
29,27,6,2021,56,MAHARASHTRA,KARNATAKA
09,28,6,2021,31,ANDHRA PRADESH,UTTAR PRADESH
23,28,6,2021,1,ANDHRA PRADESH,MADHYA PRADESH
27,28,6,2021,6,ANDHRA PRADESH,MAHARASHTRA
16,29,6,2021,3,KARNATAKA,TRIPURA
24,29,6,2021,9,KARNATAKA,GUJARAT
30,29,6,2021,9,KARNATAKA,GOA
32,29,6,2021,19,KARNATAKA,KERALA
10,30,6,2021,57,GOA,BIHAR
33,30,6,2021,1,GOA,TAMIL NADU
06,32,6,2021,1,KERALA,HARYANA
33,32,6,2021,34,KERALA,TAMIL NADU
13,36,6,2021,1,TELANGANA,NAGALAND
33,36,6,2021,1,TELANGANA,TAMIL NADU
01,37,6,2021,4,LADAKH,JAMMU AND KASHMIR
10,37,6,2021,1,LADAKH,BIHAR
21,01,7,2021,1,JAMMU AND KASHMIR,ODISHA
06,02,7,2021,1,HIMACHAL PRADESH,HARYANA
06,03,7,2021,1,PUNJAB,HARYANA
09,03,7,2021,90,PUNJAB,UTTAR PRADESH
10,03,7,2021,40,PUNJAB,BIHAR
02,06,7,2021,1,HARYANA,HIMACHAL PRADESH
23,06,7,2021,248,HARYANA,MADHYA PRADESH
02,07,7,2021,2,DELHI,HIMACHAL PRADESH
20,07,7,2021,85,DELHI,JHARKHAND
21,07,7,2021,22,DELHI,ODISHA
27,07,7,2021,4,DELHI,MAHARASHTRA
06,08,7,2021,130,RAJASTHAN,HARYANA
23,08,7,2021,87,RAJASTHAN,MADHYA PRADESH
24,08,7,2021,13,RAJASTHAN,GUJARAT
27,08,7,2021,5,RAJASTHAN,MAHARASHTRA
06,09,7,2021,175,UTTAR PRADESH,HARYANA
23,09,7,2021,2,UTTAR PRADESH,MADHYA PRADESH
24,09,7,2021,32,UTTAR PRADESH,GUJARAT
10,12,7,2021,5,ARUNACHAL PRADESH,BIHAR
09,16,7,2021,1,TRIPURA,UTTAR PRADESH
13,16,7,2021,1,TRIPURA,NAGALAND
10,20,7,2021,316,JHARKHAND,BIHAR
19,21,7,2021,3,ODISHA,WEST BENGAL
08,23,7,2021,4,MADHYA PRADESH,RAJASTHAN
09,23,7,2021,269,MADHYA PRADESH,UTTAR PRADESH
10,23,7,2021,110,MADHYA PRADESH,BIHAR
29,24,7,2021,7,GUJARAT,KARNATAKA
08,27,7,2021,1,MAHARASHTRA,RAJASTHAN
10,27,7,2021,1260,MAHARASHTRA,BIHAR
06,28,7,2021,2,ANDHRA PRADESH,HARYANA
27,28,7,2021,2,ANDHRA PRADESH,MAHARASHTRA
29,28,7,2021,21,ANDHRA PRADESH,KARNATAKA
10,29,7,2021,174,KARNATAKA,BIHAR
28,29,7,2021,17,KARNATAKA,ANDHRA PRADESH
09,30,7,2021,70,GOA,UTTAR PRADESH
20,30,7,2021,3,GOA,JHARKHAND
23,32,7,2021,17,KERALA,MADHYA PRADESH
24,32,7,2021,1,KERALA,GUJARAT
28,32,7,2021,1,KERALA,ANDHRA PRADESH
33,32,7,2021,34,KERALA,TAMIL NADU
36,32,7,2021,2,KERALA,TELANGANA
10,35,7,2021,9,ANDAMAN AND NICOBAR ISLANDS,BIHAR
23,36,7,2021,1,TELANGANA,MADHYA PRADESH
27,36,7,2021,20,TELANGANA,MAHARASHTRA
03,37,7,2021,1,LADAKH,PUNJAB
10,37,7,2021,9,LADAKH,BIHAR
20,01,8,2021,13,JAMMU AND KASHMIR,JHARKHAND
21,01,8,2021,1,JAMMU AND KASHMIR,ODISHA
23,01,8,2021,69,JAMMU AND KASHMIR,MADHYA PRADESH
05,02,8,2021,2,HIMACHAL PRADESH,UTTARAKHAND
10,02,8,2021,14,HIMACHAL PRADESH,BIHAR
06,03,8,2021,8,PUNJAB,HARYANA
08,03,8,2021,2,PUNJAB,RAJASTHAN
27,03,8,2021,1,PUNJAB,MAHARASHTRA
27,05,8,2021,2,UTTARAKHAND,MAHARASHTRA
02,06,8,2021,3,HARYANA,HIMACHAL PRADESH
10,06,8,2021,1980,HARYANA,BIHAR
13,06,8,2021,1,HARYANA,NAGALAND
20,06,8,2021,44,HARYANA,JHARKHAND
21,07,8,2021,9,DELHI,ODISHA
23,07,8,2021,955,DELHI,MADHYA PRADESH
27,07,8,2021,15,DELHI,MAHARASHTRA
29,08,8,2021,1,RAJASTHAN,KARNATAKA
06,09,8,2021,222,UTTAR PRADESH,HARYANA
20,09,8,2021,53,UTTAR PRADESH,JHARKHAND
06,10,8,2021,36,BIHAR,HARYANA
10,13,8,2021,24,NAGALAND,BIHAR
10,14,8,2021,2,MANIPUR,BIHAR
24,19,8,2021,1,WEST BENGAL,GUJARAT
09,21,8,2021,10,ODISHA,UTTAR PRADESH
20,21,8,2021,4,ODISHA,JHARKHAND
24,21,8,2021,1,ODISHA,GUJARAT
27,21,8,2021,1,ODISHA,MAHARASHTRA
29,21,8,2021,2,ODISHA,KARNATAKA
06,22,8,2021,1,CHHATTISGARH,HARYANA
08,23,8,2021,31,MADHYA PRADESH,RAJASTHAN
09,23,8,2021,439,MADHYA PRADESH,UTTAR PRADESH
21,23,8,2021,2,MADHYA PRADESH,ODISHA
02,24,8,2021,1,GUJARAT,HIMACHAL PRADESH
09,24,8,2021,2209,GUJARAT,UTTAR PRADESH
23,24,8,2021,328,GUJARAT,MADHYA PRADESH
05,27,8,2021,3,MAHARASHTRA,UTTARAKHAND
06,27,8,2021,13,MAHARASHTRA,HARYANA
20,27,8,2021,8,MAHARASHTRA,JHARKHAND
23,27,8,2021,77,MAHARASHTRA,MADHYA PRADESH
08,28,8,2021,4,ANDHRA PRADESH,RAJASTHAN
29,28,8,2021,27,ANDHRA PRADESH,KARNATAKA
33,28,8,2021,4,ANDHRA PRADESH,TAMIL NADU
20,29,8,2021,8,KARNATAKA,JHARKHAND
08,30,8,2021,1,GOA,RAJASTHAN
23,30,8,2021,5,GOA,MADHYA PRADESH
29,30,8,2021,273,GOA,KARNATAKA
20,32,8,2021,5,KERALA,JHARKHAND
28,32,8,2021,1,KERALA,ANDHRA PRADESH
06,36,8,2021,3,TELANGANA,HARYANA
23,36,8,2021,1,TELANGANA,MADHYA PRADESH
27,36,8,2021,25,TELANGANA,MAHARASHTRA
03,37,8,2021,1,LADAKH,PUNJAB
10,37,8,2021,7,LADAKH,BIHAR
10,01,9,2021,232,JAMMU AND KASHMIR,BIHAR
21,01,9,2021,6,JAMMU AND KASHMIR,ODISHA
10,02,9,2021,209,HIMACHAL PRADESH,BIHAR
23,02,9,2021,8,HIMACHAL PRADESH,MADHYA PRADESH
05,03,9,2021,4,PUNJAB,UTTARAKHAND
20,03,9,2021,9,PUNJAB,JHARKHAND
27,03,9,2021,1,PUNJAB,MAHARASHTRA
09,04,9,2021,7,CHANDIGARH,UTTAR PRADESH
10,04,9,2021,8,CHANDIGARH,BIHAR
08,05,9,2021,1,UTTARAKHAND,RAJASTHAN
10,05,9,2021,199,UTTARAKHAND,BIHAR
21,05,9,2021,2,UTTARAKHAND,ODISHA
02,06,9,2021,2,HARYANA,HIMACHAL PRADESH
09,06,9,2021,8681,HARYANA,UTTAR PRADESH
19,06,9,2021,4,HARYANA,WEST BENGAL
23,06,9,2021,656,HARYANA,MADHYA PRADESH
27,06,9,2021,6,HARYANA,MAHARASHTRA
02,07,9,2021,19,DELHI,HIMACHAL PRADESH
03,07,9,2021,18,DELHI,PUNJAB
09,07,9,2021,46333,DELHI,UTTAR PRADESH
24,08,9,2021,15,RAJASTHAN,GUJARAT
29,08,9,2021,1,RAJASTHAN,KARNATAKA
23,09,9,2021,18,UTTAR PRADESH,MADHYA PRADESH
24,09,9,2021,14,UTTAR PRADESH,GUJARAT
20,10,9,2021,47,BIHAR,JHARKHAND
27,10,9,2021,21,BIHAR,MAHARASHTRA
10,14,9,2021,3,MANIPUR,BIHAR
09,19,9,2021,6,WEST BENGAL,UTTAR PRADESH
20,19,9,2021,3,WEST BENGAL,JHARKHAND
05,20,9,2021,1,JHARKHAND,UTTARAKHAND
10,20,9,2021,476,JHARKHAND,BIHAR
28,21,9,2021,2,ODISHA,ANDHRA PRADESH
10,23,9,2021,239,MADHYA PRADESH,BIHAR
20,23,9,2021,24,MADHYA PRADESH,JHARKHAND
32,24,9,2021,3,GUJARAT,KERALA
23,27,9,2021,138,MAHARASHTRA,MADHYA PRADESH
28,27,9,2021,3,MAHARASHTRA,ANDHRA PRADESH
36,28,9,2021,10,ANDHRA PRADESH,TELANGANA
28,29,9,2021,34,KARNATAKA,ANDHRA PRADESH
06,30,9,2021,1,GOA,HARYANA
08,30,9,2021,3,GOA,RAJASTHAN
23,30,9,2021,3,GOA,MADHYA PRADESH
27,30,9,2021,22,GOA,MAHARASHTRA
28,30,9,2021,1,GOA,ANDHRA PRADESH
36,30,9,2021,2,GOA,TELANGANA
19,32,9,2021,1,KERALA,WEST BENGAL
21,32,9,2021,6,KERALA,ODISHA
36,32,9,2021,1,KERALA,TELANGANA
10,33,9,2021,47,TAMIL NADU,BIHAR
27,33,9,2021,1,TAMIL NADU,MAHARASHTRA
28,35,9,2021,1,ANDAMAN AND NICOBAR ISLANDS,ANDHRA PRADESH
23,36,9,2021,4,TELANGANA,MADHYA PRADESH
24,06,12,2022,42,HARYANA,GUJARAT
27,06,12,2022,39,HARYANA,MAHARASHTRA
29,06,12,2022,4,HARYANA,KARNATAKA
36,06,12,2022,1,HARYANA,TELANGANA
21,07,12,2022,416,DELHI,ODISHA
23,07,12,2022,18745,DELHI,MADHYA PRADESH
24,07,12,2022,155,DELHI,GUJARAT
27,07,12,2022,161,DELHI,MAHARASHTRA
33,07,12,2022,378,DELHI,TAMIL NADU
01,08,12,2022,4,RAJASTHAN,JAMMU AND KASHMIR
10,08,12,2022,1698,RAJASTHAN,BIHAR
18,08,12,2022,4,RAJASTHAN,ASSAM
23,08,12,2022,885,RAJASTHAN,MADHYA PRADESH
28,08,12,2022,2,RAJASTHAN,ANDHRA PRADESH
01,10,12,2022,1,BIHAR,JAMMU AND KASHMIR
20,10,12,2022,249,BIHAR,JHARKHAND
27,10,12,2022,81,BIHAR,MAHARASHTRA
29,10,12,2022,23,BIHAR,KARNATAKA
08,16,12,2022,2,TRIPURA,RAJASTHAN
19,16,12,2022,20,TRIPURA,WEST BENGAL
20,16,12,2022,46,TRIPURA,JHARKHAND
09,19,12,2022,12,WEST BENGAL,UTTAR PRADESH
22,19,12,2022,7,WEST BENGAL,CHHATTISGARH
24,20,12,2022,1,JHARKHAND,GUJARAT
28,20,12,2022,1,JHARKHAND,ANDHRA PRADESH
27,21,12,2022,2,ODISHA,MAHARASHTRA
27,23,12,2022,108,MADHYA PRADESH,MAHARASHTRA
32,23,12,2022,2,MADHYA PRADESH,KERALA
32,24,12,2022,3,GUJARAT,KERALA
09,27,12,2022,15129,MAHARASHTRA,UTTAR PRADESH
10,27,12,2022,14627,MAHARASHTRA,BIHAR
18,27,12,2022,3,MAHARASHTRA,ASSAM
20,27,12,2022,399,MAHARASHTRA,JHARKHAND
24,27,12,2022,167,MAHARASHTRA,GUJARAT
10,28,12,2022,6,ANDHRA PRADESH,BIHAR
19,28,12,2022,1,ANDHRA PRADESH,WEST BENGAL
09,29,12,2022,143,KARNATAKA,UTTAR PRADESH
16,29,12,2022,1,KARNATAKA,TRIPURA
20,29,12,2022,15,KARNATAKA,JHARKHAND
22,29,12,2022,17,KARNATAKA,CHHATTISGARH
24,29,12,2022,4,KARNATAKA,GUJARAT
28,29,12,2022,38,KARNATAKA,ANDHRA PRADESH
10,30,12,2022,211,GOA,BIHAR
23,30,12,2022,29,GOA,MADHYA PRADESH
27,30,12,2022,46,GOA,MAHARASHTRA
09,32,12,2022,134,KERALA,UTTAR PRADESH
18,32,12,2022,29,KERALA,ASSAM
23,32,12,2022,150,KERALA,MADHYA PRADESH
20,33,12,2022,14,TAMIL NADU,JHARKHAND
23,33,12,2022,6,TAMIL NADU,MADHYA PRADESH
28,33,12,2022,6,TAMIL NADU,ANDHRA PRADESH
09,34,12,2022,4,PUDUCHERRY,UTTAR PRADESH
10,35,12,2022,2,ANDAMAN AND NICOBAR ISLANDS,BIHAR
32,36,12,2022,2,TELANGANA,KERALA
09,01,1,2023,345,JAMMU AND KASHMIR,UTTAR PRADESH
07,02,1,2023,11,HIMACHAL PRADESH,DELHI
22,02,1,2023,12,HIMACHAL PRADESH,CHHATTISGARH
23,02,1,2023,96,HIMACHAL PRADESH,MADHYA PRADESH
05,04,1,2023,1,CHANDIGARH,UTTARAKHAND
09,04,1,2023,9,CHANDIGARH,UTTAR PRADESH
10,04,1,2023,17,CHANDIGARH,BIHAR
10,05,1,2023,913,UTTARAKHAND,BIHAR
18,05,1,2023,1,UTTARAKHAND,ASSAM
29,05,1,2023,1,UTTARAKHAND,KARNATAKA
07,06,1,2023,289,HARYANA,DELHI
10,07,1,2023,114814,DELHI,BIHAR
18,07,1,2023,41,DELHI,ASSAM
20,07,1,2023,2054,DELHI,JHARKHAND
21,07,1,2023,29,DELHI,ODISHA
33,07,1,2023,280,DELHI,TAMIL NADU
09,08,1,2023,5115,RAJASTHAN,UTTAR PRADESH
21,08,1,2023,1,RAJASTHAN,ODISHA
22,08,1,2023,35,RAJASTHAN,CHHATTISGARH
23,08,1,2023,1082,RAJASTHAN,MADHYA PRADESH
27,08,1,2023,12,RAJASTHAN,MAHARASHTRA
08,16,1,2023,1,TRIPURA,RAJASTHAN
10,16,1,2023,1016,TRIPURA,BIHAR
19,16,1,2023,15,TRIPURA,WEST BENGAL
16,17,1,2023,1,MEGHALAYA,TRIPURA
09,19,1,2023,36,WEST BENGAL,UTTAR PRADESH
23,19,1,2023,4,WEST BENGAL,MADHYA PRADESH
29,19,1,2023,1,WEST BENGAL,KARNATAKA
09,20,1,2023,30,JHARKHAND,UTTAR PRADESH
10,20,1,2023,503,JHARKHAND,BIHAR
29,20,1,2023,1,JHARKHAND,KARNATAKA
09,22,1,2023,64,CHHATTISGARH,UTTAR PRADESH
10,23,1,2023,639,MADHYA PRADESH,BIHAR
27,23,1,2023,109,MADHYA PRADESH,MAHARASHTRA
05,24,1,2023,1,GUJARAT,UTTARAKHAND
08,24,1,2023,344,GUJARAT,RAJASTHAN
10,24,1,2023,2330,GUJARAT,BIHAR
27,24,1,2023,704,GUJARAT,MAHARASHTRA
09,27,1,2023,12315,MAHARASHTRA,UTTAR PRADESH
18,27,1,2023,8,MAHARASHTRA,ASSAM
33,27,1,2023,489,MAHARASHTRA,TAMIL NADU
21,29,1,2023,2,KARNATAKA,ODISHA
22,29,1,2023,4,KARNATAKA,CHHATTISGARH
33,29,1,2023,5,KARNATAKA,TAMIL NADU
29,30,1,2023,157,GOA,KARNATAKA
08,32,1,2023,1,KERALA,RAJASTHAN
18,32,1,2023,15,KERALA,ASSAM
19,32,1,2023,14,KERALA,WEST BENGAL
18,33,1,2023,27,TAMIL NADU,ASSAM
29,33,1,2023,17,TAMIL NADU,KARNATAKA
09,34,1,2023,46,PUDUCHERRY,UTTAR PRADESH
19,35,1,2023,7,ANDAMAN AND NICOBAR ISLANDS,WEST BENGAL
20,35,1,2023,1,ANDAMAN AND NICOBAR ISLANDS,JHARKHAND
06,36,1,2023,15,TELANGANA,HARYANA
09,01,2,2023,341,JAMMU AND KASHMIR,UTTAR PRADESH
01,02,2,2023,3,HIMACHAL PRADESH,JAMMU AND KASHMIR
20,02,2,2023,34,HIMACHAL PRADESH,JHARKHAND
09,04,2,2023,6,CHANDIGARH,UTTAR PRADESH
10,04,2,2023,17,CHANDIGARH,BIHAR
19,05,2,2023,1,UTTARAKHAND,WEST BENGAL
33,05,2,2023,1,UTTARAKHAND,TAMIL NADU
01,06,2,2023,10,HARYANA,JAMMU AND KASHMIR
10,06,2,2023,13276,HARYANA,BIHAR
18,06,2,2023,2,HARYANA,ASSAM
27,06,2,2023,5,HARYANA,MAHARASHTRA
02,07,2,2023,60,DELHI,HIMACHAL PRADESH
06,07,2,2023,7,DELHI,HARYANA
09,07,2,2023,98343,DELHI,UTTAR PRADESH
18,07,2,2023,55,DELHI,ASSAM
19,07,2,2023,745,DELHI,WEST BENGAL
20,07,2,2023,2290,DELHI,JHARKHAND
24,07,2,2023,93,DELHI,GUJARAT
29,07,2,2023,11,DELHI,KARNATAKA
24,08,2,2023,35,RAJASTHAN,GUJARAT
29,08,2,2023,6,RAJASTHAN,KARNATAKA
23,10,2,2023,45,BIHAR,MADHYA PRADESH
29,10,2,2023,14,BIHAR,KARNATAKA
10,11,2,2023,50,SIKKIM,BIHAR
10,16,2,2023,625,TRIPURA,BIHAR
19,16,2,2023,7,TRIPURA,WEST BENGAL
28,16,2,2023,1,TRIPURA,ANDHRA PRADESH
18,17,2,2023,1,MEGHALAYA,ASSAM
01,19,2,2023,8,WEST BENGAL,JAMMU AND KASHMIR
18,19,2,2023,6,WEST BENGAL,ASSAM
22,19,2,2023,10,WEST BENGAL,CHHATTISGARH
10,22,2,2023,77,CHHATTISGARH,BIHAR
20,22,2,2023,12,CHHATTISGARH,JHARKHAND
23,22,2,2023,55,CHHATTISGARH,MADHYA PRADESH
27,22,2,2023,4,CHHATTISGARH,MAHARASHTRA
05,23,2,2023,1,MADHYA PRADESH,UTTARAKHAND
22,23,2,2023,271,MADHYA PRADESH,CHHATTISGARH
36,23,2,2023,1,MADHYA PRADESH,TELANGANA
07,24,2,2023,27,GUJARAT,DELHI
23,27,2,2023,17,MAHARASHTRA,MADHYA PRADESH
10,29,2,2023,427,KARNATAKA,BIHAR
16,29,2,2023,3,KARNATAKA,TRIPURA
23,29,2,2023,14,KARNATAKA,MADHYA PRADESH
27,29,2,2023,50,KARNATAKA,MAHARASHTRA
09,30,2,2023,78,GOA,UTTAR PRADESH
10,30,2,2023,165,GOA,BIHAR
01,32,2,2023,3,KERALA,JAMMU AND KASHMIR
18,32,2,2023,25,KERALA,ASSAM
24,32,2,2023,2,KERALA,GUJARAT
28,32,2,2023,9,KERALA,ANDHRA PRADESH
33,32,2,2023,202,KERALA,TAMIL NADU
07,33,2,2023,2,TAMIL NADU,DELHI
09,33,2,2023,11,TAMIL NADU,UTTAR PRADESH
22,33,2,2023,11,TAMIL NADU,CHHATTISGARH
28,34,2,2023,1,PUDUCHERRY,ANDHRA PRADESH
22,36,2,2023,81,TELANGANA,CHHATTISGARH
27,36,2,2023,386,TELANGANA,MAHARASHTRA
18,01,3,2023,5,JAMMU AND KASHMIR,ASSAM
19,01,3,2023,3,JAMMU AND KASHMIR,WEST BENGAL
20,01,3,2023,7,JAMMU AND KASHMIR,JHARKHAND
22,01,3,2023,153,JAMMU AND KASHMIR,CHHATTISGARH
09,02,3,2023,3883,HIMACHAL PRADESH,UTTAR PRADESH
19,02,3,2023,7,HIMACHAL PRADESH,WEST BENGAL
22,02,3,2023,14,HIMACHAL PRADESH,CHHATTISGARH
08,03,3,2023,1,PUNJAB,RAJASTHAN
09,03,3,2023,88,PUNJAB,UTTAR PRADESH
09,04,3,2023,6,CHANDIGARH,UTTAR PRADESH
09,05,3,2023,3248,UTTARAKHAND,UTTAR PRADESH
23,05,3,2023,22,UTTARAKHAND,MADHYA PRADESH
18,07,3,2023,78,DELHI,ASSAM
22,07,3,2023,240,DELHI,CHHATTISGARH
05,08,3,2023,9,RAJASTHAN,UTTARAKHAND
09,08,3,2023,4379,RAJASTHAN,UTTAR PRADESH
10,08,3,2023,1617,RAJASTHAN,BIHAR
07,09,3,2023,15,UTTAR PRADESH,DELHI
27,09,3,2023,10,UTTAR PRADESH,MAHARASHTRA
09,10,3,2023,510,BIHAR,UTTAR PRADESH
18,10,3,2023,22,BIHAR,ASSAM
23,11,3,2023,1,SIKKIM,MADHYA PRADESH
09,16,3,2023,2,TRIPURA,UTTAR PRADESH
19,16,3,2023,7,TRIPURA,WEST BENGAL
22,16,3,2023,1,TRIPURA,CHHATTISGARH
10,17,3,2023,5,MEGHALAYA,BIHAR
19,17,3,2023,1,MEGHALAYA,WEST BENGAL
05,19,3,2023,1,WEST BENGAL,UTTARAKHAND
09,20,3,2023,24,JHARKHAND,UTTAR PRADESH
09,22,3,2023,18,CHHATTISGARH,UTTAR PRADESH
08,23,3,2023,39,MADHYA PRADESH,RAJASTHAN
24,23,3,2023,13,MADHYA PRADESH,GUJARAT
18,24,3,2023,3,GUJARAT,ASSAM
22,24,3,2023,174,GUJARAT,CHHATTISGARH
05,27,3,2023,24,MAHARASHTRA,UTTARAKHAND
18,27,3,2023,9,MAHARASHTRA,ASSAM
32,27,3,2023,10,MAHARASHTRA,KERALA
08,29,3,2023,1,KARNATAKA,RAJASTHAN
20,29,3,2023,21,KARNATAKA,JHARKHAND
19,30,3,2023,2,GOA,WEST BENGAL
20,30,3,2023,8,GOA,JHARKHAND
22,30,3,2023,4,GOA,CHHATTISGARH
06,08,1,2020,29,RAJASTHAN,HARYANA
08,23,1,2020,5,MADHYA PRADESH,RAJASTHAN
16,23,1,2020,1,MADHYA PRADESH,TRIPURA
24,23,1,2020,1,MADHYA PRADESH,GUJARAT
27,23,1,2020,20,MADHYA PRADESH,MAHARASHTRA
32,23,1,2020,10,MADHYA PRADESH,KERALA
23,24,1,2020,2,GUJARAT,MADHYA PRADESH
27,24,1,2020,1,GUJARAT,MAHARASHTRA
29,28,1,2020,1,ANDHRA PRADESH,KARNATAKA
23,08,2,2020,1,RAJASTHAN,MADHYA PRADESH
23,27,2,2020,1,MAHARASHTRA,MADHYA PRADESH
27,32,2,2020,8,KERALA,MAHARASHTRA
28,36,2,2020,506,TELANGANA,ANDHRA PRADESH
06,03,3,2020,2,PUNJAB,HARYANA
09,06,3,2020,3,HARYANA,UTTAR PRADESH
23,08,3,2020,11,RAJASTHAN,MADHYA PRADESH
32,29,3,2020,1,KARNATAKA,KERALA
23,36,3,2020,1,TELANGANA,MADHYA PRADESH
06,09,4,2020,33,UTTAR PRADESH,HARYANA
08,24,4,2020,6,GUJARAT,RAJASTHAN
27,30,4,2020,1,GOA,MAHARASHTRA
29,30,4,2020,10,GOA,KARNATAKA
06,09,5,2020,29,UTTAR PRADESH,HARYANA
08,09,5,2020,4,UTTAR PRADESH,RAJASTHAN
06,11,5,2020,5,SIKKIM,HARYANA
06,13,5,2020,1,NAGALAND,HARYANA
09,23,5,2020,1,MADHYA PRADESH,UTTAR PRADESH
28,29,5,2020,1,KARNATAKA,ANDHRA PRADESH
09,01,6,2020,3,JAMMU AND KASHMIR,UTTAR PRADESH
23,01,6,2020,6,JAMMU AND KASHMIR,MADHYA PRADESH
27,09,6,2020,137,UTTAR PRADESH,MAHARASHTRA
32,29,6,2020,2,KARNATAKA,KERALA
27,32,6,2020,12,KERALA,MAHARASHTRA
23,06,7,2020,1,HARYANA,MADHYA PRADESH
27,24,7,2020,4,GUJARAT,MAHARASHTRA
10,27,7,2020,8,MAHARASHTRA,BIHAR
23,27,7,2020,2,MAHARASHTRA,MADHYA PRADESH
27,30,7,2020,38,GOA,MAHARASHTRA
29,32,7,2020,92,KERALA,KARNATAKA
23,01,8,2020,1,JAMMU AND KASHMIR,MADHYA PRADESH
09,05,8,2020,10,UTTARAKHAND,UTTAR PRADESH
06,09,8,2020,50,UTTAR PRADESH,HARYANA
10,20,8,2020,26,JHARKHAND,BIHAR
09,23,8,2020,4,MADHYA PRADESH,UTTAR PRADESH
06,24,8,2020,2,GUJARAT,HARYANA
32,24,8,2020,1,GUJARAT,KERALA
09,27,8,2020,17,MAHARASHTRA,UTTAR PRADESH
27,29,8,2020,8,KARNATAKA,MAHARASHTRA
06,31,8,2020,31,LAKSHADWEEP,HARYANA
09,32,8,2020,10,KERALA,UTTAR PRADESH
23,36,8,2020,1,TELANGANA,MADHYA PRADESH
29,36,8,2020,12,TELANGANA,KARNATAKA
23,01,9,2020,1,JAMMU AND KASHMIR,MADHYA PRADESH
10,13,9,2020,8,NAGALAND,BIHAR
27,20,9,2020,25,JHARKHAND,MAHARASHTRA
27,23,9,2020,1,MADHYA PRADESH,MAHARASHTRA
23,27,9,2020,6,MAHARASHTRA,MADHYA PRADESH
30,28,9,2020,1,ANDHRA PRADESH,GOA
36,28,9,2020,18,ANDHRA PRADESH,TELANGANA
09,30,9,2020,14,GOA,UTTAR PRADESH
09,32,9,2020,9,KERALA,UTTAR PRADESH
30,33,9,2020,14,TAMIL NADU,GOA
06,35,9,2020,2,ANDAMAN AND NICOBAR ISLANDS,HARYANA
28,36,9,2020,215,TELANGANA,ANDHRA PRADESH
29,36,9,2020,22,TELANGANA,KARNATAKA
01,37,9,2020,2,LADAKH,JAMMU AND KASHMIR
09,01,10,2020,45,JAMMU AND KASHMIR,UTTAR PRADESH
23,01,10,2020,1,JAMMU AND KASHMIR,MADHYA PRADESH
23,06,10,2020,64,HARYANA,MADHYA PRADESH
36,06,10,2020,1,HARYANA,TELANGANA
27,09,10,2020,389,UTTAR PRADESH,MAHARASHTRA
10,16,10,2020,2,TRIPURA,BIHAR
10,20,10,2020,119,JHARKHAND,BIHAR
08,23,10,2020,1,MADHYA PRADESH,RAJASTHAN
24,23,10,2020,1,MADHYA PRADESH,GUJARAT
27,23,10,2020,6,MADHYA PRADESH,MAHARASHTRA
29,27,10,2020,8,MAHARASHTRA,KARNATAKA
23,28,10,2020,2,ANDHRA PRADESH,MADHYA PRADESH
10,30,10,2020,26,GOA,BIHAR
29,32,10,2020,93,KERALA,KARNATAKA
29,36,10,2020,28,TELANGANA,KARNATAKA
01,06,11,2020,1,HARYANA,JAMMU AND KASHMIR
10,06,11,2020,42,HARYANA,BIHAR
24,08,11,2020,2,RAJASTHAN,GUJARAT
29,09,11,2020,3,UTTAR PRADESH,KARNATAKA
06,10,11,2020,1,BIHAR,HARYANA
09,10,11,2020,4,BIHAR,UTTAR PRADESH
23,10,11,2020,1,BIHAR,MADHYA PRADESH
10,13,11,2020,17,NAGALAND,BIHAR
09,20,11,2020,14,JHARKHAND,UTTAR PRADESH
27,24,11,2020,52,GUJARAT,MAHARASHTRA
10,28,11,2020,1,ANDHRA PRADESH,BIHAR
09,29,11,2020,2,KARNATAKA,UTTAR PRADESH
10,30,11,2020,20,GOA,BIHAR
27,30,11,2020,22,GOA,MAHARASHTRA
09,01,12,2020,67,JAMMU AND KASHMIR,UTTAR PRADESH
10,01,12,2020,28,JAMMU AND KASHMIR,BIHAR
23,01,12,2020,1,JAMMU AND KASHMIR,MADHYA PRADESH
09,05,12,2020,8,UTTARAKHAND,UTTAR PRADESH
03,06,12,2020,1,HARYANA,PUNJAB
23,06,12,2020,24,HARYANA,MADHYA PRADESH
23,08,12,2020,37,RAJASTHAN,MADHYA PRADESH
24,08,12,2020,33,RAJASTHAN,GUJARAT
27,08,12,2020,3,RAJASTHAN,MAHARASHTRA
08,09,12,2020,18,UTTAR PRADESH,RAJASTHAN
06,10,12,2020,2,BIHAR,HARYANA
09,20,12,2020,11,JHARKHAND,UTTAR PRADESH
27,20,12,2020,5,JHARKHAND,MAHARASHTRA
10,23,12,2020,27,MADHYA PRADESH,BIHAR
10,30,12,2020,19,GOA,BIHAR
20,30,12,2020,1,GOA,JHARKHAND
09,32,12,2020,9,KERALA,UTTAR PRADESH
29,32,12,2020,74,KERALA,KARNATAKA
10,35,12,2020,1,ANDAMAN AND NICOBAR ISLANDS,BIHAR
23,36,12,2020,3,TELANGANA,MADHYA PRADESH
28,36,12,2020,250,TELANGANA,ANDHRA PRADESH
08,01,1,2021,1,JAMMU AND KASHMIR,RAJASTHAN
09,01,1,2021,165,JAMMU AND KASHMIR,UTTAR PRADESH
20,01,1,2021,6,JAMMU AND KASHMIR,JHARKHAND
09,06,1,2021,850,HARYANA,UTTAR PRADESH
20,09,1,2021,21,UTTAR PRADESH,JHARKHAND
36,09,1,2021,5,UTTAR PRADESH,TELANGANA
10,17,1,2021,1,MEGHALAYA,BIHAR
09,20,1,2021,15,JHARKHAND,UTTAR PRADESH
20,23,1,2021,2,MADHYA PRADESH,JHARKHAND
08,24,1,2021,56,GUJARAT,RAJASTHAN
10,29,1,2021,35,KARNATAKA,BIHAR
24,29,1,2021,4,KARNATAKA,GUJARAT
27,29,1,2021,12,KARNATAKA,MAHARASHTRA
28,29,1,2021,3,KARNATAKA,ANDHRA PRADESH
33,29,1,2021,6,KARNATAKA,TAMIL NADU
09,30,1,2021,26,GOA,UTTAR PRADESH
23,30,1,2021,4,GOA,MADHYA PRADESH
06,36,1,2021,3,TELANGANA,HARYANA
23,36,1,2021,4,TELANGANA,MADHYA PRADESH
24,36,1,2021,1,TELANGANA,GUJARAT
28,36,1,2021,191,TELANGANA,ANDHRA PRADESH
06,01,2,2021,27,JAMMU AND KASHMIR,HARYANA
10,02,2,2021,6,HIMACHAL PRADESH,BIHAR
36,06,2,2021,1,HARYANA,TELANGANA
27,08,2,2021,4,RAJASTHAN,MAHARASHTRA
29,09,2,2021,1,UTTAR PRADESH,KARNATAKA
24,10,2,2021,1,BIHAR,GUJARAT
27,10,2,2021,5,BIHAR,MAHARASHTRA
27,20,2,2021,4,JHARKHAND,MAHARASHTRA
09,24,2,2021,359,GUJARAT,UTTAR PRADESH
09,27,2,2021,156,MAHARASHTRA,UTTAR PRADESH
20,27,2,2021,1,MAHARASHTRA,JHARKHAND
23,27,2,2021,1,MAHARASHTRA,MADHYA PRADESH
10,29,2,2021,65,KARNATAKA,BIHAR
32,29,2,2021,5,KARNATAKA,KERALA
27,30,2,2021,23,GOA,MAHARASHTRA
29,32,2,2021,113,KERALA,KARNATAKA
28,36,2,2021,12,TELANGANA,ANDHRA PRADESH
29,36,2,2021,29,TELANGANA,KARNATAKA
10,06,3,2021,104,HARYANA,BIHAR
24,08,3,2021,7,RAJASTHAN,GUJARAT
36,09,3,2021,8,UTTAR PRADESH,TELANGANA
20,10,3,2021,4,BIHAR,JHARKHAND
32,13,3,2021,1,NAGALAND,KERALA
06,16,3,2021,3,TRIPURA,HARYANA
10,17,3,2021,1,MEGHALAYA,BIHAR
08,23,3,2021,1,MADHYA PRADESH,RAJASTHAN
20,23,3,2021,6,MADHYA PRADESH,JHARKHAND
23,24,3,2021,57,GUJARAT,MADHYA PRADESH
06,27,3,2021,5,MAHARASHTRA,HARYANA
08,27,3,2021,5,MAHARASHTRA,RAJASTHAN
09,27,3,2021,565,MAHARASHTRA,UTTAR PRADESH
10,27,3,2021,290,MAHARASHTRA,BIHAR
28,27,3,2021,1,MAHARASHTRA,ANDHRA PRADESH
27,29,3,2021,12,KARNATAKA,MAHARASHTRA
32,29,3,2021,8,KARNATAKA,KERALA
09,30,3,2021,47,GOA,UTTAR PRADESH
23,30,3,2021,4,GOA,MADHYA PRADESH
29,30,3,2021,180,GOA,KARNATAKA
23,32,3,2021,3,KERALA,MADHYA PRADESH
29,32,3,2021,140,KERALA,KARNATAKA
29,36,3,2021,54,TELANGANA,KARNATAKA
03,01,4,2021,3,JAMMU AND KASHMIR,PUNJAB
27,01,4,2021,5,JAMMU AND KASHMIR,MAHARASHTRA
06,02,4,2021,1,HIMACHAL PRADESH,HARYANA
09,02,4,2021,35,HIMACHAL PRADESH,UTTAR PRADESH
21,02,4,2021,3,HIMACHAL PRADESH,ODISHA
10,05,4,2021,15,UTTARAKHAND,BIHAR
24,06,4,2021,1,HARYANA,GUJARAT
21,09,4,2021,2,UTTAR PRADESH,ODISHA
24,09,4,2021,29,UTTAR PRADESH,GUJARAT
29,09,4,2021,7,UTTAR PRADESH,KARNATAKA
20,10,4,2021,36,BIHAR,JHARKHAND
24,10,4,2021,1,BIHAR,GUJARAT
10,13,4,2021,16,NAGALAND,BIHAR
13,16,4,2021,1,TRIPURA,NAGALAND
06,24,4,2021,10,GUJARAT,HARYANA
08,24,4,2021,244,GUJARAT,RAJASTHAN
36,24,4,2021,2,GUJARAT,TELANGANA
06,27,4,2021,13,MAHARASHTRA,HARYANA
08,27,4,2021,29,MAHARASHTRA,RAJASTHAN
09,27,4,2021,1266,MAHARASHTRA,UTTAR PRADESH
24,27,4,2021,19,MAHARASHTRA,GUJARAT
29,27,4,2021,39,MAHARASHTRA,KARNATAKA
10,28,4,2021,571,ANDHRA PRADESH,BIHAR
21,28,4,2021,264,ANDHRA PRADESH,ODISHA
29,30,10,2023,189,GOA,KARNATAKA
32,30,10,2023,1,GOA,KERALA
09,32,10,2023,198,KERALA,UTTAR PRADESH
27,32,10,2023,64,KERALA,MAHARASHTRA
23,33,10,2023,1,TAMIL NADU,MADHYA PRADESH
18,36,10,2023,29,TELANGANA,ASSAM
10,37,10,2023,7,LADAKH,BIHAR
06,01,11,2023,11,JAMMU AND KASHMIR,HARYANA
08,01,11,2023,1,JAMMU AND KASHMIR,RAJASTHAN
23,01,11,2023,717,JAMMU AND KASHMIR,MADHYA PRADESH
19,02,11,2023,12,HIMACHAL PRADESH,WEST BENGAL
22,02,11,2023,8,HIMACHAL PRADESH,CHHATTISGARH
10,04,11,2023,16,CHANDIGARH,BIHAR
08,05,11,2023,4,UTTARAKHAND,RAJASTHAN
24,05,11,2023,1,UTTARAKHAND,GUJARAT
05,06,11,2023,226,HARYANA,UTTARAKHAND
10,06,11,2023,20928,HARYANA,BIHAR
21,06,11,2023,32,HARYANA,ODISHA
09,07,11,2023,122179,DELHI,UTTAR PRADESH
18,07,11,2023,197,DELHI,ASSAM
28,07,11,2023,7,DELHI,ANDHRA PRADESH
09,08,11,2023,4847,RAJASTHAN,UTTAR PRADESH
24,08,11,2023,44,RAJASTHAN,GUJARAT
08,09,11,2023,2,UTTAR PRADESH,RAJASTHAN
10,09,11,2023,181,UTTAR PRADESH,BIHAR
20,09,11,2023,1,UTTAR PRADESH,JHARKHAND
09,10,11,2023,1006,BIHAR,UTTAR PRADESH
18,10,11,2023,56,BIHAR,ASSAM
19,10,11,2023,252,BIHAR,WEST BENGAL
23,10,11,2023,106,BIHAR,MADHYA PRADESH
10,16,11,2023,174,TRIPURA,BIHAR
18,17,11,2023,6,MEGHALAYA,ASSAM
10,18,11,2023,8,ASSAM,BIHAR
22,19,11,2023,10,WEST BENGAL,CHHATTISGARH
23,19,11,2023,6,WEST BENGAL,MADHYA PRADESH
27,19,11,2023,3,WEST BENGAL,MAHARASHTRA
10,20,11,2023,1112,JHARKHAND,BIHAR
22,20,11,2023,24,JHARKHAND,CHHATTISGARH
28,20,11,2023,1,JHARKHAND,ANDHRA PRADESH
21,22,11,2023,3,CHHATTISGARH,ODISHA
23,22,11,2023,82,CHHATTISGARH,MADHYA PRADESH
07,23,11,2023,66,MADHYA PRADESH,DELHI
19,23,11,2023,1,MADHYA PRADESH,WEST BENGAL
24,23,11,2023,14,MADHYA PRADESH,GUJARAT
01,24,11,2023,1,GUJARAT,JAMMU AND KASHMIR
27,24,11,2023,611,GUJARAT,MAHARASHTRA
02,27,11,2023,1,MAHARASHTRA,HIMACHAL PRADESH
07,27,11,2023,50,MAHARASHTRA,DELHI
22,27,11,2023,82,MAHARASHTRA,CHHATTISGARH
29,27,11,2023,205,MAHARASHTRA,KARNATAKA
32,27,11,2023,13,MAHARASHTRA,KERALA
06,29,11,2023,3,KARNATAKA,HARYANA
09,29,11,2023,109,KARNATAKA,UTTAR PRADESH
16,29,11,2023,1,KARNATAKA,TRIPURA
22,29,11,2023,10,KARNATAKA,CHHATTISGARH
24,29,11,2023,2,KARNATAKA,GUJARAT
23,30,11,2023,33,GOA,MADHYA PRADESH
28,30,11,2023,2,GOA,ANDHRA PRADESH
29,30,11,2023,215,GOA,KARNATAKA
06,32,11,2023,4,KERALA,HARYANA
09,32,11,2023,178,KERALA,UTTAR PRADESH
21,32,11,2023,11,KERALA,ODISHA
32,36,11,2023,7,TELANGANA,KERALA
21,38,11,2023,12,Dadar & Nagar Haveli & Daman & Diu,ODISHA
24,38,11,2023,210,Dadar & Nagar Haveli & Daman & Diu,GUJARAT
32,38,11,2023,1,Dadar & Nagar Haveli & Daman & Diu,KERALA
18,01,12,2023,4,JAMMU AND KASHMIR,ASSAM
22,02,12,2023,12,HIMACHAL PRADESH,CHHATTISGARH
27,02,12,2023,1,HIMACHAL PRADESH,MAHARASHTRA
01,03,12,2023,5,PUNJAB,JAMMU AND KASHMIR
09,04,12,2023,7,CHANDIGARH,UTTAR PRADESH
23,04,12,2023,1,CHANDIGARH,MADHYA PRADESH
06,05,12,2023,66,UTTARAKHAND,HARYANA
08,05,12,2023,6,UTTARAKHAND,RAJASTHAN
09,05,12,2023,7368,UTTARAKHAND,UTTAR PRADESH
27,05,12,2023,3,UTTARAKHAND,MAHARASHTRA
01,06,12,2023,18,HARYANA,JAMMU AND KASHMIR
02,06,12,2023,1,HARYANA,HIMACHAL PRADESH
09,06,12,2023,17967,HARYANA,UTTAR PRADESH
20,06,12,2023,149,HARYANA,JHARKHAND
24,06,12,2023,11,HARYANA,GUJARAT
27,06,12,2023,11,HARYANA,MAHARASHTRA
10,07,12,2023,158024,DELHI,BIHAR
18,07,12,2023,190,DELHI,ASSAM
28,07,12,2023,11,DELHI,ANDHRA PRADESH
18,08,12,2023,3,RAJASTHAN,ASSAM
20,08,12,2023,33,RAJASTHAN,JHARKHAND
23,08,12,2023,2062,RAJASTHAN,MADHYA PRADESH
29,08,12,2023,4,RAJASTHAN,KARNATAKA
07,09,12,2023,124,UTTAR PRADESH,DELHI
13,10,12,2023,4,BIHAR,NAGALAND
18,10,12,2023,79,BIHAR,ASSAM
19,10,12,2023,344,BIHAR,WEST BENGAL
21,10,12,2023,23,BIHAR,ODISHA
28,10,12,2023,5,BIHAR,ANDHRA PRADESH
38,10,12,2023,1,BIHAR,Dadar & Nagar Haveli & Daman & Diu
18,16,12,2023,15,TRIPURA,ASSAM
20,16,12,2023,23,TRIPURA,JHARKHAND
10,17,12,2023,6,MEGHALAYA,BIHAR
18,17,12,2023,4,MEGHALAYA,ASSAM
20,19,12,2023,26,WEST BENGAL,JHARKHAND
08,20,12,2023,1,JHARKHAND,RAJASTHAN
19,20,12,2023,5,JHARKHAND,WEST BENGAL
05,22,12,2023,1,CHHATTISGARH,UTTARAKHAND
09,22,12,2023,80,CHHATTISGARH,UTTAR PRADESH
20,22,12,2023,11,CHHATTISGARH,JHARKHAND
05,23,12,2023,6,MADHYA PRADESH,UTTARAKHAND
06,23,12,2023,30,MADHYA PRADESH,HARYANA
18,23,12,2023,1,MADHYA PRADESH,ASSAM
22,23,12,2023,277,MADHYA PRADESH,CHHATTISGARH
01,24,12,2023,1,GUJARAT,JAMMU AND KASHMIR
05,24,12,2023,16,GUJARAT,UTTARAKHAND
06,24,12,2023,126,GUJARAT,HARYANA
32,24,12,2023,5,GUJARAT,KERALA
22,27,12,2023,102,MAHARASHTRA,CHHATTISGARH
06,29,12,2023,5,KARNATAKA,HARYANA
10,29,12,2023,398,KARNATAKA,BIHAR
16,29,12,2023,2,KARNATAKA,TRIPURA
27,29,12,2023,41,KARNATAKA,MAHARASHTRA
01,30,12,2023,3,GOA,JAMMU AND KASHMIR
09,30,12,2023,341,GOA,UTTAR PRADESH
19,30,12,2023,15,GOA,WEST BENGAL
22,30,12,2023,15,GOA,CHHATTISGARH
33,30,12,2023,10,GOA,TAMIL NADU
06,32,12,2023,2,KERALA,HARYANA
27,32,12,2023,72,KERALA,MAHARASHTRA
29,32,12,2023,231,KERALA,KARNATAKA
07,33,12,2023,2,TAMIL NADU,DELHI
09,33,12,2023,14,TAMIL NADU,UTTAR PRADESH
27,33,12,2023,1,TAMIL NADU,MAHARASHTRA
05,35,12,2023,1,ANDAMAN AND NICOBAR ISLANDS,UTTARAKHAND
09,35,12,2023,1,ANDAMAN AND NICOBAR ISLANDS,UTTAR PRADESH
06,36,12,2023,22,TELANGANA,HARYANA
23,36,12,2023,166,TELANGANA,MADHYA PRADESH
24,38,12,2023,490,Dadar & Nagar Haveli & Daman & Diu,GUJARAT
07,01,1,2024,2,JAMMU AND KASHMIR,DELHI
22,01,1,2024,308,JAMMU AND KASHMIR,CHHATTISGARH
23,01,1,2024,959,JAMMU AND KASHMIR,MADHYA PRADESH
05,02,1,2024,25,HIMACHAL PRADESH,UTTARAKHAND
09,02,1,2024,6765,HIMACHAL PRADESH,UTTAR PRADESH
10,02,1,2024,1849,HIMACHAL PRADESH,BIHAR
22,02,1,2024,9,HIMACHAL PRADESH,CHHATTISGARH
07,03,1,2024,1,PUNJAB,DELHI
08,03,1,2024,1,PUNJAB,RAJASTHAN
05,04,1,2024,5,CHANDIGARH,UTTARAKHAND
23,04,1,2024,1,CHANDIGARH,MADHYA PRADESH
06,05,1,2024,60,UTTARAKHAND,HARYANA
09,05,1,2024,6852,UTTARAKHAND,UTTAR PRADESH
22,05,1,2024,13,UTTARAKHAND,CHHATTISGARH
27,05,1,2024,3,UTTARAKHAND,MAHARASHTRA
08,06,1,2024,473,HARYANA,RAJASTHAN
19,06,1,2024,69,HARYANA,WEST BENGAL
24,06,1,2024,13,HARYANA,GUJARAT
21,07,1,2024,290,DELHI,ODISHA
23,07,1,2024,17326,DELHI,MADHYA PRADESH
28,07,1,2024,10,DELHI,ANDHRA PRADESH
32,07,1,2024,39,DELHI,KERALA
33,07,1,2024,144,DELHI,TAMIL NADU
10,08,1,2024,3470,RAJASTHAN,BIHAR
27,08,1,2024,28,RAJASTHAN,MAHARASHTRA
20,09,1,2024,11,UTTAR PRADESH,JHARKHAND
19,10,1,2024,363,BIHAR,WEST BENGAL
21,10,1,2024,19,BIHAR,ODISHA
23,10,1,2024,136,BIHAR,MADHYA PRADESH
09,11,1,2024,3,SIKKIM,UTTAR PRADESH
09,16,1,2024,1,TRIPURA,UTTAR PRADESH
19,16,1,2024,9,TRIPURA,WEST BENGAL
16,17,1,2024,2,MEGHALAYA,TRIPURA
10,18,1,2024,28,ASSAM,BIHAR
21,19,1,2024,2,WEST BENGAL,ODISHA
23,19,1,2024,7,WEST BENGAL,MADHYA PRADESH
24,19,1,2024,2,WEST BENGAL,GUJARAT
27,20,1,2024,13,JHARKHAND,MAHARASHTRA
07,22,1,2024,5,CHHATTISGARH,DELHI
21,22,1,2024,1,CHHATTISGARH,ODISHA
08,23,1,2024,145,MADHYA PRADESH,RAJASTHAN
18,23,1,2024,1,MADHYA PRADESH,ASSAM
01,24,1,2024,3,GUJARAT,JAMMU AND KASHMIR
06,24,1,2024,140,GUJARAT,HARYANA
07,24,1,2024,56,GUJARAT,DELHI
20,24,1,2024,113,GUJARAT,JHARKHAND
23,24,1,2024,3635,GUJARAT,MADHYA PRADESH
28,24,1,2024,4,GUJARAT,ANDHRA PRADESH
07,27,1,2024,65,MAHARASHTRA,DELHI
18,27,1,2024,42,MAHARASHTRA,ASSAM
19,27,1,2024,240,MAHARASHTRA,WEST BENGAL
32,27,1,2024,8,MAHARASHTRA,KERALA
33,27,1,2024,197,MAHARASHTRA,TAMIL NADU
38,27,1,2024,2,MAHARASHTRA,Dadar & Nagar Haveli & Daman & Diu
06,28,1,2024,3,ANDHRA PRADESH,HARYANA
07,29,1,2024,4,KARNATAKA,DELHI
21,29,1,2024,1,KARNATAKA,ODISHA
24,29,1,2024,2,KARNATAKA,GUJARAT
27,29,1,2024,35,KARNATAKA,MAHARASHTRA
18,30,1,2024,7,GOA,ASSAM
23,30,1,2024,58,GOA,MADHYA PRADESH
28,30,1,2024,1,GOA,ANDHRA PRADESH
29,30,1,2024,287,GOA,KARNATAKA
33,30,1,2024,6,GOA,TAMIL NADU
10,22,7,2023,82,CHHATTISGARH,BIHAR
06,23,7,2023,22,MADHYA PRADESH,HARYANA
07,23,7,2023,74,MADHYA PRADESH,DELHI
19,23,7,2023,1,MADHYA PRADESH,WEST BENGAL
20,23,7,2023,5,MADHYA PRADESH,JHARKHAND
21,23,7,2023,19,MADHYA PRADESH,ODISHA
05,27,7,2023,30,MAHARASHTRA,UTTARAKHAND
07,27,7,2023,35,MAHARASHTRA,DELHI
20,27,7,2023,140,MAHARASHTRA,JHARKHAND
22,27,7,2023,71,MAHARASHTRA,CHHATTISGARH
29,27,7,2023,175,MAHARASHTRA,KARNATAKA
05,29,7,2023,1,KARNATAKA,UTTARAKHAND
07,29,7,2023,6,KARNATAKA,DELHI
08,29,7,2023,3,KARNATAKA,RAJASTHAN
09,29,7,2023,83,KARNATAKA,UTTAR PRADESH
28,29,7,2023,39,KARNATAKA,ANDHRA PRADESH
10,30,7,2023,185,GOA,BIHAR
23,30,7,2023,33,GOA,MADHYA PRADESH
32,30,7,2023,1,GOA,KERALA
05,32,7,2023,2,KERALA,UTTARAKHAND
18,32,7,2023,24,KERALA,ASSAM
19,32,7,2023,34,KERALA,WEST BENGAL
22,32,7,2023,9,KERALA,CHHATTISGARH
23,32,7,2023,113,KERALA,MADHYA PRADESH
24,32,7,2023,4,KERALA,GUJARAT
07,33,7,2023,3,TAMIL NADU,DELHI
08,33,7,2023,2,TAMIL NADU,RAJASTHAN
23,33,7,2023,1,TAMIL NADU,MADHYA PRADESH
27,33,7,2023,12,TAMIL NADU,MAHARASHTRA
10,36,7,2023,266,TELANGANA,BIHAR
18,36,7,2023,4,TELANGANA,ASSAM
27,37,7,2023,2,LADAKH,MAHARASHTRA
02,01,8,2023,1,JAMMU AND KASHMIR,HIMACHAL PRADESH
06,01,8,2023,7,JAMMU AND KASHMIR,HARYANA
19,01,8,2023,6,JAMMU AND KASHMIR,WEST BENGAL
05,02,8,2023,33,HIMACHAL PRADESH,UTTARAKHAND
09,03,8,2023,165,PUNJAB,UTTAR PRADESH
10,04,8,2023,19,CHANDIGARH,BIHAR
08,05,8,2023,1,UTTARAKHAND,RAJASTHAN
19,05,8,2023,2,UTTARAKHAND,WEST BENGAL
07,06,8,2023,617,HARYANA,DELHI
20,06,8,2023,69,HARYANA,JHARKHAND
29,06,8,2023,2,HARYANA,KARNATAKA
09,07,8,2023,134844,DELHI,UTTAR PRADESH
13,07,8,2023,1,DELHI,NAGALAND
14,07,8,2023,1,DELHI,MANIPUR
21,07,8,2023,310,DELHI,ODISHA
06,08,8,2023,235,RAJASTHAN,HARYANA
18,08,8,2023,3,RAJASTHAN,ASSAM
19,08,8,2023,20,RAJASTHAN,WEST BENGAL
23,08,8,2023,1489,RAJASTHAN,MADHYA PRADESH
27,08,8,2023,26,RAJASTHAN,MAHARASHTRA
28,08,8,2023,1,RAJASTHAN,ANDHRA PRADESH
29,08,8,2023,2,RAJASTHAN,KARNATAKA
22,09,8,2023,7,UTTAR PRADESH,CHHATTISGARH
23,09,8,2023,19,UTTAR PRADESH,MADHYA PRADESH
05,10,8,2023,20,BIHAR,UTTARAKHAND
07,10,8,2023,987,BIHAR,DELHI
16,17,8,2023,3,MEGHALAYA,TRIPURA
18,17,8,2023,7,MEGHALAYA,ASSAM
07,19,8,2023,33,WEST BENGAL,DELHI
09,19,8,2023,76,WEST BENGAL,UTTAR PRADESH
18,19,8,2023,1,WEST BENGAL,ASSAM
20,19,8,2023,2,WEST BENGAL,JHARKHAND
33,19,8,2023,2,WEST BENGAL,TAMIL NADU
22,20,8,2023,7,JHARKHAND,CHHATTISGARH
27,20,8,2023,7,JHARKHAND,MAHARASHTRA
09,22,8,2023,64,CHHATTISGARH,UTTAR PRADESH
27,22,8,2023,3,CHHATTISGARH,MAHARASHTRA
06,23,8,2023,14,MADHYA PRADESH,HARYANA
07,23,8,2023,61,MADHYA PRADESH,DELHI
16,23,8,2023,1,MADHYA PRADESH,TRIPURA
19,23,8,2023,3,MADHYA PRADESH,WEST BENGAL
27,23,8,2023,120,MADHYA PRADESH,MAHARASHTRA
05,24,8,2023,10,GUJARAT,UTTARAKHAND
07,24,8,2023,27,GUJARAT,DELHI
08,24,8,2023,31,GUJARAT,RAJASTHAN
18,24,8,2023,2,GUJARAT,ASSAM
20,24,8,2023,16,GUJARAT,JHARKHAND
09,27,8,2023,17352,MAHARASHTRA,UTTAR PRADESH
20,27,8,2023,98,MAHARASHTRA,JHARKHAND
29,27,8,2023,173,MAHARASHTRA,KARNATAKA
08,29,8,2023,2,KARNATAKA,RAJASTHAN
21,29,8,2023,14,KARNATAKA,ODISHA
24,29,8,2023,3,KARNATAKA,GUJARAT
05,30,8,2023,2,GOA,UTTARAKHAND
10,32,8,2023,470,KERALA,BIHAR
22,32,8,2023,3,KERALA,CHHATTISGARH
29,32,8,2023,150,KERALA,KARNATAKA
07,33,8,2023,1,TAMIL NADU,DELHI
18,33,8,2023,7,TAMIL NADU,ASSAM
20,33,8,2023,1,TAMIL NADU,JHARKHAND
29,33,8,2023,5,TAMIL NADU,KARNATAKA
10,35,8,2023,4,ANDAMAN AND NICOBAR ISLANDS,BIHAR
05,36,8,2023,3,TELANGANA,UTTARAKHAND
07,36,8,2023,8,TELANGANA,DELHI
16,36,8,2023,1,TELANGANA,TRIPURA
18,36,8,2023,6,TELANGANA,ASSAM
10,01,9,2023,936,JAMMU AND KASHMIR,BIHAR
09,02,9,2023,7220,HIMACHAL PRADESH,UTTAR PRADESH
20,02,9,2023,14,HIMACHAL PRADESH,JHARKHAND
18,03,9,2023,3,PUNJAB,ASSAM
23,03,9,2023,16,PUNJAB,MADHYA PRADESH
09,04,9,2023,7,CHANDIGARH,UTTAR PRADESH
10,05,9,2023,1456,UTTARAKHAND,BIHAR
22,05,9,2023,10,UTTARAKHAND,CHHATTISGARH
27,05,9,2023,3,UTTARAKHAND,MAHARASHTRA
01,06,9,2023,2,HARYANA,JAMMU AND KASHMIR
05,06,9,2023,274,HARYANA,UTTARAKHAND
08,06,9,2023,735,HARYANA,RAJASTHAN
20,06,9,2023,68,HARYANA,JHARKHAND
21,06,9,2023,29,HARYANA,ODISHA
01,07,9,2023,40,DELHI,JAMMU AND KASHMIR
13,07,9,2023,1,DELHI,NAGALAND
18,07,9,2023,146,DELHI,ASSAM
24,07,9,2023,127,DELHI,GUJARAT
29,07,9,2023,9,DELHI,KARNATAKA
06,08,9,2023,535,RAJASTHAN,HARYANA
22,08,9,2023,9,RAJASTHAN,CHHATTISGARH
20,09,9,2023,2,UTTAR PRADESH,JHARKHAND
22,09,9,2023,7,UTTAR PRADESH,CHHATTISGARH
05,10,9,2023,18,BIHAR,UTTARAKHAND
06,10,9,2023,287,BIHAR,HARYANA
13,10,9,2023,2,BIHAR,NAGALAND
22,10,9,2023,85,BIHAR,CHHATTISGARH
29,10,9,2023,16,BIHAR,KARNATAKA
22,11,9,2023,1,SIKKIM,CHHATTISGARH
18,16,9,2023,8,TRIPURA,ASSAM
21,19,9,2023,1,WEST BENGAL,ODISHA
07,20,9,2023,27,JHARKHAND,DELHI
20,22,9,2023,5,CHHATTISGARH,JHARKHAND
21,22,9,2023,2,CHHATTISGARH,ODISHA
05,23,9,2023,2,MADHYA PRADESH,UTTARAKHAND
07,23,9,2023,55,MADHYA PRADESH,DELHI
16,23,9,2023,1,MADHYA PRADESH,TRIPURA
08,24,9,2023,270,GUJARAT,RAJASTHAN
18,24,9,2023,2,GUJARAT,ASSAM
23,24,9,2023,2856,GUJARAT,MADHYA PRADESH
02,27,9,2023,1,MAHARASHTRA,HIMACHAL PRADESH
06,27,9,2023,64,MAHARASHTRA,HARYANA
09,27,9,2023,18947,MAHARASHTRA,UTTAR PRADESH
20,29,9,2023,1,KARNATAKA,JHARKHAND
06,30,9,2023,1,GOA,HARYANA
27,30,9,2023,35,GOA,MAHARASHTRA
08,32,9,2023,10,KERALA,RAJASTHAN
28,33,9,2023,6,TAMIL NADU,ANDHRA PRADESH
19,35,9,2023,9,ANDAMAN AND NICOBAR ISLANDS,WEST BENGAL
22,37,9,2023,5,LADAKH,CHHATTISGARH
05,01,10,2023,4,JAMMU AND KASHMIR,UTTARAKHAND
18,01,10,2023,30,JAMMU AND KASHMIR,ASSAM
24,01,10,2023,1,JAMMU AND KASHMIR,GUJARAT
06,02,10,2023,23,HIMACHAL PRADESH,HARYANA
08,02,10,2023,1,HIMACHAL PRADESH,RAJASTHAN
09,02,10,2023,4759,HIMACHAL PRADESH,UTTAR PRADESH
10,02,10,2023,1341,HIMACHAL PRADESH,BIHAR
06,03,10,2023,3,PUNJAB,HARYANA
10,03,10,2023,181,PUNJAB,BIHAR
23,03,10,2023,6,PUNJAB,MADHYA PRADESH
09,05,10,2023,6995,UTTARAKHAND,UTTAR PRADESH
02,06,10,2023,5,HARYANA,HIMACHAL PRADESH
07,06,10,2023,670,HARYANA,DELHI
09,06,10,2023,31565,HARYANA,UTTAR PRADESH
10,06,10,2023,24121,HARYANA,BIHAR
19,06,10,2023,185,HARYANA,WEST BENGAL
22,06,10,2023,120,HARYANA,CHHATTISGARH
27,06,10,2023,17,HARYANA,MAHARASHTRA
01,07,10,2023,55,DELHI,JAMMU AND KASHMIR
14,07,10,2023,2,DELHI,MANIPUR
20,07,10,2023,838,DELHI,JHARKHAND
02,08,10,2023,2,RAJASTHAN,HIMACHAL PRADESH
18,08,10,2023,12,RAJASTHAN,ASSAM
24,08,10,2023,40,RAJASTHAN,GUJARAT
06,09,10,2023,13,UTTAR PRADESH,HARYANA
19,09,10,2023,1,UTTAR PRADESH,WEST BENGAL
20,09,10,2023,2,UTTAR PRADESH,JHARKHAND
08,10,10,2023,42,BIHAR,RAJASTHAN
21,10,10,2023,28,BIHAR,ODISHA
23,10,10,2023,98,BIHAR,MADHYA PRADESH
09,16,10,2023,1,TRIPURA,UTTAR PRADESH
10,17,10,2023,8,MEGHALAYA,BIHAR
16,17,10,2023,3,MEGHALAYA,TRIPURA
09,19,10,2023,81,WEST BENGAL,UTTAR PRADESH
20,19,10,2023,1,WEST BENGAL,JHARKHAND
22,19,10,2023,4,WEST BENGAL,CHHATTISGARH
08,20,10,2023,1,JHARKHAND,RAJASTHAN
10,20,10,2023,1127,JHARKHAND,BIHAR
07,22,10,2023,3,CHHATTISGARH,DELHI
08,22,10,2023,5,CHHATTISGARH,RAJASTHAN
21,22,10,2023,3,CHHATTISGARH,ODISHA
10,23,10,2023,812,MADHYA PRADESH,BIHAR
18,23,10,2023,1,MADHYA PRADESH,ASSAM
06,24,10,2023,83,GUJARAT,HARYANA
07,24,10,2023,33,GUJARAT,DELHI
08,24,10,2023,325,GUJARAT,RAJASTHAN
06,27,10,2023,108,MAHARASHTRA,HARYANA
09,27,10,2023,22268,MAHARASHTRA,UTTAR PRADESH
19,27,10,2023,176,MAHARASHTRA,WEST BENGAL
32,27,10,2023,15,MAHARASHTRA,KERALA
06,29,10,2023,2,KARNATAKA,HARYANA
16,29,10,2023,1,KARNATAKA,TRIPURA
21,29,10,2023,11,KARNATAKA,ODISHA
28,29,10,2023,2,KARNATAKA,ANDHRA PRADESH
08,30,10,2023,6,GOA,RAJASTHAN
10,30,10,2023,284,GOA,BIHAR
23,30,10,2023,33,GOA,MADHYA PRADESH
27,10,5,2022,140,BIHAR,MAHARASHTRA
09,16,5,2022,3,TRIPURA,UTTAR PRADESH
09,19,5,2022,3,WEST BENGAL,UTTAR PRADESH
21,20,5,2022,4,JHARKHAND,ODISHA
10,21,5,2022,5,ODISHA,BIHAR
22,21,5,2022,2,ODISHA,CHHATTISGARH
27,21,5,2022,2,ODISHA,MAHARASHTRA
33,21,5,2022,1,ODISHA,TAMIL NADU
05,22,5,2022,1,CHHATTISGARH,UTTARAKHAND
27,22,5,2022,3,CHHATTISGARH,MAHARASHTRA
08,23,5,2022,98,MADHYA PRADESH,RAJASTHAN
24,23,5,2022,12,MADHYA PRADESH,GUJARAT
32,23,5,2022,2,MADHYA PRADESH,KERALA
01,27,5,2022,1,MAHARASHTRA,JAMMU AND KASHMIR
06,27,5,2022,44,MAHARASHTRA,HARYANA
24,27,5,2022,64,MAHARASHTRA,GUJARAT
29,28,5,2022,5,ANDHRA PRADESH,KARNATAKA
19,29,5,2022,1,KARNATAKA,WEST BENGAL
23,29,5,2022,4,KARNATAKA,MADHYA PRADESH
09,30,5,2022,115,GOA,UTTAR PRADESH
19,30,5,2022,7,GOA,WEST BENGAL
33,30,5,2022,1,GOA,TAMIL NADU
06,32,5,2022,3,KERALA,HARYANA
08,32,5,2022,2,KERALA,RAJASTHAN
07,33,5,2022,2,TAMIL NADU,DELHI
22,33,5,2022,6,TAMIL NADU,CHHATTISGARH
28,36,5,2022,40,TELANGANA,ANDHRA PRADESH
10,37,5,2022,3,LADAKH,BIHAR
06,01,6,2022,1,JAMMU AND KASHMIR,HARYANA
20,01,6,2022,24,JAMMU AND KASHMIR,JHARKHAND
23,01,6,2022,63,JAMMU AND KASHMIR,MADHYA PRADESH
24,01,6,2022,8,JAMMU AND KASHMIR,GUJARAT
19,02,6,2022,1,HIMACHAL PRADESH,WEST BENGAL
02,05,6,2022,2,UTTARAKHAND,HIMACHAL PRADESH
24,05,6,2022,1,UTTARAKHAND,GUJARAT
03,06,6,2022,31,HARYANA,PUNJAB
24,06,6,2022,13,HARYANA,GUJARAT
21,07,6,2022,260,DELHI,ODISHA
06,08,6,2022,147,RAJASTHAN,HARYANA
19,08,6,2022,7,RAJASTHAN,WEST BENGAL
27,08,6,2022,8,RAJASTHAN,MAHARASHTRA
29,08,6,2022,1,RAJASTHAN,KARNATAKA
32,08,6,2022,1,RAJASTHAN,KERALA
06,10,6,2022,160,BIHAR,HARYANA
32,10,6,2022,1,BIHAR,KERALA
36,10,6,2022,20,BIHAR,TELANGANA
16,13,6,2022,1,NAGALAND,TRIPURA
08,16,6,2022,1,TRIPURA,RAJASTHAN
10,16,6,2022,25,TRIPURA,BIHAR
13,16,6,2022,1,TRIPURA,NAGALAND
20,16,6,2022,2,TRIPURA,JHARKHAND
10,19,6,2022,12,WEST BENGAL,BIHAR
03,20,6,2022,2,JHARKHAND,PUNJAB
07,20,6,2022,16,JHARKHAND,DELHI
19,20,6,2022,1,JHARKHAND,WEST BENGAL
27,20,6,2022,5,JHARKHAND,MAHARASHTRA
29,20,6,2022,1,JHARKHAND,KARNATAKA
10,21,6,2022,7,ODISHA,BIHAR
03,23,6,2022,1,MADHYA PRADESH,PUNJAB
20,23,6,2022,42,MADHYA PRADESH,JHARKHAND
29,23,6,2022,2,MADHYA PRADESH,KARNATAKA
10,24,6,2022,2125,GUJARAT,BIHAR
27,24,6,2022,782,GUJARAT,MAHARASHTRA
29,24,6,2022,19,GUJARAT,KARNATAKA
36,27,6,2022,6,MAHARASHTRA,TELANGANA
21,28,6,2022,1,ANDHRA PRADESH,ODISHA
27,28,6,2022,1,ANDHRA PRADESH,MAHARASHTRA
36,28,6,2022,35,ANDHRA PRADESH,TELANGANA
16,29,6,2022,5,KARNATAKA,TRIPURA
22,29,6,2022,17,KARNATAKA,CHHATTISGARH
06,30,6,2022,2,GOA,HARYANA
07,30,6,2022,4,GOA,DELHI
08,30,6,2022,2,GOA,RAJASTHAN
08,32,6,2022,1,KERALA,RAJASTHAN
23,32,6,2022,69,KERALA,MADHYA PRADESH
24,32,6,2022,1,KERALA,GUJARAT
29,32,6,2022,382,KERALA,KARNATAKA
10,33,6,2022,131,TAMIL NADU,BIHAR
21,35,6,2022,3,ANDAMAN AND NICOBAR ISLANDS,ODISHA
07,37,6,2022,1,LADAKH,DELHI
08,37,6,2022,1,LADAKH,RAJASTHAN
10,37,6,2022,5,LADAKH,BIHAR
09,01,7,2022,4309,JAMMU AND KASHMIR,UTTAR PRADESH
19,01,7,2022,6,JAMMU AND KASHMIR,WEST BENGAL
22,01,7,2022,285,JAMMU AND KASHMIR,CHHATTISGARH
07,02,7,2022,1,HIMACHAL PRADESH,DELHI
19,02,7,2022,5,HIMACHAL PRADESH,WEST BENGAL
08,03,7,2022,5,PUNJAB,RAJASTHAN
10,04,7,2022,12,CHANDIGARH,BIHAR
06,05,7,2022,12,UTTARAKHAND,HARYANA
07,05,7,2022,3,UTTARAKHAND,DELHI
22,05,7,2022,5,UTTARAKHAND,CHHATTISGARH
01,06,7,2022,1,HARYANA,JAMMU AND KASHMIR
02,06,7,2022,8,HARYANA,HIMACHAL PRADESH
08,06,7,2022,589,HARYANA,RAJASTHAN
09,06,7,2022,14262,HARYANA,UTTAR PRADESH
20,06,7,2022,227,HARYANA,JHARKHAND
23,06,7,2022,1145,HARYANA,MADHYA PRADESH
24,06,7,2022,8,HARYANA,GUJARAT
02,07,7,2022,71,DELHI,HIMACHAL PRADESH
19,07,7,2022,785,DELHI,WEST BENGAL
32,07,7,2022,23,DELHI,KERALA
33,07,7,2022,171,DELHI,TAMIL NADU
20,08,7,2022,9,RAJASTHAN,JHARKHAND
21,08,7,2022,1,RAJASTHAN,ODISHA
22,08,7,2022,4,RAJASTHAN,CHHATTISGARH
36,08,7,2022,5,RAJASTHAN,TELANGANA
23,09,7,2022,17,UTTAR PRADESH,MADHYA PRADESH
06,10,7,2022,185,BIHAR,HARYANA
07,10,7,2022,67,BIHAR,DELHI
22,10,7,2022,37,BIHAR,CHHATTISGARH
10,11,7,2022,38,SIKKIM,BIHAR
09,18,7,2022,1,ASSAM,UTTAR PRADESH
09,20,7,2022,26,JHARKHAND,UTTAR PRADESH
10,20,7,2022,369,JHARKHAND,BIHAR
22,20,7,2022,7,JHARKHAND,CHHATTISGARH
27,21,7,2022,1,ODISHA,MAHARASHTRA
10,22,7,2022,29,CHHATTISGARH,BIHAR
21,22,7,2022,3,CHHATTISGARH,ODISHA
23,22,7,2022,33,CHHATTISGARH,MADHYA PRADESH
33,22,7,2022,1,CHHATTISGARH,TAMIL NADU
06,23,7,2022,12,MADHYA PRADESH,HARYANA
09,23,7,2022,778,MADHYA PRADESH,UTTAR PRADESH
10,23,7,2022,487,MADHYA PRADESH,BIHAR
19,23,7,2022,4,MADHYA PRADESH,WEST BENGAL
20,23,7,2022,50,MADHYA PRADESH,JHARKHAND
22,23,7,2022,97,MADHYA PRADESH,CHHATTISGARH
24,23,7,2022,12,MADHYA PRADESH,GUJARAT
19,24,7,2022,19,GUJARAT,WEST BENGAL
32,24,7,2022,7,GUJARAT,KERALA
05,27,7,2022,1,MAHARASHTRA,UTTARAKHAND
08,27,7,2022,16,MAHARASHTRA,RAJASTHAN
09,28,7,2022,2,ANDHRA PRADESH,UTTAR PRADESH
27,28,7,2022,1,ANDHRA PRADESH,MAHARASHTRA
29,28,7,2022,4,ANDHRA PRADESH,KARNATAKA
36,28,7,2022,7,ANDHRA PRADESH,TELANGANA
30,29,7,2022,4,KARNATAKA,GOA
33,29,7,2022,61,KARNATAKA,TAMIL NADU
36,29,7,2022,6,KARNATAKA,TELANGANA
18,30,7,2022,5,GOA,ASSAM
08,32,7,2022,5,KERALA,RAJASTHAN
16,32,7,2022,1,KERALA,TRIPURA
23,32,7,2022,90,KERALA,MADHYA PRADESH
28,33,7,2022,5,TAMIL NADU,ANDHRA PRADESH
32,35,7,2022,1,ANDAMAN AND NICOBAR ISLANDS,KERALA
07,36,7,2022,1,TELANGANA,DELHI
10,37,7,2022,1,LADAKH,BIHAR
05,01,8,2022,2,JAMMU AND KASHMIR,UTTARAKHAND
06,01,8,2022,3,JAMMU AND KASHMIR,HARYANA
07,01,8,2022,6,JAMMU AND KASHMIR,DELHI
23,01,8,2022,206,JAMMU AND KASHMIR,MADHYA PRADESH
10,02,8,2022,1446,HIMACHAL PRADESH,BIHAR
22,02,8,2022,4,HIMACHAL PRADESH,CHHATTISGARH
10,04,8,2022,9,CHANDIGARH,BIHAR
06,05,8,2022,15,UTTARAKHAND,HARYANA
09,05,8,2022,2595,UTTARAKHAND,UTTAR PRADESH
19,05,8,2022,2,UTTARAKHAND,WEST BENGAL
05,06,8,2022,69,HARYANA,UTTARAKHAND
07,06,8,2022,384,HARYANA,DELHI
18,06,8,2022,5,HARYANA,ASSAM
22,06,8,2022,34,HARYANA,CHHATTISGARH
24,06,8,2022,11,HARYANA,GUJARAT
29,06,8,2022,2,HARYANA,KARNATAKA
05,07,8,2022,564,DELHI,UTTARAKHAND
20,07,8,2022,1974,DELHI,JHARKHAND
22,07,8,2022,191,DELHI,CHHATTISGARH
24,07,8,2022,95,DELHI,GUJARAT
36,07,8,2022,1,DELHI,TELANGANA
05,08,8,2022,2,RAJASTHAN,UTTARAKHAND
07,08,8,2022,19,RAJASTHAN,DELHI
09,08,8,2022,573,RAJASTHAN,UTTAR PRADESH
18,08,8,2022,3,RAJASTHAN,ASSAM
20,08,8,2022,16,RAJASTHAN,JHARKHAND
29,08,8,2022,3,RAJASTHAN,KARNATAKA
07,10,8,2022,617,BIHAR,DELHI
21,10,8,2022,33,BIHAR,ODISHA
28,10,8,2022,2,BIHAR,ANDHRA PRADESH
29,10,8,2022,20,BIHAR,KARNATAKA
10,13,8,2022,12,NAGALAND,BIHAR
18,16,8,2022,4,TRIPURA,ASSAM
10,17,8,2022,7,MEGHALAYA,BIHAR
20,19,8,2022,7,WEST BENGAL,JHARKHAND
23,19,8,2022,3,WEST BENGAL,MADHYA PRADESH
36,19,8,2022,2,WEST BENGAL,TELANGANA
07,20,8,2022,6,JHARKHAND,DELHI
07,21,8,2022,3,ODISHA,DELHI
10,21,8,2022,27,ODISHA,BIHAR
29,21,8,2022,4,ODISHA,KARNATAKA
09,22,8,2022,37,CHHATTISGARH,UTTAR PRADESH
19,22,8,2022,1,CHHATTISGARH,WEST BENGAL
10,23,8,2022,498,MADHYA PRADESH,BIHAR
24,23,8,2022,14,MADHYA PRADESH,GUJARAT
07,24,8,2022,14,GUJARAT,DELHI
10,24,8,2022,2450,GUJARAT,BIHAR
20,24,8,2022,148,GUJARAT,JHARKHAND
36,24,8,2022,1,GUJARAT,TELANGANA
06,27,8,2022,13,MAHARASHTRA,HARYANA
23,27,8,2022,162,MAHARASHTRA,MADHYA PRADESH
33,27,8,2022,5,MAHARASHTRA,TAMIL NADU
07,28,8,2022,1,ANDHRA PRADESH,DELHI
20,28,8,2022,1,ANDHRA PRADESH,JHARKHAND
29,28,8,2022,4,ANDHRA PRADESH,KARNATAKA
19,29,8,2022,7,KARNATAKA,WEST BENGAL
20,29,8,2022,14,KARNATAKA,JHARKHAND
21,29,8,2022,68,KARNATAKA,ODISHA
32,29,8,2022,29,KARNATAKA,KERALA
27,32,3,2023,53,KERALA,MAHARASHTRA
09,33,3,2023,20,TAMIL NADU,UTTAR PRADESH
18,33,3,2023,5,TAMIL NADU,ASSAM
23,33,3,2023,4,TAMIL NADU,MADHYA PRADESH
32,33,3,2023,2,TAMIL NADU,KERALA
10,34,3,2023,18,PUDUCHERRY,BIHAR
32,34,3,2023,1,PUDUCHERRY,KERALA
05,01,4,2023,3,JAMMU AND KASHMIR,UTTARAKHAND
09,01,4,2023,471,JAMMU AND KASHMIR,UTTAR PRADESH
18,01,4,2023,2,JAMMU AND KASHMIR,ASSAM
19,01,4,2023,4,JAMMU AND KASHMIR,WEST BENGAL
22,01,4,2023,58,JAMMU AND KASHMIR,CHHATTISGARH
01,02,4,2023,1,HIMACHAL PRADESH,JAMMU AND KASHMIR
07,02,4,2023,12,HIMACHAL PRADESH,DELHI
08,02,4,2023,1,HIMACHAL PRADESH,RAJASTHAN
20,03,4,2023,1,PUNJAB,JHARKHAND
01,05,4,2023,1,UTTARAKHAND,JAMMU AND KASHMIR
19,05,4,2023,2,UTTARAKHAND,WEST BENGAL
22,05,4,2023,6,UTTARAKHAND,CHHATTISGARH
23,05,4,2023,21,UTTARAKHAND,MADHYA PRADESH
27,05,4,2023,4,UTTARAKHAND,MAHARASHTRA
01,06,4,2023,9,HARYANA,JAMMU AND KASHMIR
19,06,4,2023,121,HARYANA,WEST BENGAL
29,07,4,2023,7,DELHI,KARNATAKA
05,08,4,2023,8,RAJASTHAN,UTTARAKHAND
23,08,4,2023,1468,RAJASTHAN,MADHYA PRADESH
29,08,4,2023,4,RAJASTHAN,KARNATAKA
07,10,4,2023,1256,BIHAR,DELHI
08,10,4,2023,47,BIHAR,RAJASTHAN
19,10,4,2023,92,BIHAR,WEST BENGAL
27,10,4,2023,233,BIHAR,MAHARASHTRA
22,19,4,2023,10,WEST BENGAL,CHHATTISGARH
23,19,4,2023,4,WEST BENGAL,MADHYA PRADESH
22,20,4,2023,17,JHARKHAND,CHHATTISGARH
05,23,4,2023,1,MADHYA PRADESH,UTTARAKHAND
18,23,4,2023,2,MADHYA PRADESH,ASSAM
24,23,4,2023,16,MADHYA PRADESH,GUJARAT
05,27,4,2023,12,MAHARASHTRA,UTTARAKHAND
07,27,4,2023,21,MAHARASHTRA,DELHI
09,27,4,2023,10057,MAHARASHTRA,UTTAR PRADESH
10,27,4,2023,8602,MAHARASHTRA,BIHAR
18,27,4,2023,12,MAHARASHTRA,ASSAM
23,27,4,2023,420,MAHARASHTRA,MADHYA PRADESH
32,27,4,2023,16,MAHARASHTRA,KERALA
08,29,4,2023,1,KARNATAKA,RAJASTHAN
21,29,4,2023,1,KARNATAKA,ODISHA
23,29,4,2023,5,KARNATAKA,MADHYA PRADESH
30,29,4,2023,7,KARNATAKA,GOA
32,29,4,2023,5,KARNATAKA,KERALA
29,30,4,2023,134,GOA,KARNATAKA
18,32,4,2023,12,KERALA,ASSAM
33,32,4,2023,153,KERALA,TAMIL NADU
20,33,4,2023,36,TAMIL NADU,JHARKHAND
29,33,4,2023,16,TAMIL NADU,KARNATAKA
08,34,4,2023,4,PUDUCHERRY,RAJASTHAN
09,34,4,2023,1,PUDUCHERRY,UTTAR PRADESH
21,34,4,2023,20,PUDUCHERRY,ODISHA
28,34,4,2023,1,PUDUCHERRY,ANDHRA PRADESH
10,35,4,2023,1,ANDAMAN AND NICOBAR ISLANDS,BIHAR
22,36,4,2023,60,TELANGANA,CHHATTISGARH
27,36,4,2023,362,TELANGANA,MAHARASHTRA
32,36,4,2023,5,TELANGANA,KERALA
05,01,5,2023,2,JAMMU AND KASHMIR,UTTARAKHAND
06,01,5,2023,5,JAMMU AND KASHMIR,HARYANA
08,01,5,2023,5,JAMMU AND KASHMIR,RAJASTHAN
18,01,5,2023,5,JAMMU AND KASHMIR,ASSAM
20,01,5,2023,10,JAMMU AND KASHMIR,JHARKHAND
05,04,5,2023,3,CHANDIGARH,UTTARAKHAND
09,04,5,2023,6,CHANDIGARH,UTTAR PRADESH
22,05,5,2023,6,UTTARAKHAND,CHHATTISGARH
27,05,5,2023,3,UTTARAKHAND,MAHARASHTRA
05,06,5,2023,214,HARYANA,UTTARAKHAND
02,07,5,2023,17,DELHI,HIMACHAL PRADESH
16,07,5,2023,2,DELHI,TRIPURA
20,07,5,2023,1979,DELHI,JHARKHAND
24,07,5,2023,70,DELHI,GUJARAT
27,07,5,2023,100,DELHI,MAHARASHTRA
10,09,5,2023,43,UTTAR PRADESH,BIHAR
08,10,5,2023,104,BIHAR,RAJASTHAN
09,10,5,2023,743,BIHAR,UTTAR PRADESH
22,10,5,2023,97,BIHAR,CHHATTISGARH
24,10,5,2023,39,BIHAR,GUJARAT
27,10,5,2023,313,BIHAR,MAHARASHTRA
29,10,5,2023,50,BIHAR,KARNATAKA
18,11,5,2023,7,SIKKIM,ASSAM
10,16,5,2023,7,TRIPURA,BIHAR
28,16,5,2023,1,TRIPURA,ANDHRA PRADESH
07,19,5,2023,31,WEST BENGAL,DELHI
18,19,5,2023,1,WEST BENGAL,ASSAM
27,19,5,2023,2,WEST BENGAL,MAHARASHTRA
06,22,5,2023,23,CHHATTISGARH,HARYANA
20,22,5,2023,3,CHHATTISGARH,JHARKHAND
09,23,5,2023,362,MADHYA PRADESH,UTTAR PRADESH
10,23,5,2023,342,MADHYA PRADESH,BIHAR
05,24,5,2023,10,GUJARAT,UTTARAKHAND
07,24,5,2023,35,GUJARAT,DELHI
10,24,5,2023,2337,GUJARAT,BIHAR
16,24,5,2023,1,GUJARAT,TRIPURA
22,24,5,2023,16,GUJARAT,CHHATTISGARH
32,24,5,2023,1,GUJARAT,KERALA
05,27,5,2023,14,MAHARASHTRA,UTTARAKHAND
07,27,5,2023,24,MAHARASHTRA,DELHI
10,27,5,2023,7604,MAHARASHTRA,BIHAR
16,27,5,2023,1,MAHARASHTRA,TRIPURA
33,27,5,2023,189,MAHARASHTRA,TAMIL NADU
20,32,5,2023,23,KERALA,JHARKHAND
33,32,5,2023,144,KERALA,TAMIL NADU
01,33,5,2023,2,TAMIL NADU,JAMMU AND KASHMIR
07,33,5,2023,3,TAMIL NADU,DELHI
10,33,5,2023,318,TAMIL NADU,BIHAR
22,33,5,2023,5,TAMIL NADU,CHHATTISGARH
23,33,5,2023,2,TAMIL NADU,MADHYA PRADESH
27,33,5,2023,35,TAMIL NADU,MAHARASHTRA
28,33,5,2023,5,TAMIL NADU,ANDHRA PRADESH
32,34,5,2023,1,PUDUCHERRY,KERALA
01,37,5,2023,4,LADAKH,JAMMU AND KASHMIR
10,01,6,2023,1184,JAMMU AND KASHMIR,BIHAR
18,01,6,2023,2,JAMMU AND KASHMIR,ASSAM
08,02,6,2023,4,HIMACHAL PRADESH,RAJASTHAN
20,02,6,2023,35,HIMACHAL PRADESH,JHARKHAND
27,02,6,2023,1,HIMACHAL PRADESH,MAHARASHTRA
07,03,6,2023,4,PUNJAB,DELHI
09,03,6,2023,206,PUNJAB,UTTAR PRADESH
22,03,6,2023,1,PUNJAB,CHHATTISGARH
05,04,6,2023,2,CHANDIGARH,UTTARAKHAND
10,04,6,2023,15,CHANDIGARH,BIHAR
07,05,6,2023,86,UTTARAKHAND,DELHI
08,05,6,2023,1,UTTARAKHAND,RAJASTHAN
23,05,6,2023,35,UTTARAKHAND,MADHYA PRADESH
07,06,6,2023,465,HARYANA,DELHI
10,06,6,2023,20478,HARYANA,BIHAR
20,06,6,2023,191,HARYANA,JHARKHAND
21,06,6,2023,23,HARYANA,ODISHA
29,06,6,2023,1,HARYANA,KARNATAKA
01,07,6,2023,53,DELHI,JAMMU AND KASHMIR
08,07,6,2023,1541,DELHI,RAJASTHAN
16,07,6,2023,1,DELHI,TRIPURA
22,07,6,2023,274,DELHI,CHHATTISGARH
23,07,6,2023,11254,DELHI,MADHYA PRADESH
33,07,6,2023,257,DELHI,TAMIL NADU
22,08,6,2023,27,RAJASTHAN,CHHATTISGARH
23,08,6,2023,1527,RAJASTHAN,MADHYA PRADESH
27,08,6,2023,26,RAJASTHAN,MAHARASHTRA
27,09,6,2023,27,UTTAR PRADESH,MAHARASHTRA
22,10,6,2023,40,BIHAR,CHHATTISGARH
21,19,6,2023,7,WEST BENGAL,ODISHA
23,19,6,2023,5,WEST BENGAL,MADHYA PRADESH
09,20,6,2023,43,JHARKHAND,UTTAR PRADESH
28,20,6,2023,2,JHARKHAND,ANDHRA PRADESH
10,22,6,2023,63,CHHATTISGARH,BIHAR
19,22,6,2023,1,CHHATTISGARH,WEST BENGAL
08,23,6,2023,67,MADHYA PRADESH,RAJASTHAN
24,23,6,2023,10,MADHYA PRADESH,GUJARAT
28,23,6,2023,1,MADHYA PRADESH,ANDHRA PRADESH
18,24,6,2023,1,GUJARAT,ASSAM
20,24,6,2023,69,GUJARAT,JHARKHAND
23,24,6,2023,1922,GUJARAT,MADHYA PRADESH
28,24,6,2023,3,GUJARAT,ANDHRA PRADESH
29,24,6,2023,4,GUJARAT,KARNATAKA
07,27,6,2023,22,MAHARASHTRA,DELHI
09,27,6,2023,11464,MAHARASHTRA,UTTAR PRADESH
05,29,6,2023,1,KARNATAKA,UTTARAKHAND
21,29,6,2023,12,KARNATAKA,ODISHA
33,29,6,2023,49,KARNATAKA,TAMIL NADU
08,30,6,2023,2,GOA,RAJASTHAN
09,30,6,2023,148,GOA,UTTAR PRADESH
22,30,6,2023,14,GOA,CHHATTISGARH
07,32,6,2023,3,KERALA,DELHI
18,32,6,2023,12,KERALA,ASSAM
23,32,6,2023,62,KERALA,MADHYA PRADESH
05,36,6,2023,2,TELANGANA,UTTARAKHAND
08,36,6,2023,8,TELANGANA,RAJASTHAN
10,36,6,2023,148,TELANGANA,BIHAR
23,36,6,2023,80,TELANGANA,MADHYA PRADESH
27,36,6,2023,421,TELANGANA,MAHARASHTRA
22,37,6,2023,9,LADAKH,CHHATTISGARH
08,01,7,2023,1,JAMMU AND KASHMIR,RAJASTHAN
19,01,7,2023,8,JAMMU AND KASHMIR,WEST BENGAL
20,01,7,2023,8,JAMMU AND KASHMIR,JHARKHAND
23,01,7,2023,492,JAMMU AND KASHMIR,MADHYA PRADESH
33,01,7,2023,1,JAMMU AND KASHMIR,TAMIL NADU
09,02,7,2023,6004,HIMACHAL PRADESH,UTTAR PRADESH
27,02,7,2023,4,HIMACHAL PRADESH,MAHARASHTRA
23,03,7,2023,8,PUNJAB,MADHYA PRADESH
05,04,7,2023,1,CHANDIGARH,UTTARAKHAND
10,05,7,2023,1250,UTTARAKHAND,BIHAR
24,05,7,2023,1,UTTARAKHAND,GUJARAT
05,06,7,2023,231,HARYANA,UTTARAKHAND
22,06,7,2023,53,HARYANA,CHHATTISGARH
24,06,7,2023,15,HARYANA,GUJARAT
19,07,7,2023,1072,DELHI,WEST BENGAL
24,07,7,2023,121,DELHI,GUJARAT
10,08,7,2023,2621,RAJASTHAN,BIHAR
10,11,7,2023,67,SIKKIM,BIHAR
23,11,7,2023,1,SIKKIM,MADHYA PRADESH
07,16,7,2023,1,TRIPURA,DELHI
16,17,7,2023,3,MEGHALAYA,TRIPURA
20,19,7,2023,4,WEST BENGAL,JHARKHAND
23,19,7,2023,5,WEST BENGAL,MADHYA PRADESH
33,19,7,2023,1,WEST BENGAL,TAMIL NADU
01,37,9,2021,6,LADAKH,JAMMU AND KASHMIR
10,37,9,2021,6,LADAKH,BIHAR
07,01,10,2021,1,JAMMU AND KASHMIR,DELHI
09,01,10,2021,757,JAMMU AND KASHMIR,UTTAR PRADESH
27,01,10,2021,4,JAMMU AND KASHMIR,MAHARASHTRA
05,02,10,2021,6,HIMACHAL PRADESH,UTTARAKHAND
10,02,10,2021,151,HIMACHAL PRADESH,BIHAR
20,02,10,2021,5,HIMACHAL PRADESH,JHARKHAND
09,03,10,2021,442,PUNJAB,UTTAR PRADESH
23,03,10,2021,5,PUNJAB,MADHYA PRADESH
09,05,10,2021,3263,UTTARAKHAND,UTTAR PRADESH
21,05,10,2021,2,UTTARAKHAND,ODISHA
27,05,10,2021,1,UTTARAKHAND,MAHARASHTRA
01,06,10,2021,4,HARYANA,JAMMU AND KASHMIR
08,06,10,2021,238,HARYANA,RAJASTHAN
09,06,10,2021,10273,HARYANA,UTTAR PRADESH
19,06,10,2021,2,HARYANA,WEST BENGAL
33,06,10,2021,1,HARYANA,TAMIL NADU
05,07,10,2021,419,DELHI,UTTARAKHAND
06,07,10,2021,1533,DELHI,HARYANA
19,07,10,2021,79,DELHI,WEST BENGAL
21,07,10,2021,189,DELHI,ODISHA
27,07,10,2021,46,DELHI,MAHARASHTRA
06,08,10,2021,84,RAJASTHAN,HARYANA
10,08,10,2021,36,RAJASTHAN,BIHAR
23,08,10,2021,116,RAJASTHAN,MADHYA PRADESH
27,08,10,2021,3,RAJASTHAN,MAHARASHTRA
28,08,10,2021,1,RAJASTHAN,ANDHRA PRADESH
21,09,10,2021,13,UTTAR PRADESH,ODISHA
06,10,10,2021,46,BIHAR,HARYANA
19,10,10,2021,6,BIHAR,WEST BENGAL
27,16,10,2021,1,TRIPURA,MAHARASHTRA
29,16,10,2021,1,TRIPURA,KARNATAKA
16,19,10,2021,1,WEST BENGAL,TRIPURA
09,20,10,2021,57,JHARKHAND,UTTAR PRADESH
10,20,10,2021,490,JHARKHAND,BIHAR
24,20,10,2021,1,JHARKHAND,GUJARAT
27,21,10,2021,2,ODISHA,MAHARASHTRA
29,21,10,2021,3,ODISHA,KARNATAKA
36,21,10,2021,2,ODISHA,TELANGANA
09,23,10,2021,530,MADHYA PRADESH,UTTAR PRADESH
21,23,10,2021,4,MADHYA PRADESH,ODISHA
05,24,10,2021,1,GUJARAT,UTTARAKHAND
06,24,10,2021,29,GUJARAT,HARYANA
08,24,10,2021,182,GUJARAT,RAJASTHAN
20,24,10,2021,50,GUJARAT,JHARKHAND
23,24,10,2021,477,GUJARAT,MADHYA PRADESH
28,24,10,2021,1,GUJARAT,ANDHRA PRADESH
32,24,10,2021,2,GUJARAT,KERALA
03,27,10,2021,1,MAHARASHTRA,PUNJAB
07,27,10,2021,5,MAHARASHTRA,DELHI
10,27,10,2021,2352,MAHARASHTRA,BIHAR
28,27,10,2021,3,MAHARASHTRA,ANDHRA PRADESH
29,27,10,2021,84,MAHARASHTRA,KARNATAKA
06,29,10,2021,1,KARNATAKA,HARYANA
10,29,10,2021,298,KARNATAKA,BIHAR
16,29,10,2021,3,KARNATAKA,TRIPURA
30,29,10,2021,1,KARNATAKA,GOA
33,29,10,2021,70,KARNATAKA,TAMIL NADU
10,30,10,2021,75,GOA,BIHAR
20,30,10,2021,6,GOA,JHARKHAND
27,30,10,2021,36,GOA,MAHARASHTRA
09,32,10,2021,82,KERALA,UTTAR PRADESH
10,32,10,2021,94,KERALA,BIHAR
08,33,10,2021,8,TAMIL NADU,RAJASTHAN
27,33,10,2021,2,TAMIL NADU,MAHARASHTRA
06,36,10,2021,2,TELANGANA,HARYANA
23,36,10,2021,6,TELANGANA,MADHYA PRADESH
28,36,10,2021,209,TELANGANA,ANDHRA PRADESH
06,02,11,2021,20,HIMACHAL PRADESH,HARYANA
08,02,11,2021,4,HIMACHAL PRADESH,RAJASTHAN
09,02,11,2021,918,HIMACHAL PRADESH,UTTAR PRADESH
20,02,11,2021,9,HIMACHAL PRADESH,JHARKHAND
07,03,11,2021,2,PUNJAB,DELHI
06,05,11,2021,7,UTTARAKHAND,HARYANA
07,05,11,2021,9,UTTARAKHAND,DELHI
02,06,11,2021,4,HARYANA,HIMACHAL PRADESH
03,06,11,2021,18,HARYANA,PUNJAB
08,06,11,2021,234,HARYANA,RAJASTHAN
27,06,11,2021,7,HARYANA,MAHARASHTRA
09,07,11,2021,38761,DELHI,UTTAR PRADESH
32,07,11,2021,6,DELHI,KERALA
33,07,11,2021,35,DELHI,TAMIL NADU
06,09,11,2021,320,UTTAR PRADESH,HARYANA
28,10,11,2021,2,BIHAR,ANDHRA PRADESH
10,13,11,2021,2,NAGALAND,BIHAR
10,16,11,2021,570,TRIPURA,BIHAR
20,16,11,2021,17,TRIPURA,JHARKHAND
07,20,11,2021,5,JHARKHAND,DELHI
24,20,11,2021,1,JHARKHAND,GUJARAT
20,21,11,2021,20,ODISHA,JHARKHAND
33,21,11,2021,2,ODISHA,TAMIL NADU
06,23,11,2021,6,MADHYA PRADESH,HARYANA
08,24,11,2021,203,GUJARAT,RAJASTHAN
29,24,11,2021,7,GUJARAT,KARNATAKA
23,27,11,2021,133,MAHARASHTRA,MADHYA PRADESH
24,27,11,2021,36,MAHARASHTRA,GUJARAT
36,27,11,2021,5,MAHARASHTRA,TELANGANA
33,28,11,2021,3,ANDHRA PRADESH,TAMIL NADU
16,29,11,2021,4,KARNATAKA,TRIPURA
20,29,11,2021,10,KARNATAKA,JHARKHAND
33,29,11,2021,77,KARNATAKA,TAMIL NADU
09,30,11,2021,94,GOA,UTTAR PRADESH
21,30,11,2021,9,GOA,ODISHA
29,30,11,2021,234,GOA,KARNATAKA
07,32,11,2021,1,KERALA,DELHI
08,32,11,2021,1,KERALA,RAJASTHAN
20,32,11,2021,10,KERALA,JHARKHAND
09,33,11,2021,95,TAMIL NADU,UTTAR PRADESH
33,02,12,2021,1,HIMACHAL PRADESH,TAMIL NADU
19,03,12,2021,1,PUNJAB,WEST BENGAL
06,05,12,2021,11,UTTARAKHAND,HARYANA
09,05,12,2021,3531,UTTARAKHAND,UTTAR PRADESH
23,05,12,2021,24,UTTARAKHAND,MADHYA PRADESH
02,06,12,2021,4,HARYANA,HIMACHAL PRADESH
05,06,12,2021,58,HARYANA,UTTARAKHAND
06,07,12,2021,1993,DELHI,HARYANA
10,07,12,2021,66583,DELHI,BIHAR
23,07,12,2021,6946,DELHI,MADHYA PRADESH
27,07,12,2021,64,DELHI,MAHARASHTRA
32,07,12,2021,18,DELHI,KERALA
03,08,12,2021,1,RAJASTHAN,PUNJAB
06,09,12,2021,278,UTTAR PRADESH,HARYANA
08,09,12,2021,49,UTTAR PRADESH,RAJASTHAN
32,09,12,2021,1,UTTAR PRADESH,KERALA
01,10,12,2021,2,BIHAR,JAMMU AND KASHMIR
19,10,12,2021,39,BIHAR,WEST BENGAL
27,21,12,2021,1,ODISHA,MAHARASHTRA
01,23,12,2021,2,MADHYA PRADESH,JAMMU AND KASHMIR
21,23,12,2021,3,MADHYA PRADESH,ODISHA
05,27,12,2021,9,MAHARASHTRA,UTTARAKHAND
06,27,12,2021,20,MAHARASHTRA,HARYANA
09,28,12,2021,16,ANDHRA PRADESH,UTTAR PRADESH
21,28,12,2021,25,ANDHRA PRADESH,ODISHA
29,28,12,2021,6,ANDHRA PRADESH,KARNATAKA
36,28,12,2021,22,ANDHRA PRADESH,TELANGANA
19,29,12,2021,1,KARNATAKA,WEST BENGAL
30,29,12,2021,5,KARNATAKA,GOA
32,29,12,2021,25,KARNATAKA,KERALA
23,30,12,2021,9,GOA,MADHYA PRADESH
24,30,12,2021,1,GOA,GUJARAT
28,30,12,2021,2,GOA,ANDHRA PRADESH
21,32,12,2021,9,KERALA,ODISHA
28,36,12,2021,324,TELANGANA,ANDHRA PRADESH
05,01,1,2022,1,JAMMU AND KASHMIR,UTTARAKHAND
22,01,1,2022,1,JAMMU AND KASHMIR,CHHATTISGARH
27,01,1,2022,1,JAMMU AND KASHMIR,MAHARASHTRA
06,02,1,2022,21,HIMACHAL PRADESH,HARYANA
10,02,1,2022,468,HIMACHAL PRADESH,BIHAR
20,02,1,2022,8,HIMACHAL PRADESH,JHARKHAND
19,03,1,2022,1,PUNJAB,WEST BENGAL
23,03,1,2022,10,PUNJAB,MADHYA PRADESH
02,05,1,2022,2,UTTARAKHAND,HIMACHAL PRADESH
23,05,1,2022,28,UTTARAKHAND,MADHYA PRADESH
03,06,1,2022,81,HARYANA,PUNJAB
13,06,1,2022,1,HARYANA,NAGALAND
36,06,1,2022,1,HARYANA,TELANGANA
02,07,1,2022,67,DELHI,HIMACHAL PRADESH
20,07,1,2022,1376,DELHI,JHARKHAND
23,07,1,2022,7421,DELHI,MADHYA PRADESH
24,07,1,2022,66,DELHI,GUJARAT
29,07,1,2022,5,DELHI,KARNATAKA
06,08,1,2022,173,RAJASTHAN,HARYANA
06,09,1,2022,249,UTTAR PRADESH,HARYANA
10,09,1,2022,4505,UTTAR PRADESH,BIHAR
20,09,1,2022,151,UTTAR PRADESH,JHARKHAND
22,10,1,2022,4,BIHAR,CHHATTISGARH
24,10,1,2022,10,BIHAR,GUJARAT
36,10,1,2022,11,BIHAR,TELANGANA
10,11,1,2022,24,SIKKIM,BIHAR
10,12,1,2022,2,ARUNACHAL PRADESH,BIHAR
21,20,1,2022,9,JHARKHAND,ODISHA
24,20,1,2022,1,JHARKHAND,GUJARAT
06,23,1,2022,11,MADHYA PRADESH,HARYANA
10,23,1,2022,301,MADHYA PRADESH,BIHAR
05,24,1,2022,1,GUJARAT,UTTARAKHAND
20,24,1,2022,80,GUJARAT,JHARKHAND
16,27,1,2022,1,MAHARASHTRA,TRIPURA
20,27,1,2022,5,MAHARASHTRA,JHARKHAND
32,27,1,2022,4,MAHARASHTRA,KERALA
36,27,1,2022,4,MAHARASHTRA,TELANGANA
16,29,1,2022,4,KARNATAKA,TRIPURA
27,29,1,2022,85,KARNATAKA,MAHARASHTRA
33,29,1,2022,56,KARNATAKA,TAMIL NADU
20,30,1,2022,8,GOA,JHARKHAND
21,30,1,2022,7,GOA,ODISHA
06,32,1,2022,1,KERALA,HARYANA
23,32,1,2022,47,KERALA,MADHYA PRADESH
10,33,1,2022,13,TAMIL NADU,BIHAR
23,33,1,2022,1,TAMIL NADU,MADHYA PRADESH
01,37,1,2022,1,LADAKH,JAMMU AND KASHMIR
10,01,2,2022,151,JAMMU AND KASHMIR,BIHAR
05,02,2,2022,31,HIMACHAL PRADESH,UTTARAKHAND
07,02,2,2022,4,HIMACHAL PRADESH,DELHI
33,02,2,2022,1,HIMACHAL PRADESH,TAMIL NADU
19,05,2,2022,1,UTTARAKHAND,WEST BENGAL
03,06,2,2022,105,HARYANA,PUNJAB
08,06,2,2022,343,HARYANA,RAJASTHAN
36,06,2,2022,1,HARYANA,TELANGANA
01,07,2,2022,214,DELHI,JAMMU AND KASHMIR
06,07,2,2022,2312,DELHI,HARYANA
21,07,2,2022,169,DELHI,ODISHA
22,07,2,2022,54,DELHI,CHHATTISGARH
24,07,2,2022,55,DELHI,GUJARAT
09,08,2,2022,2039,RAJASTHAN,UTTAR PRADESH
23,08,2,2022,253,RAJASTHAN,MADHYA PRADESH
32,08,2,2022,1,RAJASTHAN,KERALA
07,09,2,2022,416,UTTAR PRADESH,DELHI
22,09,2,2022,329,UTTAR PRADESH,CHHATTISGARH
24,09,2,2022,17,UTTAR PRADESH,GUJARAT
05,10,2,2022,10,BIHAR,UTTARAKHAND
20,10,2,2022,515,BIHAR,JHARKHAND
21,10,2,2022,13,BIHAR,ODISHA
22,16,2,2022,1,TRIPURA,CHHATTISGARH
10,19,2,2022,10,WEST BENGAL,BIHAR
23,21,2,2022,3,ODISHA,MADHYA PRADESH
05,22,2,2022,1,CHHATTISGARH,UTTARAKHAND
24,23,2,2022,10,MADHYA PRADESH,GUJARAT
08,24,2,2022,287,GUJARAT,RAJASTHAN
21,24,2,2022,135,GUJARAT,ODISHA
10,27,2,2022,4270,MAHARASHTRA,BIHAR
21,27,2,2022,1,MAHARASHTRA,ODISHA
09,28,2,2022,29,ANDHRA PRADESH,UTTAR PRADESH
19,28,2,2022,1,ANDHRA PRADESH,WEST BENGAL
20,28,2,2022,2,ANDHRA PRADESH,JHARKHAND
05,29,2,2022,1,KARNATAKA,UTTARAKHAND
07,29,2,2022,1,KARNATAKA,DELHI
08,29,2,2022,2,KARNATAKA,RAJASTHAN
16,29,2,2022,6,KARNATAKA,TRIPURA
23,29,2,2022,14,KARNATAKA,MADHYA PRADESH
32,29,2,2022,33,KARNATAKA,KERALA
20,30,2,2022,5,GOA,JHARKHAND
29,30,2,2022,311,GOA,KARNATAKA
07,32,2,2022,3,KERALA,DELHI
33,32,2,2022,218,KERALA,TAMIL NADU
33,35,2,2022,1,ANDAMAN AND NICOBAR ISLANDS,TAMIL NADU
23,36,2,2022,14,TELANGANA,MADHYA PRADESH
01,37,2,2022,3,LADAKH,JAMMU AND KASHMIR
09,01,3,2022,394,JAMMU AND KASHMIR,UTTAR PRADESH
21,01,3,2022,2,JAMMU AND KASHMIR,ODISHA
20,02,3,2022,9,HIMACHAL PRADESH,JHARKHAND
21,02,3,2022,4,HIMACHAL PRADESH,ODISHA
01,03,3,2022,2,PUNJAB,JAMMU AND KASHMIR
09,03,3,2022,1040,PUNJAB,UTTAR PRADESH
20,03,3,2022,19,PUNJAB,JHARKHAND
23,03,3,2022,14,PUNJAB,MADHYA PRADESH
06,05,3,2022,14,UTTARAKHAND,HARYANA
10,05,3,2022,445,UTTARAKHAND,BIHAR
24,05,3,2022,2,UTTARAKHAND,GUJARAT
33,05,3,2022,1,UTTARAKHAND,TAMIL NADU
27,06,3,2022,21,HARYANA,MAHARASHTRA
32,06,3,2022,1,HARYANA,KERALA
01,07,3,2022,111,DELHI,JAMMU AND KASHMIR
05,07,3,2022,2352,DELHI,UTTARAKHAND
09,07,3,2022,110648,DELHI,UTTAR PRADESH
21,07,3,2022,337,DELHI,ODISHA
29,07,3,2022,10,DELHI,KARNATAKA
32,07,3,2022,17,DELHI,KERALA
33,07,3,2022,69,DELHI,TAMIL NADU
03,08,3,2022,9,RAJASTHAN,PUNJAB
19,08,3,2022,5,RAJASTHAN,WEST BENGAL
29,08,3,2022,2,RAJASTHAN,KARNATAKA
32,08,3,2022,1,RAJASTHAN,KERALA
24,09,3,2022,21,UTTAR PRADESH,GUJARAT
01,10,3,2022,1,BIHAR,JAMMU AND KASHMIR
09,10,3,2022,607,BIHAR,UTTAR PRADESH
13,10,3,2022,2,BIHAR,NAGALAND
19,10,3,2022,77,BIHAR,WEST BENGAL
29,10,3,2022,17,BIHAR,KARNATAKA
36,10,3,2022,13,BIHAR,TELANGANA
20,13,3,2022,1,NAGALAND,JHARKHAND
20,16,3,2022,152,TRIPURA,JHARKHAND
10,20,3,2022,483,JHARKHAND,BIHAR
21,20,3,2022,5,JHARKHAND,ODISHA
06,21,3,2022,1,ODISHA,HARYANA
10,21,3,2022,28,ODISHA,BIHAR
20,21,3,2022,15,ODISHA,JHARKHAND
07,23,3,2022,26,MADHYA PRADESH,DELHI
09,23,3,2022,1265,MADHYA PRADESH,UTTAR PRADESH
19,23,3,2022,1,MADHYA PRADESH,WEST BENGAL
27,23,3,2022,118,MADHYA PRADESH,MAHARASHTRA
05,24,3,2022,4,GUJARAT,UTTARAKHAND
05,27,3,2022,3,MAHARASHTRA,UTTARAKHAND
28,27,3,2022,8,MAHARASHTRA,ANDHRA PRADESH
29,27,3,2022,144,MAHARASHTRA,KARNATAKA
08,28,3,2022,4,ANDHRA PRADESH,RAJASTHAN
27,28,3,2022,12,ANDHRA PRADESH,MAHARASHTRA
07,29,3,2022,1,KARNATAKA,DELHI
19,29,3,2022,2,KARNATAKA,WEST BENGAL
20,29,3,2022,14,KARNATAKA,JHARKHAND
33,29,3,2022,52,KARNATAKA,TAMIL NADU
36,29,3,2022,15,KARNATAKA,TELANGANA
08,30,3,2022,3,GOA,RAJASTHAN
28,30,3,2022,1,GOA,ANDHRA PRADESH
29,30,3,2022,300,GOA,KARNATAKA
36,30,3,2022,1,GOA,TELANGANA
07,32,3,2022,4,KERALA,DELHI
33,32,3,2022,250,KERALA,TAMIL NADU
36,32,3,2022,1,KERALA,TELANGANA
09,33,3,2022,15,TAMIL NADU,UTTAR PRADESH
08,36,3,2022,4,TELANGANA,RAJASTHAN
21,01,4,2022,4,JAMMU AND KASHMIR,ODISHA
23,01,4,2022,62,JAMMU AND KASHMIR,MADHYA PRADESH
20,02,4,2022,19,HIMACHAL PRADESH,JHARKHAND
01,03,4,2022,3,PUNJAB,JAMMU AND KASHMIR
08,03,4,2022,5,PUNJAB,RAJASTHAN
10,03,4,2022,835,PUNJAB,BIHAR
10,04,4,2022,7,CHANDIGARH,BIHAR
23,05,4,2022,15,UTTARAKHAND,MADHYA PRADESH
05,06,4,2022,142,HARYANA,UTTARAKHAND
09,07,4,2022,76574,DELHI,UTTAR PRADESH
20,07,4,2022,1607,DELHI,JHARKHAND
21,07,4,2022,259,DELHI,ODISHA
05,08,4,2022,7,RAJASTHAN,UTTARAKHAND
07,08,4,2022,17,RAJASTHAN,DELHI
21,08,4,2022,2,RAJASTHAN,ODISHA
32,08,4,2022,1,RAJASTHAN,KERALA
05,09,4,2022,27,UTTAR PRADESH,UTTARAKHAND
07,09,4,2022,479,UTTAR PRADESH,DELHI
08,09,4,2022,24,UTTAR PRADESH,RAJASTHAN
20,09,4,2022,135,UTTAR PRADESH,JHARKHAND
29,09,4,2022,4,UTTAR PRADESH,KARNATAKA
16,10,4,2022,1,BIHAR,TRIPURA
19,10,4,2022,44,BIHAR,WEST BENGAL
23,10,4,2022,19,BIHAR,MADHYA PRADESH
20,13,4,2022,2,NAGALAND,JHARKHAND
20,19,4,2022,1,WEST BENGAL,JHARKHAND
10,20,4,2022,445,JHARKHAND,BIHAR
21,20,4,2022,5,JHARKHAND,ODISHA
27,20,4,2022,8,JHARKHAND,MAHARASHTRA
09,22,4,2022,23,CHHATTISGARH,UTTAR PRADESH
21,22,4,2022,3,CHHATTISGARH,ODISHA
24,22,4,2022,1,CHHATTISGARH,GUJARAT
10,23,4,2022,414,MADHYA PRADESH,BIHAR
19,23,4,2022,4,MADHYA PRADESH,WEST BENGAL
09,24,4,2022,4709,GUJARAT,UTTAR PRADESH
28,24,4,2022,1,GUJARAT,ANDHRA PRADESH
32,24,4,2022,1,GUJARAT,KERALA
05,27,4,2022,7,MAHARASHTRA,UTTARAKHAND
09,27,4,2022,9130,MAHARASHTRA,UTTAR PRADESH
20,28,4,2022,9,ANDHRA PRADESH,JHARKHAND
10,30,4,2022,123,GOA,BIHAR
20,30,4,2022,4,GOA,JHARKHAND
29,30,4,2022,221,GOA,KARNATAKA
10,32,4,2022,232,KERALA,BIHAR
19,32,4,2022,5,KERALA,WEST BENGAL
27,32,4,2022,53,KERALA,MAHARASHTRA
07,33,4,2022,2,TAMIL NADU,DELHI
33,35,4,2022,1,ANDAMAN AND NICOBAR ISLANDS,TAMIL NADU
02,01,5,2022,9,JAMMU AND KASHMIR,HIMACHAL PRADESH
06,01,5,2022,1,JAMMU AND KASHMIR,HARYANA
10,01,5,2022,549,JAMMU AND KASHMIR,BIHAR
09,02,5,2022,3080,HIMACHAL PRADESH,UTTAR PRADESH
10,02,5,2022,827,HIMACHAL PRADESH,BIHAR
21,02,5,2022,3,HIMACHAL PRADESH,ODISHA
22,02,5,2022,1,HIMACHAL PRADESH,CHHATTISGARH
10,03,5,2022,137,PUNJAB,BIHAR
23,03,5,2022,1,PUNJAB,MADHYA PRADESH
09,04,5,2022,3,CHANDIGARH,UTTAR PRADESH
22,05,5,2022,1,UTTARAKHAND,CHHATTISGARH
33,05,5,2022,1,UTTARAKHAND,TAMIL NADU
02,06,5,2022,4,HARYANA,HIMACHAL PRADESH
19,06,5,2022,101,HARYANA,WEST BENGAL
21,06,5,2022,37,HARYANA,ODISHA
22,06,5,2022,42,HARYANA,CHHATTISGARH
29,06,5,2022,1,HARYANA,KARNATAKA
01,07,5,2022,39,DELHI,JAMMU AND KASHMIR
08,07,5,2022,1288,DELHI,RAJASTHAN
10,07,5,2022,66168,DELHI,BIHAR
36,07,5,2022,1,DELHI,TELANGANA
03,08,5,2022,4,RAJASTHAN,PUNJAB
20,08,5,2022,11,RAJASTHAN,JHARKHAND
05,10,5,2022,7,BIHAR,UTTARAKHAND
07,10,5,2022,434,BIHAR,DELHI
13,10,5,2022,4,BIHAR,NAGALAND
01,32,7,2024,4,KERALA,JAMMU AND KASHMIR
05,32,7,2024,5,KERALA,UTTARAKHAND
18,32,7,2024,113,KERALA,ASSAM
20,32,7,2024,33,KERALA,JHARKHAND
22,32,7,2024,13,KERALA,CHHATTISGARH
27,32,7,2024,53,KERALA,MAHARASHTRA
36,32,7,2024,3,KERALA,TELANGANA
23,33,7,2024,4,TAMIL NADU,MADHYA PRADESH
05,35,7,2024,1,ANDAMAN AND NICOBAR ISLANDS,UTTARAKHAND
20,35,7,2024,2,ANDAMAN AND NICOBAR ISLANDS,JHARKHAND
32,35,7,2024,1,ANDAMAN AND NICOBAR ISLANDS,KERALA
33,35,7,2024,3,ANDAMAN AND NICOBAR ISLANDS,TAMIL NADU
01,36,7,2024,1,TELANGANA,JAMMU AND KASHMIR
19,36,7,2024,25,TELANGANA,WEST BENGAL
28,36,7,2024,2672,TELANGANA,ANDHRA PRADESH
29,36,7,2024,667,TELANGANA,KARNATAKA
20,37,7,2024,1,LADAKH,JHARKHAND
06,38,7,2024,11,Dadar & Nagar Haveli & Daman & Diu,HARYANA
18,38,7,2024,10,Dadar & Nagar Haveli & Daman & Diu,ASSAM
20,38,7,2024,158,Dadar & Nagar Haveli & Daman & Diu,JHARKHAND
22,38,7,2024,29,Dadar & Nagar Haveli & Daman & Diu,CHHATTISGARH
28,38,7,2024,1,Dadar & Nagar Haveli & Daman & Diu,ANDHRA PRADESH
08,01,8,2024,8,JAMMU AND KASHMIR,RAJASTHAN
10,01,8,2024,2344,JAMMU AND KASHMIR,BIHAR
23,01,8,2024,1270,JAMMU AND KASHMIR,MADHYA PRADESH
29,01,8,2024,1,JAMMU AND KASHMIR,KARNATAKA
10,02,8,2024,3164,HIMACHAL PRADESH,BIHAR
05,03,8,2024,8,PUNJAB,UTTARAKHAND
09,03,8,2024,933,PUNJAB,UTTAR PRADESH
10,03,8,2024,1218,PUNJAB,BIHAR
23,03,8,2024,22,PUNJAB,MADHYA PRADESH
05,04,8,2024,6,CHANDIGARH,UTTARAKHAND
05,06,8,2024,350,HARYANA,UTTARAKHAND
07,06,8,2024,782,HARYANA,DELHI
22,06,8,2024,85,HARYANA,CHHATTISGARH
24,06,8,2024,25,HARYANA,GUJARAT
36,06,8,2024,1,HARYANA,TELANGANA
09,07,8,2024,183866,DELHI,UTTAR PRADESH
19,07,8,2024,2033,DELHI,WEST BENGAL
32,07,8,2024,49,DELHI,KERALA
33,07,8,2024,94,DELHI,TAMIL NADU
27,08,8,2024,34,RAJASTHAN,MAHARASHTRA
06,09,8,2024,823,UTTAR PRADESH,HARYANA
07,09,8,2024,842,UTTAR PRADESH,DELHI
08,09,8,2024,35,UTTAR PRADESH,RAJASTHAN
09,10,8,2024,1279,BIHAR,UTTAR PRADESH
19,10,8,2024,294,BIHAR,WEST BENGAL
32,10,8,2024,3,BIHAR,KERALA
19,11,8,2024,1,SIKKIM,WEST BENGAL
23,11,8,2024,1,SIKKIM,MADHYA PRADESH
06,13,8,2024,7,NAGALAND,HARYANA
09,16,8,2024,2,TRIPURA,UTTAR PRADESH
10,16,8,2024,23,TRIPURA,BIHAR
13,17,8,2024,1,MEGHALAYA,NAGALAND
08,18,8,2024,2,ASSAM,RAJASTHAN
09,18,8,2024,3,ASSAM,UTTAR PRADESH
10,18,8,2024,27,ASSAM,BIHAR
07,19,8,2024,54,WEST BENGAL,DELHI
33,19,8,2024,1,WEST BENGAL,TAMIL NADU
29,20,8,2024,1,JHARKHAND,KARNATAKA
18,22,8,2024,1,CHHATTISGARH,ASSAM
24,22,8,2024,1,CHHATTISGARH,GUJARAT
27,22,8,2024,12,CHHATTISGARH,MAHARASHTRA
06,23,8,2024,91,MADHYA PRADESH,HARYANA
22,23,8,2024,248,MADHYA PRADESH,CHHATTISGARH
28,23,8,2024,1,MADHYA PRADESH,ANDHRA PRADESH
33,23,8,2024,2,MADHYA PRADESH,TAMIL NADU
09,24,8,2024,4554,GUJARAT,UTTAR PRADESH
22,24,8,2024,45,GUJARAT,CHHATTISGARH
32,24,8,2024,4,GUJARAT,KERALA
18,28,8,2024,1,ANDHRA PRADESH,ASSAM
36,29,8,2024,1,KARNATAKA,TELANGANA
09,30,8,2024,641,GOA,UTTAR PRADESH
13,30,8,2024,1,GOA,NAGALAND
22,30,8,2024,27,GOA,CHHATTISGARH
27,30,8,2024,87,GOA,MAHARASHTRA
28,30,8,2024,1,GOA,ANDHRA PRADESH
19,32,8,2024,189,KERALA,WEST BENGAL
24,32,8,2024,4,KERALA,GUJARAT
08,33,8,2024,9,TAMIL NADU,RAJASTHAN
18,33,8,2024,2,TAMIL NADU,ASSAM
22,33,8,2024,1,TAMIL NADU,CHHATTISGARH
29,33,8,2024,5,TAMIL NADU,KARNATAKA
05,36,8,2024,2,TELANGANA,UTTARAKHAND
08,37,8,2024,5,LADAKH,RAJASTHAN
05,38,8,2024,12,Dadar & Nagar Haveli & Daman & Diu,UTTARAKHAND
07,38,8,2024,3,Dadar & Nagar Haveli & Daman & Diu,DELHI
09,38,8,2024,2689,Dadar & Nagar Haveli & Daman & Diu,UTTAR PRADESH
22,38,8,2024,26,Dadar & Nagar Haveli & Daman & Diu,CHHATTISGARH
29,38,8,2024,2,Dadar & Nagar Haveli & Daman & Diu,KARNATAKA
06,01,9,2024,47,JAMMU AND KASHMIR,HARYANA
07,01,9,2024,11,JAMMU AND KASHMIR,DELHI
09,01,9,2024,4562,JAMMU AND KASHMIR,UTTAR PRADESH
20,01,9,2024,54,JAMMU AND KASHMIR,JHARKHAND
19,02,9,2024,21,HIMACHAL PRADESH,WEST BENGAL
22,02,9,2024,18,HIMACHAL PRADESH,CHHATTISGARH
23,03,9,2024,38,PUNJAB,MADHYA PRADESH
05,04,9,2024,4,CHANDIGARH,UTTARAKHAND
08,04,9,2024,2,CHANDIGARH,RAJASTHAN
01,05,9,2024,1,UTTARAKHAND,JAMMU AND KASHMIR
24,05,9,2024,3,UTTARAKHAND,GUJARAT
08,06,9,2024,1281,HARYANA,RAJASTHAN
18,06,9,2024,32,HARYANA,ASSAM
19,06,9,2024,138,HARYANA,WEST BENGAL
22,06,9,2024,65,HARYANA,CHHATTISGARH
02,07,9,2024,136,DELHI,HIMACHAL PRADESH
06,07,9,2024,11836,DELHI,HARYANA
09,07,9,2024,201503,DELHI,UTTAR PRADESH
27,07,9,2024,215,DELHI,MAHARASHTRA
36,07,9,2024,13,DELHI,TELANGANA
06,08,9,2024,935,RAJASTHAN,HARYANA
07,08,9,2024,173,RAJASTHAN,DELHI
22,08,9,2024,12,RAJASTHAN,CHHATTISGARH
23,08,9,2024,1526,RAJASTHAN,MADHYA PRADESH
24,08,9,2024,91,RAJASTHAN,GUJARAT
28,08,9,2024,2,RAJASTHAN,ANDHRA PRADESH
28,09,9,2024,2,UTTAR PRADESH,ANDHRA PRADESH
23,10,9,2024,95,BIHAR,MADHYA PRADESH
28,10,9,2024,10,BIHAR,ANDHRA PRADESH
29,10,9,2024,9,BIHAR,KARNATAKA
28,11,9,2024,1,SIKKIM,ANDHRA PRADESH
32,11,9,2024,1,SIKKIM,KERALA
06,16,9,2024,1,TRIPURA,HARYANA
09,16,9,2024,2,TRIPURA,UTTAR PRADESH
10,16,9,2024,46,TRIPURA,BIHAR
13,17,9,2024,1,MEGHALAYA,NAGALAND
16,19,9,2024,1,WEST BENGAL,TRIPURA
20,19,9,2024,70,WEST BENGAL,JHARKHAND
22,19,9,2024,8,WEST BENGAL,CHHATTISGARH
24,19,9,2024,1,WEST BENGAL,GUJARAT
32,20,9,2024,1,JHARKHAND,KERALA
05,23,9,2024,8,MADHYA PRADESH,UTTARAKHAND
06,23,9,2024,81,MADHYA PRADESH,HARYANA
08,23,9,2024,339,MADHYA PRADESH,RAJASTHAN
27,23,9,2024,213,MADHYA PRADESH,MAHARASHTRA
28,23,9,2024,1,MADHYA PRADESH,ANDHRA PRADESH
08,24,9,2024,1050,GUJARAT,RAJASTHAN
22,24,9,2024,51,GUJARAT,CHHATTISGARH
06,27,9,2024,317,MAHARASHTRA,HARYANA
18,27,9,2024,45,MAHARASHTRA,ASSAM
22,27,9,2024,117,MAHARASHTRA,CHHATTISGARH
09,28,9,2024,6,ANDHRA PRADESH,UTTAR PRADESH
10,28,9,2024,2,ANDHRA PRADESH,BIHAR
09,29,9,2024,43,KARNATAKA,UTTAR PRADESH
19,29,9,2024,5,KARNATAKA,WEST BENGAL
20,29,9,2024,5,KARNATAKA,JHARKHAND
22,29,9,2024,8,KARNATAKA,CHHATTISGARH
27,29,9,2024,24,KARNATAKA,MAHARASHTRA
32,29,9,2024,5,KARNATAKA,KERALA
05,30,9,2024,4,GOA,UTTARAKHAND
19,30,9,2024,17,GOA,WEST BENGAL
20,30,9,2024,10,GOA,JHARKHAND
19,32,9,2024,178,KERALA,WEST BENGAL
28,32,9,2024,14,KERALA,ANDHRA PRADESH
29,32,9,2024,289,KERALA,KARNATAKA
33,32,9,2024,460,KERALA,TAMIL NADU
38,32,9,2024,1,KERALA,Dadar & Nagar Haveli & Daman & Diu
06,33,9,2024,1,TAMIL NADU,HARYANA
20,33,9,2024,26,TAMIL NADU,JHARKHAND
19,35,9,2024,8,ANDAMAN AND NICOBAR ISLANDS,WEST BENGAL
01,36,9,2024,1,TELANGANA,JAMMU AND KASHMIR
05,36,9,2024,2,TELANGANA,UTTARAKHAND
08,36,9,2024,67,TELANGANA,RAJASTHAN
18,36,9,2024,15,TELANGANA,ASSAM
33,36,9,2024,11,TELANGANA,TAMIL NADU
10,37,9,2024,11,LADAKH,BIHAR
22,37,9,2024,6,LADAKH,CHHATTISGARH
23,37,9,2024,1,LADAKH,MADHYA PRADESH
05,38,9,2024,11,Dadar & Nagar Haveli & Daman & Diu,UTTARAKHAND
07,38,9,2024,3,Dadar & Nagar Haveli & Daman & Diu,DELHI
09,38,9,2024,3005,Dadar & Nagar Haveli & Daman & Diu,UTTAR PRADESH
19,01,10,2024,6,JAMMU AND KASHMIR,WEST BENGAL
22,01,10,2024,562,JAMMU AND KASHMIR,CHHATTISGARH
09,03,10,2024,883,PUNJAB,UTTAR PRADESH
23,03,10,2024,16,PUNJAB,MADHYA PRADESH
06,04,10,2024,1,CHANDIGARH,HARYANA
10,04,10,2024,29,CHANDIGARH,BIHAR
06,05,10,2024,118,UTTARAKHAND,HARYANA
08,05,10,2024,18,UTTARAKHAND,RAJASTHAN
27,05,10,2024,7,UTTARAKHAND,MAHARASHTRA
05,06,10,2024,321,HARYANA,UTTARAKHAND
09,06,10,2024,31747,HARYANA,UTTAR PRADESH
20,06,10,2024,386,HARYANA,JHARKHAND
24,06,10,2024,21,HARYANA,GUJARAT
32,06,10,2024,3,HARYANA,KERALA
10,07,10,2024,210599,DELHI,BIHAR
20,08,10,2024,56,RAJASTHAN,JHARKHAND
23,08,10,2024,1943,RAJASTHAN,MADHYA PRADESH
05,09,10,2024,63,UTTAR PRADESH,UTTARAKHAND
10,09,10,2024,3004,UTTAR PRADESH,BIHAR
27,09,10,2024,797,UTTAR PRADESH,MAHARASHTRA
33,09,10,2024,2,UTTAR PRADESH,TAMIL NADU
09,10,10,2024,1559,BIHAR,UTTAR PRADESH
18,10,10,2024,110,BIHAR,ASSAM
22,10,10,2024,164,BIHAR,CHHATTISGARH
23,10,10,2024,135,BIHAR,MADHYA PRADESH
24,10,10,2024,99,BIHAR,GUJARAT
28,10,10,2024,12,BIHAR,ANDHRA PRADESH
09,11,10,2024,4,SIKKIM,UTTAR PRADESH
19,11,10,2024,1,SIKKIM,WEST BENGAL
10,12,10,2024,1,ARUNACHAL PRADESH,BIHAR
16,12,10,2024,1,ARUNACHAL PRADESH,TRIPURA
03,04,7,2025,1,CHANDIGARH,PUNJAB
10,05,7,2025,3143,UTTARAKHAND,BIHAR
18,05,7,2025,8,UTTARAKHAND,ASSAM
03,06,7,2025,44,HARYANA,PUNJAB
19,06,7,2025,209,HARYANA,WEST BENGAL
28,06,7,2025,1,HARYANA,ANDHRA PRADESH
19,07,7,2025,1732,DELHI,WEST BENGAL
27,07,7,2025,167,DELHI,MAHARASHTRA
09,08,7,2025,2264,RAJASTHAN,UTTAR PRADESH
10,08,7,2025,3467,RAJASTHAN,BIHAR
23,08,7,2025,1467,RAJASTHAN,MADHYA PRADESH
07,09,7,2025,1981,UTTAR PRADESH,DELHI
19,09,7,2025,18,UTTAR PRADESH,WEST BENGAL
20,09,7,2025,104,UTTAR PRADESH,JHARKHAND
27,09,7,2025,836,UTTAR PRADESH,MAHARASHTRA
19,10,7,2025,83,BIHAR,WEST BENGAL
24,10,7,2025,12,BIHAR,GUJARAT
09,11,7,2025,3,SIKKIM,UTTAR PRADESH
09,16,7,2025,2,TRIPURA,UTTAR PRADESH
19,16,7,2025,1,TRIPURA,WEST BENGAL
18,17,7,2025,5,MEGHALAYA,ASSAM
23,19,7,2025,8,WEST BENGAL,MADHYA PRADESH
10,20,7,2025,1454,JHARKHAND,BIHAR
18,20,7,2025,2,JHARKHAND,ASSAM
19,20,7,2025,2,JHARKHAND,WEST BENGAL
19,22,7,2025,4,CHHATTISGARH,WEST BENGAL
08,24,7,2025,473,GUJARAT,RAJASTHAN
20,24,7,2025,59,GUJARAT,JHARKHAND
23,24,7,2025,2299,GUJARAT,MADHYA PRADESH
28,24,7,2025,2,GUJARAT,ANDHRA PRADESH
24,27,7,2025,260,MAHARASHTRA,GUJARAT
29,27,7,2025,280,MAHARASHTRA,KARNATAKA
30,27,7,2025,2,MAHARASHTRA,GOA
08,28,7,2025,4,ANDHRA PRADESH,RAJASTHAN
05,30,7,2025,6,GOA,UTTARAKHAND
18,30,7,2025,32,GOA,ASSAM
27,30,7,2025,83,GOA,MAHARASHTRA
28,30,7,2025,4,GOA,ANDHRA PRADESH
10,32,7,2025,840,KERALA,BIHAR
28,32,7,2025,23,KERALA,ANDHRA PRADESH
20,33,7,2025,1,TAMIL NADU,JHARKHAND
06,36,7,2025,1,TELANGANA,HARYANA
10,36,7,2025,42,TELANGANA,BIHAR
27,38,7,2025,14,DADAR & NAGAR HAVELI & DAMAN & DIU,MAHARASHTRA
08,01,8,2025,10,JAMMU AND KASHMIR,RAJASTHAN
09,01,8,2025,6559,JAMMU AND KASHMIR,UTTAR PRADESH
05,02,8,2025,35,HIMACHAL PRADESH,UTTARAKHAND
10,02,8,2025,5123,HIMACHAL PRADESH,BIHAR
05,04,8,2025,5,CHANDIGARH,UTTARAKHAND
06,05,8,2025,106,UTTARAKHAND,HARYANA
09,05,8,2025,10896,UTTARAKHAND,UTTAR PRADESH
10,05,8,2025,3219,UTTARAKHAND,BIHAR
19,05,8,2025,8,UTTARAKHAND,WEST BENGAL
05,06,8,2025,263,HARYANA,UTTARAKHAND
08,06,8,2025,1551,HARYANA,RAJASTHAN
09,06,8,2025,37861,HARYANA,UTTAR PRADESH
10,06,8,2025,33928,HARYANA,BIHAR
19,06,8,2025,196,HARYANA,WEST BENGAL
18,07,8,2025,77,DELHI,ASSAM
29,08,8,2025,4,RAJASTHAN,KARNATAKA
20,09,8,2025,21,UTTAR PRADESH,JHARKHAND
38,09,8,2025,1,UTTAR PRADESH,DADAR & NAGAR HAVELI & DAMAN & DIU
19,17,8,2025,1,MEGHALAYA,WEST BENGAL
10,19,8,2025,5603,WEST BENGAL,BIHAR
06,20,8,2025,8,JHARKHAND,HARYANA
07,20,8,2025,8,JHARKHAND,DELHI
08,20,8,2025,1,JHARKHAND,RAJASTHAN
19,20,8,2025,2,JHARKHAND,WEST BENGAL
06,27,8,2025,206,MAHARASHTRA,HARYANA
07,27,8,2025,16,MAHARASHTRA,DELHI
08,27,8,2025,576,MAHARASHTRA,RAJASTHAN
10,27,8,2025,5671,MAHARASHTRA,BIHAR
10,29,8,2025,233,KARNATAKA,BIHAR
27,29,8,2025,7,KARNATAKA,MAHARASHTRA
19,30,8,2025,21,GOA,WEST BENGAL
27,30,8,2025,94,GOA,MAHARASHTRA
19,32,8,2025,368,KERALA,WEST BENGAL
28,32,8,2025,21,KERALA,ANDHRA PRADESH
10,33,8,2025,95,TAMIL NADU,BIHAR
10,36,8,2025,10,TELANGANA,BIHAR
27,36,8,2025,2,TELANGANA,MAHARASHTRA
08,01,9,2025,4,JAMMU AND KASHMIR,RAJASTHAN
10,01,9,2025,4185,JAMMU AND KASHMIR,BIHAR
09,02,9,2025,9288,HIMACHAL PRADESH,UTTAR PRADESH
20,02,9,2025,163,HIMACHAL PRADESH,JHARKHAND
07,03,9,2025,22,PUNJAB,DELHI
09,03,9,2025,2191,PUNJAB,UTTAR PRADESH
20,03,9,2025,45,PUNJAB,JHARKHAND
05,04,9,2025,4,CHANDIGARH,UTTARAKHAND
08,05,9,2025,14,UTTARAKHAND,RAJASTHAN
21,05,9,2025,1,UTTARAKHAND,ODISHA
27,05,9,2025,7,UTTARAKHAND,MAHARASHTRA
08,06,9,2025,1017,HARYANA,RAJASTHAN
23,06,9,2025,3374,HARYANA,MADHYA PRADESH
27,06,9,2025,11,HARYANA,MAHARASHTRA
06,07,9,2025,4728,DELHI,HARYANA
08,07,9,2025,3123,DELHI,RAJASTHAN
21,07,9,2025,144,DELHI,ODISHA
23,07,9,2025,23337,DELHI,MADHYA PRADESH
28,07,9,2025,21,DELHI,ANDHRA PRADESH
38,07,9,2025,1,DELHI,DADAR & NAGAR HAVELI & DAMAN & DIU
19,08,9,2025,20,RAJASTHAN,WEST BENGAL
23,08,9,2025,1805,RAJASTHAN,MADHYA PRADESH
24,08,9,2025,26,RAJASTHAN,GUJARAT
05,09,9,2025,117,UTTAR PRADESH,UTTARAKHAND
10,09,9,2025,2308,UTTAR PRADESH,BIHAR
24,09,9,2025,79,UTTAR PRADESH,GUJARAT
13,10,9,2025,8,BIHAR,NAGALAND
23,10,9,2025,155,BIHAR,MADHYA PRADESH
09,11,9,2025,4,SIKKIM,UTTAR PRADESH
19,17,9,2025,1,MEGHALAYA,WEST BENGAL
07,18,9,2025,1,ASSAM,DELHI
08,20,9,2025,2,JHARKHAND,RAJASTHAN
23,20,9,2025,3,JHARKHAND,MADHYA PRADESH
24,20,9,2025,1,JHARKHAND,GUJARAT
27,20,9,2025,4,JHARKHAND,MAHARASHTRA
27,22,9,2025,15,CHHATTISGARH,MAHARASHTRA
08,23,9,2025,54,MADHYA PRADESH,RAJASTHAN
09,23,9,2025,697,MADHYA PRADESH,UTTAR PRADESH
21,23,9,2025,2,MADHYA PRADESH,ODISHA
05,24,9,2025,25,GUJARAT,UTTARAKHAND
07,24,9,2025,56,GUJARAT,DELHI
09,24,9,2025,7056,GUJARAT,UTTAR PRADESH
30,24,9,2025,1,GUJARAT,GOA
21,27,9,2025,27,MAHARASHTRA,ODISHA
28,27,9,2025,33,MAHARASHTRA,ANDHRA PRADESH
24,28,9,2025,1,ANDHRA PRADESH,GUJARAT
27,28,9,2025,3,ANDHRA PRADESH,MAHARASHTRA
06,30,9,2025,2,GOA,HARYANA
07,30,9,2025,4,GOA,DELHI
28,30,9,2025,4,GOA,ANDHRA PRADESH
23,32,9,2025,379,KERALA,MADHYA PRADESH
09,33,9,2025,5,TAMIL NADU,UTTAR PRADESH
20,33,9,2025,10,TAMIL NADU,JHARKHAND
29,33,9,2025,2,TAMIL NADU,KARNATAKA
05,36,9,2025,2,TELANGANA,UTTARAKHAND
08,36,9,2025,34,TELANGANA,RAJASTHAN
28,36,9,2025,707,TELANGANA,ANDHRA PRADESH
02,37,9,2025,1,LADAKH,HIMACHAL PRADESH
18,38,9,2025,21,DADAR & NAGAR HAVELI & DAMAN & DIU,ASSAM
27,38,9,2025,443,DADAR & NAGAR HAVELI & DAMAN & DIU,MAHARASHTRA
03,01,10,2025,4,JAMMU AND KASHMIR,PUNJAB
05,01,10,2025,16,JAMMU AND KASHMIR,UTTARAKHAND
10,01,10,2025,3095,JAMMU AND KASHMIR,BIHAR
19,01,10,2025,8,JAMMU AND KASHMIR,WEST BENGAL
21,01,10,2025,1,JAMMU AND KASHMIR,ODISHA
05,02,10,2025,58,HIMACHAL PRADESH,UTTARAKHAND
08,02,10,2025,11,HIMACHAL PRADESH,RAJASTHAN
09,02,10,2025,7107,HIMACHAL PRADESH,UTTAR PRADESH
10,02,10,2025,3313,HIMACHAL PRADESH,BIHAR
19,02,10,2025,13,HIMACHAL PRADESH,WEST BENGAL
23,02,10,2025,256,HIMACHAL PRADESH,MADHYA PRADESH
18,03,10,2025,1,PUNJAB,ASSAM
20,03,10,2025,26,PUNJAB,JHARKHAND
05,04,10,2025,6,CHANDIGARH,UTTARAKHAND
09,05,10,2025,11565,UTTARAKHAND,UTTAR PRADESH
10,05,10,2025,3628,UTTARAKHAND,BIHAR
20,05,10,2025,16,UTTARAKHAND,JHARKHAND
23,05,10,2025,70,UTTARAKHAND,MADHYA PRADESH
05,06,10,2025,247,HARYANA,UTTARAKHAND
07,06,10,2025,443,HARYANA,DELHI
20,06,10,2025,278,HARYANA,JHARKHAND
27,06,10,2025,16,HARYANA,MAHARASHTRA
05,07,10,2025,6672,DELHI,UTTARAKHAND
06,07,10,2025,5922,DELHI,HARYANA
24,07,10,2025,142,DELHI,GUJARAT
24,08,10,2025,38,RAJASTHAN,GUJARAT
07,09,10,2025,2442,UTTAR PRADESH,DELHI
21,09,10,2025,2,UTTAR PRADESH,ODISHA
33,09,10,2025,1,UTTAR PRADESH,TAMIL NADU
38,09,10,2025,1,UTTAR PRADESH,DADAR & NAGAR HAVELI & DAMAN & DIU
09,10,10,2025,948,BIHAR,UTTAR PRADESH
11,10,10,2025,1,BIHAR,SIKKIM
21,10,10,2025,1,BIHAR,ODISHA
09,11,10,2025,6,SIKKIM,UTTAR PRADESH
06,19,10,2025,14,WEST BENGAL,HARYANA
18,19,10,2025,10,WEST BENGAL,ASSAM
21,19,10,2025,9,WEST BENGAL,ODISHA
10,20,10,2025,947,JHARKHAND,BIHAR
06,22,10,2025,8,CHHATTISGARH,HARYANA
07,22,10,2025,4,CHHATTISGARH,DELHI
09,23,10,2025,2253,MADHYA PRADESH,UTTAR PRADESH
10,23,10,2025,1400,MADHYA PRADESH,BIHAR
21,23,10,2025,2,MADHYA PRADESH,ODISHA
27,23,10,2025,120,MADHYA PRADESH,MAHARASHTRA
18,24,10,2025,9,GUJARAT,ASSAM
18,27,10,2025,72,MAHARASHTRA,ASSAM
24,27,10,2025,200,MAHARASHTRA,GUJARAT
28,27,10,2025,25,MAHARASHTRA,ANDHRA PRADESH
20,28,10,2025,4,ANDHRA PRADESH,JHARKHAND
23,28,10,2025,1,ANDHRA PRADESH,MADHYA PRADESH
09,29,10,2025,64,KARNATAKA,UTTAR PRADESH
33,30,10,2025,2,GOA,TAMIL NADU
05,32,10,2025,8,KERALA,UTTARAKHAND
09,33,10,2025,6,TAMIL NADU,UTTAR PRADESH
10,33,10,2025,86,TAMIL NADU,BIHAR
23,36,10,2025,303,TELANGANA,MADHYA PRADESH
09,32,4,2024,194,KERALA,UTTAR PRADESH
28,32,4,2024,8,KERALA,ANDHRA PRADESH
33,32,4,2024,195,KERALA,TAMIL NADU
32,33,4,2024,1,TAMIL NADU,KERALA
10,35,4,2024,11,ANDAMAN AND NICOBAR ISLANDS,BIHAR
33,35,4,2024,2,ANDAMAN AND NICOBAR ISLANDS,TAMIL NADU
05,36,4,2024,2,TELANGANA,UTTARAKHAND
23,36,4,2024,161,TELANGANA,MADHYA PRADESH
22,37,4,2024,1,LADAKH,CHHATTISGARH
27,37,4,2024,1,LADAKH,MAHARASHTRA
05,38,4,2024,8,Dadar & Nagar Haveli & Daman & Diu,UTTARAKHAND
09,38,4,2024,2126,Dadar & Nagar Haveli & Daman & Diu,UTTAR PRADESH
18,38,4,2024,9,Dadar & Nagar Haveli & Daman & Diu,ASSAM
23,38,4,2024,526,Dadar & Nagar Haveli & Daman & Diu,MADHYA PRADESH
27,38,4,2024,450,Dadar & Nagar Haveli & Daman & Diu,MAHARASHTRA
20,01,5,2024,30,JAMMU AND KASHMIR,JHARKHAND
27,01,5,2024,32,JAMMU AND KASHMIR,MAHARASHTRA
33,01,5,2024,1,JAMMU AND KASHMIR,TAMIL NADU
09,02,5,2024,10599,HIMACHAL PRADESH,UTTAR PRADESH
19,02,5,2024,15,HIMACHAL PRADESH,WEST BENGAL
27,02,5,2024,2,HIMACHAL PRADESH,MAHARASHTRA
10,04,5,2024,30,CHANDIGARH,BIHAR
06,05,5,2024,98,UTTARAKHAND,HARYANA
10,05,5,2024,1903,UTTARAKHAND,BIHAR
18,06,5,2024,11,HARYANA,ASSAM
22,06,5,2024,118,HARYANA,CHHATTISGARH
23,06,5,2024,3846,HARYANA,MADHYA PRADESH
28,06,5,2024,1,HARYANA,ANDHRA PRADESH
22,07,5,2024,271,DELHI,CHHATTISGARH
29,07,5,2024,10,DELHI,KARNATAKA
36,07,5,2024,8,DELHI,TELANGANA
06,08,5,2024,665,RAJASTHAN,HARYANA
09,08,5,2024,6253,RAJASTHAN,UTTAR PRADESH
18,08,5,2024,1,RAJASTHAN,ASSAM
06,09,5,2024,285,UTTAR PRADESH,HARYANA
07,09,5,2024,283,UTTAR PRADESH,DELHI
18,09,5,2024,1,UTTAR PRADESH,ASSAM
01,10,5,2024,1,BIHAR,JAMMU AND KASHMIR
05,10,5,2024,39,BIHAR,UTTARAKHAND
06,10,5,2024,544,BIHAR,HARYANA
08,10,5,2024,42,BIHAR,RAJASTHAN
09,10,5,2024,787,BIHAR,UTTAR PRADESH
09,16,5,2024,2,TRIPURA,UTTAR PRADESH
01,19,5,2024,1,WEST BENGAL,JAMMU AND KASHMIR
06,19,5,2024,5,WEST BENGAL,HARYANA
09,19,5,2024,158,WEST BENGAL,UTTAR PRADESH
10,19,5,2024,2991,WEST BENGAL,BIHAR
10,20,5,2024,1379,JHARKHAND,BIHAR
27,20,5,2024,15,JHARKHAND,MAHARASHTRA
28,20,5,2024,1,JHARKHAND,ANDHRA PRADESH
07,22,5,2024,4,CHHATTISGARH,DELHI
10,23,5,2024,974,MADHYA PRADESH,BIHAR
10,24,5,2024,3343,GUJARAT,BIHAR
19,24,5,2024,12,GUJARAT,WEST BENGAL
27,24,5,2024,951,GUJARAT,MAHARASHTRA
05,27,5,2024,45,MAHARASHTRA,UTTARAKHAND
06,27,5,2024,252,MAHARASHTRA,HARYANA
29,27,5,2024,332,MAHARASHTRA,KARNATAKA
32,27,5,2024,14,MAHARASHTRA,KERALA
33,27,5,2024,123,MAHARASHTRA,TAMIL NADU
38,27,5,2024,2,MAHARASHTRA,Dadar & Nagar Haveli & Daman & Diu
08,29,5,2024,1,KARNATAKA,RAJASTHAN
23,29,5,2024,8,KARNATAKA,MADHYA PRADESH
28,29,5,2024,16,KARNATAKA,ANDHRA PRADESH
06,30,5,2024,4,GOA,HARYANA
08,30,5,2024,5,GOA,RAJASTHAN
23,30,5,2024,60,GOA,MADHYA PRADESH
32,30,5,2024,2,GOA,KERALA
10,32,5,2024,591,KERALA,BIHAR
27,32,5,2024,86,KERALA,MAHARASHTRA
27,33,5,2024,12,TAMIL NADU,MAHARASHTRA
07,36,5,2024,5,TELANGANA,DELHI
08,36,5,2024,17,TELANGANA,RAJASTHAN
27,36,5,2024,733,TELANGANA,MAHARASHTRA
33,36,5,2024,7,TELANGANA,TAMIL NADU
05,38,5,2024,10,Dadar & Nagar Haveli & Daman & Diu,UTTARAKHAND
07,38,5,2024,5,Dadar & Nagar Haveli & Daman & Diu,DELHI
24,38,5,2024,813,Dadar & Nagar Haveli & Daman & Diu,GUJARAT
08,01,6,2024,10,JAMMU AND KASHMIR,RAJASTHAN
06,02,6,2024,90,HIMACHAL PRADESH,HARYANA
07,02,6,2024,34,HIMACHAL PRADESH,DELHI
08,02,6,2024,9,HIMACHAL PRADESH,RAJASTHAN
07,05,6,2024,148,UTTARAKHAND,DELHI
22,05,6,2024,17,UTTARAKHAND,CHHATTISGARH
24,05,6,2024,1,UTTARAKHAND,GUJARAT
27,05,6,2024,6,UTTARAKHAND,MAHARASHTRA
07,06,6,2024,659,HARYANA,DELHI
23,06,6,2024,5038,HARYANA,MADHYA PRADESH
29,06,6,2024,1,HARYANA,KARNATAKA
16,07,6,2024,6,DELHI,TRIPURA
27,07,6,2024,192,DELHI,MAHARASHTRA
29,07,6,2024,12,DELHI,KARNATAKA
10,08,6,2024,1074,RAJASTHAN,BIHAR
27,08,6,2024,18,RAJASTHAN,MAHARASHTRA
06,09,6,2024,619,UTTAR PRADESH,HARYANA
08,09,6,2024,54,UTTAR PRADESH,RAJASTHAN
20,09,6,2024,41,UTTAR PRADESH,JHARKHAND
23,09,6,2024,190,UTTAR PRADESH,MADHYA PRADESH
24,09,6,2024,9,UTTAR PRADESH,GUJARAT
27,09,6,2024,415,UTTAR PRADESH,MAHARASHTRA
33,10,6,2024,2,BIHAR,TAMIL NADU
10,17,6,2024,6,MEGHALAYA,BIHAR
01,19,6,2024,1,WEST BENGAL,JAMMU AND KASHMIR
07,19,6,2024,54,WEST BENGAL,DELHI
20,19,6,2024,63,WEST BENGAL,JHARKHAND
08,20,6,2024,5,JHARKHAND,RAJASTHAN
19,20,6,2024,3,JHARKHAND,WEST BENGAL
32,20,6,2024,1,JHARKHAND,KERALA
08,22,6,2024,3,CHHATTISGARH,RAJASTHAN
08,23,6,2024,266,MADHYA PRADESH,RAJASTHAN
22,23,6,2024,210,MADHYA PRADESH,CHHATTISGARH
29,23,6,2024,5,MADHYA PRADESH,KARNATAKA
07,24,6,2024,68,GUJARAT,DELHI
29,24,6,2024,12,GUJARAT,KARNATAKA
06,27,6,2024,284,MAHARASHTRA,HARYANA
28,27,6,2024,38,MAHARASHTRA,ANDHRA PRADESH
32,27,6,2024,13,MAHARASHTRA,KERALA
33,27,6,2024,170,MAHARASHTRA,TAMIL NADU
05,29,6,2024,1,KARNATAKA,UTTARAKHAND
22,29,6,2024,13,KARNATAKA,CHHATTISGARH
28,29,6,2024,22,KARNATAKA,ANDHRA PRADESH
10,30,6,2024,545,GOA,BIHAR
22,30,6,2024,19,GOA,CHHATTISGARH
23,30,6,2024,92,GOA,MADHYA PRADESH
28,30,6,2024,3,GOA,ANDHRA PRADESH
01,32,6,2024,4,KERALA,JAMMU AND KASHMIR
08,32,6,2024,42,KERALA,RAJASTHAN
09,32,6,2024,254,KERALA,UTTAR PRADESH
19,32,6,2024,109,KERALA,WEST BENGAL
22,32,6,2024,15,KERALA,CHHATTISGARH
29,32,6,2024,249,KERALA,KARNATAKA
01,33,6,2024,1,TAMIL NADU,JAMMU AND KASHMIR
06,33,6,2024,1,TAMIL NADU,HARYANA
16,33,6,2024,1,TAMIL NADU,TRIPURA
28,33,6,2024,2,TAMIL NADU,ANDHRA PRADESH
29,33,6,2024,2,TAMIL NADU,KARNATAKA
09,37,6,2024,1,LADAKH,UTTAR PRADESH
10,37,6,2024,40,LADAKH,BIHAR
09,01,7,2024,3364,JAMMU AND KASHMIR,UTTAR PRADESH
23,01,7,2024,901,JAMMU AND KASHMIR,MADHYA PRADESH
05,03,7,2024,6,PUNJAB,UTTARAKHAND
06,03,7,2024,17,PUNJAB,HARYANA
10,04,7,2024,33,CHANDIGARH,BIHAR
01,05,7,2024,1,UTTARAKHAND,JAMMU AND KASHMIR
06,05,7,2024,108,UTTARAKHAND,HARYANA
10,05,7,2024,2476,UTTARAKHAND,BIHAR
18,05,7,2024,2,UTTARAKHAND,ASSAM
24,05,7,2024,3,UTTARAKHAND,GUJARAT
05,06,7,2024,337,HARYANA,UTTARAKHAND
19,06,7,2024,209,HARYANA,WEST BENGAL
22,06,7,2024,81,HARYANA,CHHATTISGARH
27,06,7,2024,18,HARYANA,MAHARASHTRA
36,06,7,2024,2,HARYANA,TELANGANA
02,07,7,2024,131,DELHI,HIMACHAL PRADESH
05,07,7,2024,5600,DELHI,UTTARAKHAND
10,07,7,2024,197700,DELHI,BIHAR
20,07,7,2024,3052,DELHI,JHARKHAND
27,07,7,2024,205,DELHI,MAHARASHTRA
29,07,7,2024,9,DELHI,KARNATAKA
32,07,7,2024,48,DELHI,KERALA
05,08,7,2024,3,RAJASTHAN,UTTARAKHAND
06,08,7,2024,495,RAJASTHAN,HARYANA
22,08,7,2024,9,RAJASTHAN,CHHATTISGARH
28,08,7,2024,2,RAJASTHAN,ANDHRA PRADESH
29,08,7,2024,7,RAJASTHAN,KARNATAKA
36,08,7,2024,1,RAJASTHAN,TELANGANA
10,09,7,2024,1330,UTTAR PRADESH,BIHAR
19,09,7,2024,8,UTTAR PRADESH,WEST BENGAL
24,09,7,2024,23,UTTAR PRADESH,GUJARAT
09,10,7,2024,897,BIHAR,UTTAR PRADESH
09,11,7,2024,3,SIKKIM,UTTAR PRADESH
10,11,7,2024,92,SIKKIM,BIHAR
19,11,7,2024,1,SIKKIM,WEST BENGAL
07,18,7,2024,1,ASSAM,DELHI
06,19,7,2024,8,WEST BENGAL,HARYANA
08,19,7,2024,1,WEST BENGAL,RAJASTHAN
18,19,7,2024,2,WEST BENGAL,ASSAM
29,20,7,2024,1,JHARKHAND,KARNATAKA
09,22,7,2024,133,CHHATTISGARH,UTTAR PRADESH
10,22,7,2024,246,CHHATTISGARH,BIHAR
27,22,7,2024,12,CHHATTISGARH,MAHARASHTRA
28,22,7,2024,3,CHHATTISGARH,ANDHRA PRADESH
32,22,7,2024,1,CHHATTISGARH,KERALA
10,23,7,2024,1189,MADHYA PRADESH,BIHAR
29,23,7,2024,3,MADHYA PRADESH,KARNATAKA
09,24,7,2024,7849,GUJARAT,UTTAR PRADESH
19,24,7,2024,18,GUJARAT,WEST BENGAL
01,27,7,2024,3,MAHARASHTRA,JAMMU AND KASHMIR
36,28,7,2024,2,ANDHRA PRADESH,TELANGANA
09,29,7,2024,33,KARNATAKA,UTTAR PRADESH
16,29,7,2024,1,KARNATAKA,TRIPURA
22,29,7,2024,11,KARNATAKA,CHHATTISGARH
27,29,7,2024,6,KARNATAKA,MAHARASHTRA
08,30,7,2024,20,GOA,RAJASTHAN
10,30,7,2024,536,GOA,BIHAR
28,30,7,2024,1,GOA,ANDHRA PRADESH
24,32,3,2025,3,KERALA,GUJARAT
18,33,3,2025,1,TAMIL NADU,ASSAM
27,33,3,2025,1,TAMIL NADU,MAHARASHTRA
29,33,3,2025,4,TAMIL NADU,KARNATAKA
20,35,3,2025,5,ANDAMAN AND NICOBAR ISLANDS,JHARKHAND
01,36,3,2025,1,TELANGANA,JAMMU AND KASHMIR
06,36,3,2025,50,TELANGANA,HARYANA
09,36,3,2025,1,TELANGANA,UTTAR PRADESH
27,36,3,2025,938,TELANGANA,MAHARASHTRA
03,38,3,2025,1,DADAR & NAGAR HAVELI & DAMAN & DIU,PUNJAB
07,38,3,2025,3,DADAR & NAGAR HAVELI & DAMAN & DIU,DELHI
27,38,3,2025,546,DADAR & NAGAR HAVELI & DAMAN & DIU,MAHARASHTRA
29,38,3,2025,6,DADAR & NAGAR HAVELI & DAMAN & DIU,KARNATAKA
23,01,4,2025,1291,JAMMU AND KASHMIR,MADHYA PRADESH
01,02,4,2025,2,HIMACHAL PRADESH,JAMMU AND KASHMIR
18,02,4,2025,1,HIMACHAL PRADESH,ASSAM
05,03,4,2025,2,PUNJAB,UTTARAKHAND
05,04,4,2025,1,CHANDIGARH,UTTARAKHAND
09,04,4,2025,3,CHANDIGARH,UTTAR PRADESH
23,05,4,2025,45,UTTARAKHAND,MADHYA PRADESH
02,06,4,2025,7,HARYANA,HIMACHAL PRADESH
10,06,4,2025,36302,HARYANA,BIHAR
19,06,4,2025,161,HARYANA,WEST BENGAL
28,06,4,2025,1,HARYANA,ANDHRA PRADESH
15,07,4,2025,3,DELHI,MIZORAM
23,07,4,2025,18712,DELHI,MADHYA PRADESH
24,07,4,2025,146,DELHI,GUJARAT
06,08,4,2025,1511,RAJASTHAN,HARYANA
09,08,4,2025,12455,RAJASTHAN,UTTAR PRADESH
19,08,4,2025,38,RAJASTHAN,WEST BENGAL
23,08,4,2025,3413,RAJASTHAN,MADHYA PRADESH
27,08,4,2025,47,RAJASTHAN,MAHARASHTRA
27,09,4,2025,1217,UTTAR PRADESH,MAHARASHTRA
02,10,4,2025,1,BIHAR,HIMACHAL PRADESH
05,10,4,2025,68,BIHAR,UTTARAKHAND
08,10,4,2025,92,BIHAR,RAJASTHAN
15,10,4,2025,1,BIHAR,MIZORAM
23,10,4,2025,233,BIHAR,MADHYA PRADESH
06,11,4,2025,1,SIKKIM,HARYANA
10,16,4,2025,529,TRIPURA,BIHAR
23,16,4,2025,1,TRIPURA,MADHYA PRADESH
20,17,4,2025,1,MEGHALAYA,JHARKHAND
08,18,4,2025,1,ASSAM,RAJASTHAN
01,19,4,2025,1,WEST BENGAL,JAMMU AND KASHMIR
06,19,4,2025,25,WEST BENGAL,HARYANA
06,20,4,2025,26,JHARKHAND,HARYANA
10,20,4,2025,2275,JHARKHAND,BIHAR
21,20,4,2025,2,JHARKHAND,ODISHA
29,20,4,2025,1,JHARKHAND,KARNATAKA
09,22,4,2025,160,CHHATTISGARH,UTTAR PRADESH
19,22,4,2025,2,CHHATTISGARH,WEST BENGAL
08,23,4,2025,309,MADHYA PRADESH,RAJASTHAN
09,23,4,2025,4447,MADHYA PRADESH,UTTAR PRADESH
21,24,4,2025,48,GUJARAT,ODISHA
29,24,4,2025,10,GUJARAT,KARNATAKA
02,27,4,2025,1,MAHARASHTRA,HIMACHAL PRADESH
19,27,4,2025,323,MAHARASHTRA,WEST BENGAL
20,27,4,2025,1587,MAHARASHTRA,JHARKHAND
29,27,4,2025,387,MAHARASHTRA,KARNATAKA
32,27,4,2025,2,MAHARASHTRA,KERALA
09,28,4,2025,1,ANDHRA PRADESH,UTTAR PRADESH
06,29,4,2025,2,KARNATAKA,HARYANA
20,29,4,2025,5,KARNATAKA,JHARKHAND
21,29,4,2025,4,KARNATAKA,ODISHA
28,29,4,2025,16,KARNATAKA,ANDHRA PRADESH
23,30,4,2025,114,GOA,MADHYA PRADESH
29,30,4,2025,474,GOA,KARNATAKA
01,32,4,2025,3,KERALA,JAMMU AND KASHMIR
10,32,4,2025,1063,KERALA,BIHAR
19,32,4,2025,158,KERALA,WEST BENGAL
20,32,4,2025,225,KERALA,JHARKHAND
09,33,4,2025,4,TAMIL NADU,UTTAR PRADESH
18,33,4,2025,1,TAMIL NADU,ASSAM
21,33,4,2025,2,TAMIL NADU,ODISHA
27,33,4,2025,2,TAMIL NADU,MAHARASHTRA
28,33,4,2025,4,TAMIL NADU,ANDHRA PRADESH
29,33,4,2025,3,TAMIL NADU,KARNATAKA
19,35,4,2025,6,ANDAMAN AND NICOBAR ISLANDS,WEST BENGAL
28,35,4,2025,1,ANDAMAN AND NICOBAR ISLANDS,ANDHRA PRADESH
19,36,4,2025,11,TELANGANA,WEST BENGAL
18,38,4,2025,16,DADAR & NAGAR HAVELI & DAMAN & DIU,ASSAM
03,01,5,2025,7,JAMMU AND KASHMIR,PUNJAB
06,01,5,2025,23,JAMMU AND KASHMIR,HARYANA
18,01,5,2025,5,JAMMU AND KASHMIR,ASSAM
23,01,5,2025,625,JAMMU AND KASHMIR,MADHYA PRADESH
07,02,5,2025,22,HIMACHAL PRADESH,DELHI
10,02,5,2025,3489,HIMACHAL PRADESH,BIHAR
19,02,5,2025,29,HIMACHAL PRADESH,WEST BENGAL
09,03,5,2025,1144,PUNJAB,UTTAR PRADESH
10,04,5,2025,13,CHANDIGARH,BIHAR
07,05,5,2025,143,UTTARAKHAND,DELHI
09,05,5,2025,12969,UTTARAKHAND,UTTAR PRADESH
18,05,5,2025,6,UTTARAKHAND,ASSAM
23,05,5,2025,58,UTTARAKHAND,MADHYA PRADESH
24,05,5,2025,2,UTTARAKHAND,GUJARAT
02,06,5,2025,6,HARYANA,HIMACHAL PRADESH
10,07,5,2025,218591,DELHI,BIHAR
18,07,5,2025,238,DELHI,ASSAM
19,07,5,2025,1896,DELHI,WEST BENGAL
38,07,5,2025,1,DELHI,DADAR & NAGAR HAVELI & DAMAN & DIU
09,08,5,2025,10852,RAJASTHAN,UTTAR PRADESH
20,08,5,2025,112,RAJASTHAN,JHARKHAND
23,08,5,2025,2959,RAJASTHAN,MADHYA PRADESH
29,08,5,2025,1,RAJASTHAN,KARNATAKA
18,09,5,2025,3,UTTAR PRADESH,ASSAM
23,10,5,2025,318,BIHAR,MADHYA PRADESH
30,10,5,2025,2,BIHAR,GOA
06,16,5,2025,1,TRIPURA,HARYANA
09,16,5,2025,2,TRIPURA,UTTAR PRADESH
18,16,5,2025,16,TRIPURA,ASSAM
19,18,5,2025,1,ASSAM,WEST BENGAL
07,19,5,2025,43,WEST BENGAL,DELHI
09,19,5,2025,288,WEST BENGAL,UTTAR PRADESH
10,19,5,2025,6154,WEST BENGAL,BIHAR
23,19,5,2025,13,WEST BENGAL,MADHYA PRADESH
27,19,5,2025,1,WEST BENGAL,MAHARASHTRA
09,20,5,2025,131,JHARKHAND,UTTAR PRADESH
10,20,5,2025,2310,JHARKHAND,BIHAR
07,22,5,2025,7,CHHATTISGARH,DELHI
20,22,5,2025,65,CHHATTISGARH,JHARKHAND
07,23,5,2025,193,MADHYA PRADESH,DELHI
09,24,5,2025,7712,GUJARAT,UTTAR PRADESH
10,24,5,2025,6321,GUJARAT,BIHAR
08,27,5,2025,517,MAHARASHTRA,RAJASTHAN
19,27,5,2025,287,MAHARASHTRA,WEST BENGAL
21,27,5,2025,34,MAHARASHTRA,ODISHA
08,29,5,2025,1,KARNATAKA,RAJASTHAN
19,29,5,2025,2,KARNATAKA,WEST BENGAL
20,29,5,2025,5,KARNATAKA,JHARKHAND
05,30,5,2025,4,GOA,UTTARAKHAND
09,30,5,2025,727,GOA,UTTAR PRADESH
09,32,5,2025,229,KERALA,UTTAR PRADESH
18,32,5,2025,229,KERALA,ASSAM
24,32,5,2025,6,KERALA,GUJARAT
28,32,5,2025,35,KERALA,ANDHRA PRADESH
18,33,5,2025,1,TAMIL NADU,ASSAM
19,35,5,2025,8,ANDAMAN AND NICOBAR ISLANDS,WEST BENGAL
10,37,5,2025,9,LADAKH,BIHAR
18,38,5,2025,15,DADAR & NAGAR HAVELI & DAMAN & DIU,ASSAM
03,01,6,2025,6,JAMMU AND KASHMIR,PUNJAB
27,01,6,2025,6,JAMMU AND KASHMIR,MAHARASHTRA
06,05,6,2025,140,UTTARAKHAND,HARYANA
10,05,6,2025,2808,UTTARAKHAND,BIHAR
23,05,6,2025,63,UTTARAKHAND,MADHYA PRADESH
24,05,6,2025,1,UTTARAKHAND,GUJARAT
10,06,6,2025,35722,HARYANA,BIHAR
24,06,6,2025,3,HARYANA,GUJARAT
27,06,6,2025,20,HARYANA,MAHARASHTRA
10,07,6,2025,354078,DELHI,BIHAR
38,07,6,2025,1,DELHI,DADAR & NAGAR HAVELI & DAMAN & DIU
27,10,6,2025,113,BIHAR,MAHARASHTRA
29,10,6,2025,9,BIHAR,KARNATAKA
19,17,6,2025,2,MEGHALAYA,WEST BENGAL
09,19,6,2025,101,WEST BENGAL,UTTAR PRADESH
18,19,6,2025,8,WEST BENGAL,ASSAM
18,20,6,2025,3,JHARKHAND,ASSAM
28,20,6,2025,2,JHARKHAND,ANDHRA PRADESH
06,22,6,2025,11,CHHATTISGARH,HARYANA
24,22,6,2025,1,CHHATTISGARH,GUJARAT
07,23,6,2025,108,MADHYA PRADESH,DELHI
08,23,6,2025,222,MADHYA PRADESH,RAJASTHAN
19,23,6,2025,1,MADHYA PRADESH,WEST BENGAL
19,24,6,2025,5,GUJARAT,WEST BENGAL
27,24,6,2025,622,GUJARAT,MAHARASHTRA
28,24,6,2025,3,GUJARAT,ANDHRA PRADESH
38,24,6,2025,4,GUJARAT,DADAR & NAGAR HAVELI & DAMAN & DIU
07,27,6,2025,54,MAHARASHTRA,DELHI
18,27,6,2025,58,MAHARASHTRA,ASSAM
23,27,6,2025,1144,MAHARASHTRA,MADHYA PRADESH
36,27,6,2025,9,MAHARASHTRA,TELANGANA
29,28,6,2025,2,ANDHRA PRADESH,KARNATAKA
36,28,6,2025,1,ANDHRA PRADESH,TELANGANA
06,30,6,2025,11,GOA,HARYANA
10,30,6,2025,750,GOA,BIHAR
27,30,6,2025,98,GOA,MAHARASHTRA
19,32,6,2025,213,KERALA,WEST BENGAL
24,32,6,2025,3,KERALA,GUJARAT
06,33,6,2025,3,TAMIL NADU,HARYANA
28,33,6,2025,1,TAMIL NADU,ANDHRA PRADESH
10,35,6,2025,11,ANDAMAN AND NICOBAR ISLANDS,BIHAR
06,36,6,2025,36,TELANGANA,HARYANA
10,36,6,2025,2636,TELANGANA,BIHAR
20,36,6,2025,3,TELANGANA,JHARKHAND
28,36,6,2025,1191,TELANGANA,ANDHRA PRADESH
23,37,6,2025,2,LADAKH,MADHYA PRADESH
07,38,6,2025,10,DADAR & NAGAR HAVELI & DAMAN & DIU,DELHI
10,38,6,2025,7015,DADAR & NAGAR HAVELI & DAMAN & DIU,BIHAR
19,38,6,2025,16,DADAR & NAGAR HAVELI & DAMAN & DIU,WEST BENGAL
23,38,6,2025,1072,DADAR & NAGAR HAVELI & DAMAN & DIU,MADHYA PRADESH
06,01,7,2025,16,JAMMU AND KASHMIR,HARYANA
18,01,7,2025,7,JAMMU AND KASHMIR,ASSAM
20,01,7,2025,14,JAMMU AND KASHMIR,JHARKHAND
05,02,7,2025,26,HIMACHAL PRADESH,UTTARAKHAND
09,02,7,2025,3135,HIMACHAL PRADESH,UTTAR PRADESH
20,02,7,2025,34,HIMACHAL PRADESH,JHARKHAND
18,03,7,2025,1,PUNJAB,ASSAM
07,01,1,2025,6,JAMMU AND KASHMIR,DELHI
18,01,1,2025,4,JAMMU AND KASHMIR,ASSAM
24,01,1,2025,1,JAMMU AND KASHMIR,GUJARAT
37,01,1,2025,1,JAMMU AND KASHMIR,LADAKH
05,02,1,2025,43,HIMACHAL PRADESH,UTTARAKHAND
06,02,1,2025,117,HIMACHAL PRADESH,HARYANA
08,02,1,2025,33,HIMACHAL PRADESH,RAJASTHAN
20,02,1,2025,103,HIMACHAL PRADESH,JHARKHAND
23,02,1,2025,368,HIMACHAL PRADESH,MADHYA PRADESH
19,03,1,2025,1,PUNJAB,WEST BENGAL
23,03,1,2025,20,PUNJAB,MADHYA PRADESH
06,05,1,2025,160,UTTARAKHAND,HARYANA
10,05,1,2025,3414,UTTARAKHAND,BIHAR
09,06,1,2025,44833,HARYANA,UTTAR PRADESH
19,06,1,2025,174,HARYANA,WEST BENGAL
28,06,1,2025,1,HARYANA,ANDHRA PRADESH
36,06,1,2025,1,HARYANA,TELANGANA
02,07,1,2025,60,DELHI,HIMACHAL PRADESH
19,07,1,2025,2092,DELHI,WEST BENGAL
24,07,1,2025,160,DELHI,GUJARAT
28,07,1,2025,29,DELHI,ANDHRA PRADESH
07,08,1,2025,222,RAJASTHAN,DELHI
19,08,1,2025,37,RAJASTHAN,WEST BENGAL
24,08,1,2025,97,RAJASTHAN,GUJARAT
01,09,1,2025,2,UTTAR PRADESH,JAMMU AND KASHMIR
08,09,1,2025,136,UTTAR PRADESH,RAJASTHAN
19,09,1,2025,14,UTTAR PRADESH,WEST BENGAL
22,09,1,2025,110,UTTAR PRADESH,CHHATTISGARH
29,09,1,2025,12,UTTAR PRADESH,KARNATAKA
38,09,1,2025,2,UTTAR PRADESH,DADAR & NAGAR HAVELI & DAMAN & DIU
01,10,1,2025,4,BIHAR,JAMMU AND KASHMIR
09,10,1,2025,3380,BIHAR,UTTAR PRADESH
27,10,1,2025,309,BIHAR,MAHARASHTRA
33,10,1,2025,10,BIHAR,TAMIL NADU
18,11,1,2025,1,SIKKIM,ASSAM
19,17,1,2025,1,MEGHALAYA,WEST BENGAL
19,18,1,2025,2,ASSAM,WEST BENGAL
29,19,1,2025,2,WEST BENGAL,KARNATAKA
10,20,1,2025,2273,JHARKHAND,BIHAR
05,22,1,2025,1,CHHATTISGARH,UTTARAKHAND
08,22,1,2025,4,CHHATTISGARH,RAJASTHAN
09,22,1,2025,329,CHHATTISGARH,UTTAR PRADESH
06,23,1,2025,134,MADHYA PRADESH,HARYANA
18,23,1,2025,2,MADHYA PRADESH,ASSAM
29,23,1,2025,1,MADHYA PRADESH,KARNATAKA
32,23,1,2025,3,MADHYA PRADESH,KERALA
01,24,1,2025,2,GUJARAT,JAMMU AND KASHMIR
10,24,1,2025,7422,GUJARAT,BIHAR
19,24,1,2025,18,GUJARAT,WEST BENGAL
29,24,1,2025,11,GUJARAT,KARNATAKA
38,24,1,2025,7,GUJARAT,DADAR & NAGAR HAVELI & DAMAN & DIU
07,27,1,2025,108,MAHARASHTRA,DELHI
09,27,1,2025,50460,MAHARASHTRA,UTTAR PRADESH
24,29,1,2025,2,KARNATAKA,GUJARAT
08,30,1,2025,30,GOA,RAJASTHAN
10,30,1,2025,898,GOA,BIHAR
18,30,1,2025,24,GOA,ASSAM
28,30,1,2025,3,GOA,ANDHRA PRADESH
07,32,1,2025,17,KERALA,DELHI
23,32,1,2025,421,KERALA,MADHYA PRADESH
33,32,1,2025,552,KERALA,TAMIL NADU
01,33,1,2025,1,TAMIL NADU,JAMMU AND KASHMIR
20,35,1,2025,3,ANDAMAN AND NICOBAR ISLANDS,JHARKHAND
10,36,1,2025,1683,TELANGANA,BIHAR
23,36,1,2025,351,TELANGANA,MADHYA PRADESH
10,37,1,2025,8,LADAKH,BIHAR
19,38,1,2025,43,DADAR & NAGAR HAVELI & DAMAN & DIU,WEST BENGAL
23,38,1,2025,852,DADAR & NAGAR HAVELI & DAMAN & DIU,MADHYA PRADESH
08,01,2,2025,6,JAMMU AND KASHMIR,RAJASTHAN
27,01,2,2025,2,JAMMU AND KASHMIR,MAHARASHTRA
06,02,2,2025,136,HIMACHAL PRADESH,HARYANA
10,02,2,2025,5343,HIMACHAL PRADESH,BIHAR
06,03,2,2025,69,PUNJAB,HARYANA
10,05,2,2025,3685,UTTARAKHAND,BIHAR
20,05,2,2025,3,UTTARAKHAND,JHARKHAND
05,06,2,2025,360,HARYANA,UTTARAKHAND
10,06,2,2025,38470,HARYANA,BIHAR
27,06,2,2025,17,HARYANA,MAHARASHTRA
10,07,2,2025,250255,DELHI,BIHAR
16,07,2,2025,6,DELHI,TRIPURA
24,07,2,2025,164,DELHI,GUJARAT
29,07,2,2025,7,DELHI,KARNATAKA
33,07,2,2025,130,DELHI,TAMIL NADU
37,07,2,2025,1,DELHI,LADAKH
23,08,2,2025,3309,RAJASTHAN,MADHYA PRADESH
29,08,2,2025,3,RAJASTHAN,KARNATAKA
33,08,2,2025,4,RAJASTHAN,TAMIL NADU
01,09,2,2025,1,UTTAR PRADESH,JAMMU AND KASHMIR
06,09,2,2025,2019,UTTAR PRADESH,HARYANA
27,09,2,2025,1036,UTTAR PRADESH,MAHARASHTRA
36,09,2,2025,1,UTTAR PRADESH,TELANGANA
03,10,2,2025,16,BIHAR,PUNJAB
16,10,2,2025,1,BIHAR,TRIPURA
19,10,2,2025,338,BIHAR,WEST BENGAL
32,10,2,2025,4,BIHAR,KERALA
38,10,2,2025,1,BIHAR,DADAR & NAGAR HAVELI & DAMAN & DIU
10,11,2,2025,70,SIKKIM,BIHAR
23,11,2,2025,1,SIKKIM,MADHYA PRADESH
09,16,2,2025,7,TRIPURA,UTTAR PRADESH
23,16,2,2025,2,TRIPURA,MADHYA PRADESH
08,18,2,2025,2,ASSAM,RAJASTHAN
10,18,2,2025,62,ASSAM,BIHAR
33,19,2,2025,2,WEST BENGAL,TAMIL NADU
07,20,2,2025,45,JHARKHAND,DELHI
09,20,2,2025,144,JHARKHAND,UTTAR PRADESH
24,20,2,2025,3,JHARKHAND,GUJARAT
01,22,2,2025,1,CHHATTISGARH,JAMMU AND KASHMIR
08,22,2,2025,5,CHHATTISGARH,RAJASTHAN
10,22,2,2025,490,CHHATTISGARH,BIHAR
32,22,2,2025,2,CHHATTISGARH,KERALA
10,23,2,2025,2186,MADHYA PRADESH,BIHAR
20,23,2,2025,91,MADHYA PRADESH,JHARKHAND
29,23,2,2025,2,MADHYA PRADESH,KARNATAKA
05,24,2,2025,31,GUJARAT,UTTARAKHAND
20,24,2,2025,364,GUJARAT,JHARKHAND
23,24,2,2025,5665,GUJARAT,MADHYA PRADESH
27,24,2,2025,1104,GUJARAT,MAHARASHTRA
28,24,2,2025,6,GUJARAT,ANDHRA PRADESH
09,27,2,2025,52236,MAHARASHTRA,UTTAR PRADESH
20,27,2,2025,2007,MAHARASHTRA,JHARKHAND
32,27,2,2025,17,MAHARASHTRA,KERALA
09,28,2,2025,2,ANDHRA PRADESH,UTTAR PRADESH
10,28,2,2025,1,ANDHRA PRADESH,BIHAR
29,28,2,2025,1,ANDHRA PRADESH,KARNATAKA
09,29,2,2025,115,KARNATAKA,UTTAR PRADESH
10,29,2,2025,426,KARNATAKA,BIHAR
24,29,2,2025,3,KARNATAKA,GUJARAT
01,30,2,2025,4,GOA,JAMMU AND KASHMIR
20,30,2,2025,107,GOA,JHARKHAND
33,30,2,2025,4,GOA,TAMIL NADU
03,32,2,2025,1,KERALA,PUNJAB
07,32,2,2025,15,KERALA,DELHI
10,32,2,2025,1269,KERALA,BIHAR
24,32,2,2025,3,KERALA,GUJARAT
28,32,2,2025,35,KERALA,ANDHRA PRADESH
01,33,2,2025,1,TAMIL NADU,JAMMU AND KASHMIR
10,33,2,2025,155,TAMIL NADU,BIHAR
10,35,2,2025,11,ANDAMAN AND NICOBAR ISLANDS,BIHAR
33,35,2,2025,8,ANDAMAN AND NICOBAR ISLANDS,TAMIL NADU
32,36,2,2025,3,TELANGANA,KERALA
07,38,2,2025,4,DADAR & NAGAR HAVELI & DAMAN & DIU,DELHI
29,38,2,2025,2,DADAR & NAGAR HAVELI & DAMAN & DIU,KARNATAKA
33,38,2,2025,1,DADAR & NAGAR HAVELI & DAMAN & DIU,TAMIL NADU
27,01,3,2025,2,JAMMU AND KASHMIR,MAHARASHTRA
01,02,3,2025,3,HIMACHAL PRADESH,JAMMU AND KASHMIR
05,02,3,2025,51,HIMACHAL PRADESH,UTTARAKHAND
06,02,3,2025,137,HIMACHAL PRADESH,HARYANA
18,02,3,2025,1,HIMACHAL PRADESH,ASSAM
05,03,3,2025,21,PUNJAB,UTTARAKHAND
08,03,3,2025,10,PUNJAB,RAJASTHAN
27,03,3,2025,2,PUNJAB,MAHARASHTRA
09,04,3,2025,4,CHANDIGARH,UTTAR PRADESH
19,05,3,2025,5,UTTARAKHAND,WEST BENGAL
20,05,3,2025,3,UTTARAKHAND,JHARKHAND
02,06,3,2025,6,HARYANA,HIMACHAL PRADESH
18,06,3,2025,53,HARYANA,ASSAM
28,06,3,2025,1,HARYANA,ANDHRA PRADESH
01,07,3,2025,119,DELHI,JAMMU AND KASHMIR
10,07,3,2025,233531,DELHI,BIHAR
21,07,3,2025,75,DELHI,ODISHA
05,08,3,2025,13,RAJASTHAN,UTTARAKHAND
21,08,3,2025,2,RAJASTHAN,ODISHA
28,08,3,2025,6,RAJASTHAN,ANDHRA PRADESH
06,09,3,2025,798,UTTAR PRADESH,HARYANA
08,09,3,2025,23,UTTAR PRADESH,RAJASTHAN
28,09,3,2025,1,UTTAR PRADESH,ANDHRA PRADESH
05,10,3,2025,63,BIHAR,UTTARAKHAND
06,10,3,2025,1657,BIHAR,HARYANA
36,10,3,2025,30,BIHAR,TELANGANA
19,11,3,2025,1,SIKKIM,WEST BENGAL
10,16,3,2025,930,TRIPURA,BIHAR
16,17,3,2025,2,MEGHALAYA,TRIPURA
18,17,3,2025,9,MEGHALAYA,ASSAM
10,19,3,2025,6333,WEST BENGAL,BIHAR
36,19,3,2025,1,WEST BENGAL,TELANGANA
09,20,3,2025,151,JHARKHAND,UTTAR PRADESH
18,20,3,2025,1,JHARKHAND,ASSAM
27,22,3,2025,13,CHHATTISGARH,MAHARASHTRA
08,23,3,2025,145,MADHYA PRADESH,RAJASTHAN
07,24,3,2025,82,GUJARAT,DELHI
20,24,3,2025,304,GUJARAT,JHARKHAND
28,24,3,2025,5,GUJARAT,ANDHRA PRADESH
38,24,3,2025,10,GUJARAT,DADAR & NAGAR HAVELI & DAMAN & DIU
06,27,3,2025,399,MAHARASHTRA,HARYANA
23,28,3,2025,1,ANDHRA PRADESH,MADHYA PRADESH
29,28,3,2025,1,ANDHRA PRADESH,KARNATAKA
36,28,3,2025,1,ANDHRA PRADESH,TELANGANA
08,30,3,2025,2,GOA,RAJASTHAN
09,30,3,2025,1080,GOA,UTTAR PRADESH
05,32,3,2025,4,KERALA,UTTARAKHAND
18,16,10,2024,23,TRIPURA,ASSAM
22,16,10,2024,1,TRIPURA,CHHATTISGARH
07,18,10,2024,1,ASSAM,DELHI
07,19,10,2024,52,WEST BENGAL,DELHI
08,19,10,2024,2,WEST BENGAL,RAJASTHAN
20,19,10,2024,77,WEST BENGAL,JHARKHAND
22,19,10,2024,5,WEST BENGAL,CHHATTISGARH
33,19,10,2024,1,WEST BENGAL,TAMIL NADU
08,20,10,2024,5,JHARKHAND,RAJASTHAN
19,20,10,2024,3,JHARKHAND,WEST BENGAL
27,20,10,2024,19,JHARKHAND,MAHARASHTRA
06,22,10,2024,12,CHHATTISGARH,HARYANA
20,22,10,2024,46,CHHATTISGARH,JHARKHAND
07,23,10,2024,143,MADHYA PRADESH,DELHI
19,23,10,2024,1,MADHYA PRADESH,WEST BENGAL
29,23,10,2024,1,MADHYA PRADESH,KARNATAKA
05,24,10,2024,26,GUJARAT,UTTARAKHAND
07,24,10,2024,57,GUJARAT,DELHI
08,24,10,2024,1174,GUJARAT,RAJASTHAN
20,24,10,2024,221,GUJARAT,JHARKHAND
23,24,10,2024,4324,GUJARAT,MADHYA PRADESH
29,24,10,2024,13,GUJARAT,KARNATAKA
32,24,10,2024,30,GUJARAT,KERALA
05,27,10,2024,75,MAHARASHTRA,UTTARAKHAND
08,27,10,2024,689,MAHARASHTRA,RAJASTHAN
18,27,10,2024,45,MAHARASHTRA,ASSAM
20,27,10,2024,1219,MAHARASHTRA,JHARKHAND
22,27,10,2024,113,MAHARASHTRA,CHHATTISGARH
28,27,10,2024,42,MAHARASHTRA,ANDHRA PRADESH
36,27,10,2024,27,MAHARASHTRA,TELANGANA
20,30,10,2024,37,GOA,JHARKHAND
32,30,10,2024,5,GOA,KERALA
33,30,10,2024,4,GOA,TAMIL NADU
06,32,10,2024,6,KERALA,HARYANA
20,32,10,2024,161,KERALA,JHARKHAND
24,32,10,2024,5,KERALA,GUJARAT
10,33,10,2024,141,TAMIL NADU,BIHAR
22,33,10,2024,4,TAMIL NADU,CHHATTISGARH
28,33,10,2024,5,TAMIL NADU,ANDHRA PRADESH
10,35,10,2024,1,ANDAMAN AND NICOBAR ISLANDS,BIHAR
18,36,10,2024,17,TELANGANA,ASSAM
06,37,10,2024,1,LADAKH,HARYANA
08,37,10,2024,7,LADAKH,RAJASTHAN
33,38,10,2024,2,Dadar & Nagar Haveli & Daman & Diu,TAMIL NADU
09,01,11,2024,2028,JAMMU AND KASHMIR,UTTAR PRADESH
23,01,11,2024,1519,JAMMU AND KASHMIR,MADHYA PRADESH
05,02,11,2024,31,HIMACHAL PRADESH,UTTARAKHAND
09,02,11,2024,9641,HIMACHAL PRADESH,UTTAR PRADESH
22,02,11,2024,16,HIMACHAL PRADESH,CHHATTISGARH
23,02,11,2024,230,HIMACHAL PRADESH,MADHYA PRADESH
08,03,11,2024,13,PUNJAB,RAJASTHAN
23,04,11,2024,1,CHANDIGARH,MADHYA PRADESH
10,05,11,2024,2871,UTTARAKHAND,BIHAR
22,05,11,2024,23,UTTARAKHAND,CHHATTISGARH
23,05,11,2024,70,UTTARAKHAND,MADHYA PRADESH
09,06,11,2024,23694,HARYANA,UTTAR PRADESH
24,06,11,2024,31,HARYANA,GUJARAT
27,06,11,2024,9,HARYANA,MAHARASHTRA
35,06,11,2024,1,HARYANA,ANDAMAN AND NICOBAR ISLANDS
06,07,11,2024,13065,DELHI,HARYANA
09,07,11,2024,181690,DELHI,UTTAR PRADESH
20,07,11,2024,3436,DELHI,JHARKHAND
27,07,11,2024,215,DELHI,MAHARASHTRA
06,08,11,2024,1057,RAJASTHAN,HARYANA
10,08,11,2024,5108,RAJASTHAN,BIHAR
20,08,11,2024,70,RAJASTHAN,JHARKHAND
01,09,11,2024,1,UTTAR PRADESH,JAMMU AND KASHMIR
20,09,11,2024,119,UTTAR PRADESH,JHARKHAND
23,09,11,2024,554,UTTAR PRADESH,MADHYA PRADESH
33,09,11,2024,1,UTTAR PRADESH,TAMIL NADU
05,10,11,2024,54,BIHAR,UTTARAKHAND
27,10,11,2024,405,BIHAR,MAHARASHTRA
23,11,11,2024,1,SIKKIM,MADHYA PRADESH
10,16,11,2024,675,TRIPURA,BIHAR
18,16,11,2024,22,TRIPURA,ASSAM
10,17,11,2024,8,MEGHALAYA,BIHAR
19,17,11,2024,2,MEGHALAYA,WEST BENGAL
06,19,11,2024,16,WEST BENGAL,HARYANA
08,19,11,2024,7,WEST BENGAL,RAJASTHAN
20,19,11,2024,100,WEST BENGAL,JHARKHAND
22,19,11,2024,8,WEST BENGAL,CHHATTISGARH
06,20,11,2024,17,JHARKHAND,HARYANA
07,20,11,2024,49,JHARKHAND,DELHI
18,20,11,2024,2,JHARKHAND,ASSAM
22,20,11,2024,28,JHARKHAND,CHHATTISGARH
01,22,11,2024,1,CHHATTISGARH,JAMMU AND KASHMIR
18,22,11,2024,1,CHHATTISGARH,ASSAM
19,22,11,2024,4,CHHATTISGARH,WEST BENGAL
01,23,11,2024,1,MADHYA PRADESH,JAMMU AND KASHMIR
06,23,11,2024,119,MADHYA PRADESH,HARYANA
08,23,11,2024,442,MADHYA PRADESH,RAJASTHAN
09,23,11,2024,3083,MADHYA PRADESH,UTTAR PRADESH
19,23,11,2024,2,MADHYA PRADESH,WEST BENGAL
20,23,11,2024,36,MADHYA PRADESH,JHARKHAND
27,23,11,2024,192,MADHYA PRADESH,MAHARASHTRA
32,23,11,2024,1,MADHYA PRADESH,KERALA
27,24,11,2024,670,GUJARAT,MAHARASHTRA
33,24,11,2024,3,GUJARAT,TAMIL NADU
24,27,11,2024,324,MAHARASHTRA,GUJARAT
28,27,11,2024,42,MAHARASHTRA,ANDHRA PRADESH
32,27,11,2024,14,MAHARASHTRA,KERALA
24,30,11,2024,1,GOA,GUJARAT
28,30,11,2024,3,GOA,ANDHRA PRADESH
06,31,11,2024,1,LAKSHADWEEP,HARYANA
10,32,11,2024,1012,KERALA,BIHAR
23,32,11,2024,405,KERALA,MADHYA PRADESH
28,32,11,2024,17,KERALA,ANDHRA PRADESH
08,33,11,2024,4,TAMIL NADU,RAJASTHAN
09,33,11,2024,14,TAMIL NADU,UTTAR PRADESH
10,33,11,2024,120,TAMIL NADU,BIHAR
06,35,11,2024,1,ANDAMAN AND NICOBAR ISLANDS,HARYANA
20,35,11,2024,2,ANDAMAN AND NICOBAR ISLANDS,JHARKHAND
28,35,11,2024,1,ANDAMAN AND NICOBAR ISLANDS,ANDHRA PRADESH
23,36,11,2024,216,TELANGANA,MADHYA PRADESH
24,36,11,2024,8,TELANGANA,GUJARAT
02,38,11,2024,1,Dadar & Nagar Haveli & Daman & Diu,HIMACHAL PRADESH
08,38,11,2024,58,Dadar & Nagar Haveli & Daman & Diu,RAJASTHAN
09,38,11,2024,2955,Dadar & Nagar Haveli & Daman & Diu,UTTAR PRADESH
20,38,11,2024,229,Dadar & Nagar Haveli & Daman & Diu,JHARKHAND
10,01,12,2024,1827,JAMMU AND KASHMIR,BIHAR
01,02,12,2024,2,HIMACHAL PRADESH,JAMMU AND KASHMIR
09,02,12,2024,13727,HIMACHAL PRADESH,UTTAR PRADESH
18,02,12,2024,2,HIMACHAL PRADESH,ASSAM
23,02,12,2024,238,HIMACHAL PRADESH,MADHYA PRADESH
06,03,12,2024,91,PUNJAB,HARYANA
08,03,12,2024,36,PUNJAB,RAJASTHAN
33,03,12,2024,1,PUNJAB,TAMIL NADU
18,05,12,2024,1,UTTARAKHAND,ASSAM
19,05,12,2024,6,UTTARAKHAND,WEST BENGAL
22,05,12,2024,23,UTTARAKHAND,CHHATTISGARH
24,05,12,2024,5,UTTARAKHAND,GUJARAT
10,06,12,2024,38126,HARYANA,BIHAR
20,06,12,2024,627,HARYANA,JHARKHAND
29,06,12,2024,2,HARYANA,KARNATAKA
32,06,12,2024,1,HARYANA,KERALA
02,07,12,2024,149,DELHI,HIMACHAL PRADESH
08,07,12,2024,3927,DELHI,RAJASTHAN
10,07,12,2024,224671,DELHI,BIHAR
07,08,12,2024,195,RAJASTHAN,DELHI
22,08,12,2024,125,RAJASTHAN,CHHATTISGARH
36,08,12,2024,6,RAJASTHAN,TELANGANA
01,09,12,2024,1,UTTAR PRADESH,JAMMU AND KASHMIR
24,09,12,2024,52,UTTAR PRADESH,GUJARAT
33,09,12,2024,5,UTTAR PRADESH,TAMIL NADU
36,10,12,2024,48,BIHAR,TELANGANA
19,11,12,2024,1,SIKKIM,WEST BENGAL
23,16,12,2024,1,TRIPURA,MADHYA PRADESH
07,18,12,2024,1,ASSAM,DELHI
08,18,12,2024,1,ASSAM,RAJASTHAN
08,19,12,2024,5,WEST BENGAL,RAJASTHAN
09,19,12,2024,287,WEST BENGAL,UTTAR PRADESH
06,20,12,2024,22,JHARKHAND,HARYANA
01,22,12,2024,2,CHHATTISGARH,JAMMU AND KASHMIR
06,22,12,2024,20,CHHATTISGARH,HARYANA
07,22,12,2024,7,CHHATTISGARH,DELHI
24,23,12,2024,43,MADHYA PRADESH,GUJARAT
28,23,12,2024,1,MADHYA PRADESH,ANDHRA PRADESH
06,24,12,2024,330,GUJARAT,HARYANA
07,24,12,2024,65,GUJARAT,DELHI
18,24,12,2024,8,GUJARAT,ASSAM
36,24,12,2024,2,GUJARAT,TELANGANA
05,27,12,2024,55,MAHARASHTRA,UTTARAKHAND
19,27,12,2024,302,MAHARASHTRA,WEST BENGAL
22,27,12,2024,122,MAHARASHTRA,CHHATTISGARH
06,29,12,2024,4,KARNATAKA,HARYANA
24,29,12,2024,2,KARNATAKA,GUJARAT
28,29,12,2024,15,KARNATAKA,ANDHRA PRADESH
33,29,12,2024,6,KARNATAKA,TAMIL NADU
32,30,12,2024,5,GOA,KERALA
33,30,12,2024,3,GOA,TAMIL NADU
08,32,12,2024,15,KERALA,RAJASTHAN
24,32,12,2024,4,KERALA,GUJARAT
36,32,12,2024,6,KERALA,TELANGANA
09,33,12,2024,12,TAMIL NADU,UTTAR PRADESH
20,33,12,2024,46,TAMIL NADU,JHARKHAND
22,33,12,2024,2,TAMIL NADU,CHHATTISGARH
29,33,12,2024,2,TAMIL NADU,KARNATAKA
10,35,12,2024,9,ANDAMAN AND NICOBAR ISLANDS,BIHAR
28,35,12,2024,2,ANDAMAN AND NICOBAR ISLANDS,ANDHRA PRADESH
32,35,12,2024,2,ANDAMAN AND NICOBAR ISLANDS,KERALA
06,36,12,2024,58,TELANGANA,HARYANA
08,36,12,2024,113,TELANGANA,RAJASTHAN
29,36,12,2024,736,TELANGANA,KARNATAKA
33,36,12,2024,12,TELANGANA,TAMIL NADU
08,37,12,2024,2,LADAKH,RAJASTHAN
05,38,12,2024,8,Dadar & Nagar Haveli & Daman & Diu,UTTARAKHAND
06,38,12,2024,9,Dadar & Nagar Haveli & Daman & Diu,HARYANA
33,38,12,2024,1,Dadar & Nagar Haveli & Daman & Diu,TAMIL NADU
23,32,1,2024,268,KERALA,MADHYA PRADESH
22,33,1,2024,6,TAMIL NADU,CHHATTISGARH
09,35,1,2024,1,ANDAMAN AND NICOBAR ISLANDS,UTTAR PRADESH
10,35,1,2024,3,ANDAMAN AND NICOBAR ISLANDS,BIHAR
22,35,1,2024,1,ANDAMAN AND NICOBAR ISLANDS,CHHATTISGARH
01,36,1,2024,2,TELANGANA,JAMMU AND KASHMIR
05,36,1,2024,2,TELANGANA,UTTARAKHAND
23,36,1,2024,247,TELANGANA,MADHYA PRADESH
29,36,1,2024,505,TELANGANA,KARNATAKA
32,36,1,2024,4,TELANGANA,KERALA
07,38,1,2024,3,Dadar & Nagar Haveli & Daman & Diu,DELHI
19,38,1,2024,35,Dadar & Nagar Haveli & Daman & Diu,WEST BENGAL
27,01,2,2024,1,JAMMU AND KASHMIR,MAHARASHTRA
08,02,2,2024,3,HIMACHAL PRADESH,RAJASTHAN
09,02,2,2024,7726,HIMACHAL PRADESH,UTTAR PRADESH
22,02,2,2024,12,HIMACHAL PRADESH,CHHATTISGARH
23,04,2,2024,1,CHANDIGARH,MADHYA PRADESH
10,05,2,2024,1896,UTTARAKHAND,BIHAR
16,06,2,2024,2,HARYANA,TRIPURA
28,07,2,2024,11,DELHI,ANDHRA PRADESH
05,08,2,2024,8,RAJASTHAN,UTTARAKHAND
10,08,2,2024,3651,RAJASTHAN,BIHAR
22,08,2,2024,127,RAJASTHAN,CHHATTISGARH
33,08,2,2024,1,RAJASTHAN,TAMIL NADU
05,09,2,2024,1,UTTAR PRADESH,UTTARAKHAND
19,09,2,2024,1,UTTAR PRADESH,WEST BENGAL
22,09,2,2024,48,UTTAR PRADESH,CHHATTISGARH
23,09,2,2024,20,UTTAR PRADESH,MADHYA PRADESH
08,10,2,2024,47,BIHAR,RAJASTHAN
19,10,2,2024,388,BIHAR,WEST BENGAL
22,10,2,2024,137,BIHAR,CHHATTISGARH
23,10,2,2024,104,BIHAR,MADHYA PRADESH
32,10,2,2024,1,BIHAR,KERALA
10,11,2,2024,74,SIKKIM,BIHAR
18,16,2,2024,15,TRIPURA,ASSAM
09,19,2,2024,123,WEST BENGAL,UTTAR PRADESH
20,19,2,2024,47,WEST BENGAL,JHARKHAND
22,19,2,2024,19,WEST BENGAL,CHHATTISGARH
27,20,2,2024,13,JHARKHAND,MAHARASHTRA
08,22,2,2024,4,CHHATTISGARH,RAJASTHAN
19,22,2,2024,3,CHHATTISGARH,WEST BENGAL
27,22,2,2024,8,CHHATTISGARH,MAHARASHTRA
33,22,2,2024,1,CHHATTISGARH,TAMIL NADU
05,23,2,2024,8,MADHYA PRADESH,UTTARAKHAND
06,23,2,2024,53,MADHYA PRADESH,HARYANA
07,23,2,2024,78,MADHYA PRADESH,DELHI
08,23,2,2024,163,MADHYA PRADESH,RAJASTHAN
16,23,2,2024,1,MADHYA PRADESH,TRIPURA
18,23,2,2024,2,MADHYA PRADESH,ASSAM
09,24,2,2024,2181,GUJARAT,UTTAR PRADESH
18,24,2,2024,6,GUJARAT,ASSAM
20,24,2,2024,139,GUJARAT,JHARKHAND
29,24,2,2024,12,GUJARAT,KARNATAKA
38,24,2,2024,7,GUJARAT,Dadar & Nagar Haveli & Daman & Diu
05,27,2,2024,52,MAHARASHTRA,UTTARAKHAND
23,27,2,2024,1010,MAHARASHTRA,MADHYA PRADESH
32,27,2,2024,13,MAHARASHTRA,KERALA
38,27,2,2024,5,MAHARASHTRA,Dadar & Nagar Haveli & Daman & Diu
29,28,2,2024,1,ANDHRA PRADESH,KARNATAKA
10,29,2,2024,481,KARNATAKA,BIHAR
18,29,2,2024,19,KARNATAKA,ASSAM
23,29,2,2024,25,KARNATAKA,MADHYA PRADESH
28,30,2,2024,1,GOA,ANDHRA PRADESH
01,32,2,2024,5,KERALA,JAMMU AND KASHMIR
08,32,2,2024,6,KERALA,RAJASTHAN
09,32,2,2024,202,KERALA,UTTAR PRADESH
29,32,2,2024,248,KERALA,KARNATAKA
08,33,2,2024,1,TAMIL NADU,RAJASTHAN
09,33,2,2024,21,TAMIL NADU,UTTAR PRADESH
22,33,2,2024,4,TAMIL NADU,CHHATTISGARH
06,35,2,2024,5,ANDAMAN AND NICOBAR ISLANDS,HARYANA
10,35,2,2024,9,ANDAMAN AND NICOBAR ISLANDS,BIHAR
01,36,2,2024,1,TELANGANA,JAMMU AND KASHMIR
27,36,2,2024,1155,TELANGANA,MAHARASHTRA
28,36,2,2024,486,TELANGANA,ANDHRA PRADESH
01,38,2,2024,1,Dadar & Nagar Haveli & Daman & Diu,JAMMU AND KASHMIR
10,38,2,2024,3202,Dadar & Nagar Haveli & Daman & Diu,BIHAR
29,38,2,2024,2,Dadar & Nagar Haveli & Daman & Diu,KARNATAKA
08,01,3,2024,2,JAMMU AND KASHMIR,RAJASTHAN
21,02,3,2024,1,HIMACHAL PRADESH,ODISHA
06,03,3,2024,2,PUNJAB,HARYANA
10,04,3,2024,15,CHANDIGARH,BIHAR
10,05,3,2024,1933,UTTARAKHAND,BIHAR
02,06,3,2024,5,HARYANA,HIMACHAL PRADESH
08,06,3,2024,885,HARYANA,RAJASTHAN
09,06,3,2024,28945,HARYANA,UTTAR PRADESH
20,06,3,2024,249,HARYANA,JHARKHAND
27,06,3,2024,18,HARYANA,MAHARASHTRA
29,06,3,2024,1,HARYANA,KARNATAKA
01,07,3,2024,233,DELHI,JAMMU AND KASHMIR
18,07,3,2024,114,DELHI,ASSAM
23,07,3,2024,17147,DELHI,MADHYA PRADESH
24,07,3,2024,176,DELHI,GUJARAT
32,07,3,2024,79,DELHI,KERALA
06,08,3,2024,644,RAJASTHAN,HARYANA
10,08,3,2024,3751,RAJASTHAN,BIHAR
18,08,3,2024,2,RAJASTHAN,ASSAM
20,08,3,2024,40,RAJASTHAN,JHARKHAND
24,08,3,2024,71,RAJASTHAN,GUJARAT
10,11,3,2024,78,SIKKIM,BIHAR
13,16,3,2024,1,TRIPURA,NAGALAND
18,16,3,2024,3,TRIPURA,ASSAM
27,19,3,2024,7,WEST BENGAL,MAHARASHTRA
29,19,3,2024,1,WEST BENGAL,KARNATAKA
28,20,3,2024,1,JHARKHAND,ANDHRA PRADESH
07,22,3,2024,5,CHHATTISGARH,DELHI
27,22,3,2024,6,CHHATTISGARH,MAHARASHTRA
05,23,3,2024,9,MADHYA PRADESH,UTTARAKHAND
24,23,3,2024,21,MADHYA PRADESH,GUJARAT
28,23,3,2024,1,MADHYA PRADESH,ANDHRA PRADESH
33,23,3,2024,2,MADHYA PRADESH,TAMIL NADU
01,24,3,2024,3,GUJARAT,JAMMU AND KASHMIR
06,24,3,2024,124,GUJARAT,HARYANA
09,24,3,2024,5910,GUJARAT,UTTAR PRADESH
16,24,3,2024,1,GUJARAT,TRIPURA
07,27,3,2024,74,MAHARASHTRA,DELHI
08,27,3,2024,278,MAHARASHTRA,RAJASTHAN
20,27,3,2024,1039,MAHARASHTRA,JHARKHAND
29,27,3,2024,290,MAHARASHTRA,KARNATAKA
21,28,3,2024,1,ANDHRA PRADESH,ODISHA
09,29,3,2024,79,KARNATAKA,UTTAR PRADESH
19,29,3,2024,1,KARNATAKA,WEST BENGAL
20,29,3,2024,4,KARNATAKA,JHARKHAND
21,29,3,2024,2,KARNATAKA,ODISHA
01,30,3,2024,4,GOA,JAMMU AND KASHMIR
13,30,3,2024,2,GOA,NAGALAND
18,30,3,2024,9,GOA,ASSAM
16,32,3,2024,1,KERALA,TRIPURA
29,32,3,2024,274,KERALA,KARNATAKA
10,35,3,2024,17,ANDAMAN AND NICOBAR ISLANDS,BIHAR
06,36,3,2024,31,TELANGANA,HARYANA
21,36,3,2024,5,TELANGANA,ODISHA
22,36,3,2024,143,TELANGANA,CHHATTISGARH
01,37,3,2024,4,LADAKH,JAMMU AND KASHMIR
08,37,3,2024,1,LADAKH,RAJASTHAN
06,38,3,2024,10,Dadar & Nagar Haveli & Daman & Diu,HARYANA
07,38,3,2024,4,Dadar & Nagar Haveli & Daman & Diu,DELHI
27,38,3,2024,506,Dadar & Nagar Haveli & Daman & Diu,MAHARASHTRA
33,38,3,2024,1,Dadar & Nagar Haveli & Daman & Diu,TAMIL NADU
07,01,4,2024,3,JAMMU AND KASHMIR,DELHI
10,01,4,2024,1068,JAMMU AND KASHMIR,BIHAR
22,01,4,2024,439,JAMMU AND KASHMIR,CHHATTISGARH
22,02,4,2024,8,HIMACHAL PRADESH,CHHATTISGARH
01,05,4,2024,1,UTTARAKHAND,JAMMU AND KASHMIR
06,05,4,2024,77,UTTARAKHAND,HARYANA
07,05,4,2024,152,UTTARAKHAND,DELHI
19,05,4,2024,4,UTTARAKHAND,WEST BENGAL
24,05,4,2024,3,UTTARAKHAND,GUJARAT
21,06,4,2024,8,HARYANA,ODISHA
28,06,4,2024,1,HARYANA,ANDHRA PRADESH
18,07,4,2024,84,DELHI,ASSAM
01,08,4,2024,1,RAJASTHAN,JAMMU AND KASHMIR
05,10,4,2024,60,BIHAR,UTTARAKHAND
09,10,4,2024,1732,BIHAR,UTTAR PRADESH
24,10,4,2024,66,BIHAR,GUJARAT
33,10,4,2024,2,BIHAR,TAMIL NADU
36,10,4,2024,7,BIHAR,TELANGANA
23,11,4,2024,1,SIKKIM,MADHYA PRADESH
10,16,4,2024,449,TRIPURA,BIHAR
10,17,4,2024,7,MEGHALAYA,BIHAR
19,17,4,2024,1,MEGHALAYA,WEST BENGAL
01,19,4,2024,1,WEST BENGAL,JAMMU AND KASHMIR
28,20,4,2024,1,JHARKHAND,ANDHRA PRADESH
07,22,4,2024,8,CHHATTISGARH,DELHI
27,22,4,2024,5,CHHATTISGARH,MAHARASHTRA
06,23,4,2024,65,MADHYA PRADESH,HARYANA
07,23,4,2024,93,MADHYA PRADESH,DELHI
09,23,4,2024,1711,MADHYA PRADESH,UTTAR PRADESH
10,23,4,2024,934,MADHYA PRADESH,BIHAR
16,23,4,2024,1,MADHYA PRADESH,TRIPURA
28,23,4,2024,2,MADHYA PRADESH,ANDHRA PRADESH
05,24,4,2024,26,GUJARAT,UTTARAKHAND
18,24,4,2024,2,GUJARAT,ASSAM
19,24,4,2024,18,GUJARAT,WEST BENGAL
27,24,4,2024,951,GUJARAT,MAHARASHTRA
29,24,4,2024,10,GUJARAT,KARNATAKA
23,27,4,2024,898,MAHARASHTRA,MADHYA PRADESH
36,28,4,2024,3,ANDHRA PRADESH,TELANGANA
07,29,4,2024,4,KARNATAKA,DELHI
09,29,4,2024,85,KARNATAKA,UTTAR PRADESH
23,29,4,2024,14,KARNATAKA,MADHYA PRADESH
32,29,4,2024,15,KARNATAKA,KERALA
23,30,4,2024,67,GOA,MADHYA PRADESH
32,30,4,2024,2,GOA,KERALA
28,36,10,2025,1133,TELANGANA,ANDHRA PRADESH
06,38,10,2025,6,DADAR & NAGAR HAVELI & DAMAN & DIU,HARYANA
19,38,10,2025,13,DADAR & NAGAR HAVELI & DAMAN & DIU,WEST BENGAL
20,38,10,2025,191,DADAR & NAGAR HAVELI & DAMAN & DIU,JHARKHAND
09,01,11,2025,2121,JAMMU AND KASHMIR,UTTAR PRADESH
22,01,11,2025,31,JAMMU AND KASHMIR,CHHATTISGARH
05,02,11,2025,78,HIMACHAL PRADESH,UTTARAKHAND
23,02,11,2025,307,HIMACHAL PRADESH,MADHYA PRADESH
19,03,11,2025,4,PUNJAB,WEST BENGAL
05,04,11,2025,6,CHANDIGARH,UTTARAKHAND
07,05,11,2025,123,UTTARAKHAND,DELHI
09,05,11,2025,11277,UTTARAKHAND,UTTAR PRADESH
18,05,11,2025,22,UTTARAKHAND,ASSAM
22,06,11,2025,29,HARYANA,CHHATTISGARH
23,06,11,2025,5184,HARYANA,MADHYA PRADESH
27,06,11,2025,17,HARYANA,MAHARASHTRA
05,07,11,2025,6825,DELHI,UTTARAKHAND
09,07,11,2025,197124,DELHI,UTTAR PRADESH
10,07,11,2025,250205,DELHI,BIHAR
19,07,11,2025,1301,DELHI,WEST BENGAL
28,07,11,2025,27,DELHI,ANDHRA PRADESH
05,08,11,2025,17,RAJASTHAN,UTTARAKHAND
23,08,11,2025,2106,RAJASTHAN,MADHYA PRADESH
29,08,11,2025,3,RAJASTHAN,KARNATAKA
23,10,11,2025,219,BIHAR,MADHYA PRADESH
30,10,11,2025,1,BIHAR,GOA
06,11,11,2025,1,SIKKIM,HARYANA
10,11,11,2025,117,SIKKIM,BIHAR
06,16,11,2025,1,TRIPURA,HARYANA
18,16,11,2025,17,TRIPURA,ASSAM
05,18,11,2025,1,ASSAM,UTTARAKHAND
21,18,11,2025,1,ASSAM,ODISHA
08,19,11,2025,4,WEST BENGAL,RAJASTHAN
21,19,11,2025,5,WEST BENGAL,ODISHA
33,19,11,2025,3,WEST BENGAL,TAMIL NADU
06,20,11,2025,9,JHARKHAND,HARYANA
07,20,11,2025,10,JHARKHAND,DELHI
09,22,11,2025,146,CHHATTISGARH,UTTAR PRADESH
21,22,11,2025,3,CHHATTISGARH,ODISHA
23,22,11,2025,178,CHHATTISGARH,MADHYA PRADESH
24,22,11,2025,1,CHHATTISGARH,GUJARAT
21,23,11,2025,5,MADHYA PRADESH,ODISHA
24,23,11,2025,25,MADHYA PRADESH,GUJARAT
05,24,11,2025,34,GUJARAT,UTTARAKHAND
07,24,11,2025,54,GUJARAT,DELHI
22,24,11,2025,13,GUJARAT,CHHATTISGARH
27,24,11,2025,812,GUJARAT,MAHARASHTRA
29,24,11,2025,11,GUJARAT,KARNATAKA
19,27,11,2025,216,MAHARASHTRA,WEST BENGAL
28,27,11,2025,28,MAHARASHTRA,ANDHRA PRADESH
29,27,11,2025,266,MAHARASHTRA,KARNATAKA
18,28,11,2025,1,ANDHRA PRADESH,ASSAM
33,28,11,2025,1,ANDHRA PRADESH,TAMIL NADU
09,29,11,2025,63,KARNATAKA,UTTAR PRADESH
27,29,11,2025,26,KARNATAKA,MAHARASHTRA
33,29,11,2025,6,KARNATAKA,TAMIL NADU
06,30,11,2025,4,GOA,HARYANA
21,30,11,2025,2,GOA,ODISHA
23,30,11,2025,132,GOA,MADHYA PRADESH
24,30,11,2025,1,GOA,GUJARAT
08,32,11,2025,21,KERALA,RAJASTHAN
16,32,11,2025,1,KERALA,TRIPURA
23,32,11,2025,340,KERALA,MADHYA PRADESH
10,33,11,2025,61,TAMIL NADU,BIHAR
10,36,11,2025,3663,TELANGANA,BIHAR
22,36,11,2025,9,TELANGANA,CHHATTISGARH
23,36,11,2025,366,TELANGANA,MADHYA PRADESH
21,38,11,2025,20,DADAR & NAGAR HAVELI & DAMAN & DIU,ODISHA
29,38,11,2025,3,DADAR & NAGAR HAVELI & DAMAN & DIU,KARNATAKA
08,01,12,2025,4,JAMMU AND KASHMIR,RAJASTHAN
09,01,12,2025,732,JAMMU AND KASHMIR,UTTAR PRADESH
22,01,12,2025,11,JAMMU AND KASHMIR,CHHATTISGARH
05,02,12,2025,22,HIMACHAL PRADESH,UTTARAKHAND
05,03,12,2025,1,PUNJAB,UTTARAKHAND
08,03,12,2025,4,PUNJAB,RAJASTHAN
06,05,12,2025,18,UTTARAKHAND,HARYANA
09,05,12,2025,5245,UTTARAKHAND,UTTAR PRADESH
23,05,12,2025,22,UTTARAKHAND,MADHYA PRADESH
08,06,12,2025,745,HARYANA,RAJASTHAN
02,07,12,2025,42,DELHI,HIMACHAL PRADESH
21,07,12,2025,170,DELHI,ODISHA
24,07,12,2025,109,DELHI,GUJARAT
24,09,12,2025,26,UTTAR PRADESH,GUJARAT
27,09,12,2025,332,UTTAR PRADESH,MAHARASHTRA
02,10,12,2025,1,BIHAR,HIMACHAL PRADESH
09,18,12,2025,4,ASSAM,UTTAR PRADESH
06,19,12,2025,2,WEST BENGAL,HARYANA
09,19,12,2025,193,WEST BENGAL,UTTAR PRADESH
33,19,12,2025,1,WEST BENGAL,TAMIL NADU
05,23,12,2025,7,MADHYA PRADESH,UTTARAKHAND
08,23,12,2025,155,MADHYA PRADESH,RAJASTHAN
10,23,12,2025,948,MADHYA PRADESH,BIHAR
21,23,12,2025,3,MADHYA PRADESH,ODISHA
06,27,12,2025,103,MAHARASHTRA,HARYANA
09,27,12,2025,26245,MAHARASHTRA,UTTAR PRADESH
20,27,12,2025,1099,MAHARASHTRA,JHARKHAND
28,27,12,2025,26,MAHARASHTRA,ANDHRA PRADESH
38,27,12,2025,1,MAHARASHTRA,DADAR & NAGAR HAVELI & DAMAN & DIU
10,28,12,2025,23,ANDHRA PRADESH,BIHAR
27,28,12,2025,1,ANDHRA PRADESH,MAHARASHTRA
06,30,12,2025,1,GOA,HARYANA
10,30,12,2025,538,GOA,BIHAR
24,30,12,2025,3,GOA,GUJARAT
33,30,12,2025,2,GOA,TAMIL NADU
05,32,12,2025,3,KERALA,UTTARAKHAND
08,32,12,2025,10,KERALA,RAJASTHAN
10,32,12,2025,395,KERALA,BIHAR
28,32,12,2025,9,KERALA,ANDHRA PRADESH
23,33,12,2025,1,TAMIL NADU,MADHYA PRADESH
16,36,12,2025,1,TELANGANA,TRIPURA
20,36,12,2025,58,TELANGANA,JHARKHAND
22,36,12,2025,7,TELANGANA,CHHATTISGARH
27,36,12,2025,1377,TELANGANA,MAHARASHTRA
33,36,12,2025,7,TELANGANA,TAMIL NADU
08,37,12,2025,5,LADAKH,RAJASTHAN
08,38,12,2025,10,DADAR & NAGAR HAVELI & DAMAN & DIU,RAJASTHAN
10,38,12,2025,662,DADAR & NAGAR HAVELI & DAMAN & DIU,BIHAR
27,38,12,2025,46,DADAR & NAGAR HAVELI & DAMAN & DIU,MAHARASHTRA
06,01,1,2026,35,JAMMU AND KASHMIR,HARYANA
10,01,1,2026,2268,JAMMU AND KASHMIR,BIHAR
21,01,1,2026,4,JAMMU AND KASHMIR,ODISHA
05,02,1,2026,77,HIMACHAL PRADESH,UTTARAKHAND
06,02,1,2026,57,HIMACHAL PRADESH,HARYANA
09,02,1,2026,9250,HIMACHAL PRADESH,UTTAR PRADESH
23,02,1,2026,293,HIMACHAL PRADESH,MADHYA PRADESH
05,04,1,2026,8,CHANDIGARH,UTTARAKHAND
08,05,1,2026,16,UTTARAKHAND,RAJASTHAN
16,05,1,2026,1,UTTARAKHAND,TRIPURA
08,06,1,2026,1491,HARYANA,RAJASTHAN
10,06,1,2026,39357,HARYANA,BIHAR
18,06,1,2026,67,HARYANA,ASSAM
21,06,1,2026,7,HARYANA,ODISHA
23,06,1,2026,5254,HARYANA,MADHYA PRADESH
08,07,1,2026,3086,DELHI,RAJASTHAN
20,07,1,2026,3864,DELHI,JHARKHAND
23,07,1,2026,23607,DELHI,MADHYA PRADESH
06,08,1,2026,861,RAJASTHAN,HARYANA
07,08,1,2026,242,RAJASTHAN,DELHI
09,08,1,2026,17363,RAJASTHAN,UTTAR PRADESH
21,08,1,2026,5,RAJASTHAN,ODISHA
23,08,1,2026,3496,RAJASTHAN,MADHYA PRADESH
28,08,1,2026,1,RAJASTHAN,ANDHRA PRADESH
06,09,1,2026,1225,UTTAR PRADESH,HARYANA
07,10,1,2026,2871,BIHAR,DELHI
11,10,1,2026,2,BIHAR,SIKKIM
13,10,1,2026,17,BIHAR,NAGALAND
22,10,1,2026,14,BIHAR,CHHATTISGARH
29,10,1,2026,25,BIHAR,KARNATAKA
33,10,1,2026,4,BIHAR,TAMIL NADU
09,16,1,2026,1,TRIPURA,UTTAR PRADESH
18,16,1,2026,17,TRIPURA,ASSAM
18,17,1,2026,7,MEGHALAYA,ASSAM
10,19,1,2026,9114,WEST BENGAL,BIHAR
18,19,1,2026,10,WEST BENGAL,ASSAM
29,19,1,2026,2,WEST BENGAL,KARNATAKA
08,20,1,2026,2,JHARKHAND,RAJASTHAN
18,20,1,2026,2,JHARKHAND,ASSAM
09,23,1,2026,5124,MADHYA PRADESH,UTTAR PRADESH
27,23,1,2026,190,MADHYA PRADESH,MAHARASHTRA
10,24,1,2026,7960,GUJARAT,BIHAR
19,24,1,2026,9,GUJARAT,WEST BENGAL
33,24,1,2026,9,GUJARAT,TAMIL NADU
38,24,1,2026,13,GUJARAT,DADAR & NAGAR HAVELI & DAMAN & DIU
07,27,1,2026,110,MAHARASHTRA,DELHI
08,27,1,2026,844,MAHARASHTRA,RAJASTHAN
10,27,1,2026,36650,MAHARASHTRA,BIHAR
19,27,1,2026,112,MAHARASHTRA,WEST BENGAL
21,27,1,2026,39,MAHARASHTRA,ODISHA
22,27,1,2026,14,MAHARASHTRA,CHHATTISGARH
29,27,1,2026,360,MAHARASHTRA,KARNATAKA
08,28,1,2026,1,ANDHRA PRADESH,RAJASTHAN
23,28,1,2026,13,ANDHRA PRADESH,MADHYA PRADESH
05,29,1,2026,3,KARNATAKA,UTTARAKHAND
08,29,1,2026,1,KARNATAKA,RAJASTHAN
18,29,1,2026,21,KARNATAKA,ASSAM
19,29,1,2026,2,KARNATAKA,WEST BENGAL
20,29,1,2026,13,KARNATAKA,JHARKHAND
27,29,1,2026,22,KARNATAKA,MAHARASHTRA
33,29,1,2026,3,KARNATAKA,TAMIL NADU
07,30,1,2026,5,GOA,DELHI
10,30,1,2026,1152,GOA,BIHAR
19,30,1,2026,9,GOA,WEST BENGAL
27,30,1,2026,126,GOA,MAHARASHTRA
06,32,1,2026,6,KERALA,HARYANA
07,32,1,2026,21,KERALA,DELHI
05,36,1,2026,7,TELANGANA,UTTARAKHAND
07,36,1,2026,17,TELANGANA,DELHI
20,36,1,2026,85,TELANGANA,JHARKHAND
24,36,1,2026,11,TELANGANA,GUJARAT
10,37,1,2026,9,LADAKH,BIHAR
05,38,1,2026,17,DADAR & NAGAR HAVELI & DAMAN & DIU,UTTARAKHAND
08,38,1,2026,62,DADAR & NAGAR HAVELI & DAMAN & DIU,RAJASTHAN
20,01,2,2026,46,JAMMU AND KASHMIR,JHARKHAND
21,01,2,2026,3,JAMMU AND KASHMIR,ODISHA
06,02,2,2026,45,HIMACHAL PRADESH,HARYANA
09,02,2,2026,5737,HIMACHAL PRADESH,UTTAR PRADESH
23,02,2,2026,304,HIMACHAL PRADESH,MADHYA PRADESH
20,03,2,2026,6,PUNJAB,JHARKHAND
10,05,2,2026,4888,UTTARAKHAND,BIHAR
23,05,2,2026,79,UTTARAKHAND,MADHYA PRADESH
05,06,2,2026,405,HARYANA,UTTARAKHAND
07,06,2,2026,478,HARYANA,DELHI
09,06,2,2026,33862,HARYANA,UTTAR PRADESH
21,06,2,2026,9,HARYANA,ODISHA
29,06,2,2026,3,HARYANA,KARNATAKA
10,07,2,2026,295405,DELHI,BIHAR
19,07,2,2026,1170,DELHI,WEST BENGAL
33,07,2,2026,106,DELHI,TAMIL NADU
37,07,2,2026,3,DELHI,LADAKH
10,08,2,2026,8014,RAJASTHAN,BIHAR
20,08,2,2026,126,RAJASTHAN,JHARKHAND
22,08,2,2026,3,RAJASTHAN,CHHATTISGARH
27,09,2,2026,406,UTTAR PRADESH,MAHARASHTRA
33,09,2,2026,1,UTTAR PRADESH,TAMIL NADU
06,10,2,2026,965,BIHAR,HARYANA
23,10,2,2026,216,BIHAR,MADHYA PRADESH
10,11,2,2026,8,SIKKIM,BIHAR
09,18,2,2026,1,ASSAM,UTTAR PRADESH
05,19,2,2026,2,WEST BENGAL,UTTARAKHAND
06,19,2,2026,15,WEST BENGAL,HARYANA
10,19,2,2026,8515,WEST BENGAL,BIHAR
23,19,2,2026,9,WEST BENGAL,MADHYA PRADESH
06,20,2,2026,6,JHARKHAND,HARYANA
27,20,2,2026,13,JHARKHAND,MAHARASHTRA
05,23,2,2026,24,MADHYA PRADESH,UTTARAKHAND
06,23,2,2026,67,MADHYA PRADESH,HARYANA
07,23,2,2026,150,MADHYA PRADESH,DELHI
27,23,2,2026,202,MADHYA PRADESH,MAHARASHTRA
06,24,2,2026,105,GUJARAT,HARYANA
07,24,2,2026,70,GUJARAT,DELHI
27,24,2,2026,1043,GUJARAT,MAHARASHTRA
38,24,2,2026,12,GUJARAT,DADAR & NAGAR HAVELI & DAMAN & DIU
19,27,2,2026,161,MAHARASHTRA,WEST BENGAL
32,27,2,2026,3,MAHARASHTRA,KERALA
08,28,2,2026,2,ANDHRA PRADESH,RAJASTHAN
18,28,2,2026,1,ANDHRA PRADESH,ASSAM
20,28,2,2026,1,ANDHRA PRADESH,JHARKHAND
29,28,2,2026,51,ANDHRA PRADESH,KARNATAKA
10,29,2,2026,454,KARNATAKA,BIHAR
06,30,2,2026,4,GOA,HARYANA
09,30,2,2026,1269,GOA,UTTAR PRADESH
22,30,2,2026,5,GOA,CHHATTISGARH
27,30,2,2026,136,GOA,MAHARASHTRA
16,32,2,2026,1,KERALA,TRIPURA
19,32,2,2026,200,KERALA,WEST BENGAL
24,32,2,2026,4,KERALA,GUJARAT
28,32,2,2026,27,KERALA,ANDHRA PRADESH
33,32,2,2026,401,KERALA,TAMIL NADU
07,33,2,2026,1,TAMIL NADU,DELHI
10,36,2,2026,6003,TELANGANA,BIHAR
19,36,2,2026,11,TELANGANA,WEST BENGAL
23,36,2,2026,603,TELANGANA,MADHYA PRADESH
33,36,2,2026,9,TELANGANA,TAMIL NADU
19,38,2,2026,17,DADAR & NAGAR HAVELI & DAMAN & DIU,WEST BENGAL
06,01,3,2026,15,JAMMU AND KASHMIR,HARYANA
18,01,3,2026,5,JAMMU AND KASHMIR,ASSAM
20,01,3,2026,48,JAMMU AND KASHMIR,JHARKHAND
23,01,3,2026,1568,JAMMU AND KASHMIR,MADHYA PRADESH
06,02,3,2026,44,HIMACHAL PRADESH,HARYANA
20,02,3,2026,48,HIMACHAL PRADESH,JHARKHAND
07,03,3,2026,15,PUNJAB,DELHI
09,03,3,2026,1840,PUNJAB,UTTAR PRADESH
23,03,3,2026,25,PUNJAB,MADHYA PRADESH
06,05,3,2026,78,UTTARAKHAND,HARYANA
16,05,3,2026,1,UTTARAKHAND,TRIPURA
23,05,3,2026,87,UTTARAKHAND,MADHYA PRADESH
18,06,3,2026,51,HARYANA,ASSAM
24,06,3,2026,14,HARYANA,GUJARAT
08,07,3,2026,3388,DELHI,RAJASTHAN
23,07,3,2026,21770,DELHI,MADHYA PRADESH
09,08,3,2026,14533,RAJASTHAN,UTTAR PRADESH
19,08,3,2026,9,RAJASTHAN,WEST BENGAL
20,08,3,2026,127,RAJASTHAN,JHARKHAND
22,08,3,2026,1,RAJASTHAN,CHHATTISGARH
19,09,3,2026,4,UTTAR PRADESH,WEST BENGAL
21,09,3,2026,2,UTTAR PRADESH,ODISHA
29,09,3,2026,6,UTTAR PRADESH,KARNATAKA
06,10,3,2026,1063,BIHAR,HARYANA
19,10,3,2026,77,BIHAR,WEST BENGAL
23,10,3,2026,174,BIHAR,MADHYA PRADESH
23,16,3,2026,1,TRIPURA,MADHYA PRADESH
08,19,3,2026,4,WEST BENGAL,RAJASTHAN
09,19,3,2026,353,WEST BENGAL,UTTAR PRADESH
21,19,3,2026,6,WEST BENGAL,ODISHA
27,19,3,2026,9,WEST BENGAL,MAHARASHTRA
06,20,3,2026,10,JHARKHAND,HARYANA
27,20,3,2026,15,JHARKHAND,MAHARASHTRA
08,23,3,2026,320,MADHYA PRADESH,RAJASTHAN
19,23,3,2026,2,MADHYA PRADESH,WEST BENGAL
27,23,3,2026,172,MADHYA PRADESH,MAHARASHTRA
29,23,3,2026,2,MADHYA PRADESH,KARNATAKA
23,24,3,2026,3777,GUJARAT,MADHYA PRADESH
29,24,3,2026,8,GUJARAT,KARNATAKA
33,24,3,2026,13,GUJARAT,TAMIL NADU
38,24,3,2026,15,GUJARAT,DADAR & NAGAR HAVELI & DAMAN & DIU
07,27,3,2026,109,MAHARASHTRA,DELHI
09,27,3,2026,59536,MAHARASHTRA,UTTAR PRADESH
18,27,3,2026,86,MAHARASHTRA,ASSAM
09,28,3,2026,4,ANDHRA PRADESH,UTTAR PRADESH
10,28,3,2026,32,ANDHRA PRADESH,BIHAR
23,28,3,2026,20,ANDHRA PRADESH,MADHYA PRADESH
27,28,3,2026,77,ANDHRA PRADESH,MAHARASHTRA
29,28,3,2026,25,ANDHRA PRADESH,KARNATAKA
05,29,3,2026,1,KARNATAKA,UTTARAKHAND
06,29,3,2026,1,KARNATAKA,HARYANA
10,29,3,2026,475,KARNATAKA,BIHAR
21,30,3,2026,9,GOA,ODISHA
28,30,3,2026,7,GOA,ANDHRA PRADESH
33,30,3,2026,6,GOA,TAMIL NADU
05,32,3,2026,8,KERALA,UTTARAKHAND
16,32,3,2026,1,KERALA,TRIPURA
20,32,3,2026,357,KERALA,JHARKHAND
23,32,3,2026,250,KERALA,MADHYA PRADESH
28,32,3,2026,43,KERALA,ANDHRA PRADESH
09,33,3,2026,2,TAMIL NADU,UTTAR PRADESH
20,33,3,2026,2,TAMIL NADU,JHARKHAND
18,36,3,2026,57,TELANGANA,ASSAM
22,36,3,2026,16,TELANGANA,CHHATTISGARH
27,36,3,2026,2200,TELANGANA,MAHARASHTRA
29,36,3,2026,1019,TELANGANA,KARNATAKA
06,38,3,2026,6,DADAR & NAGAR HAVELI & DAMAN & DIU,HARYANA
09,38,3,2026,3924,DADAR & NAGAR HAVELI & DAMAN & DIU,UTTAR PRADESH
18,38,3,2026,26,DADAR & NAGAR HAVELI & DAMAN & DIU,ASSAM
19,38,3,2026,9,DADAR & NAGAR HAVELI & DAMAN & DIU,WEST BENGAL
22,38,3,2026,1,DADAR & NAGAR HAVELI & DAMAN & DIU,CHHATTISGARH
33,38,3,2026,2,DADAR & NAGAR HAVELI & DAMAN & DIU,TAMIL NADU
08,02,4,2026,38,HIMACHAL PRADESH,RAJASTHAN
08,05,4,2026,9,UTTARAKHAND,RAJASTHAN
02,06,4,2026,3,HARYANA,HIMACHAL PRADESH
18,06,4,2026,14,HARYANA,ASSAM
20,06,4,2026,182,HARYANA,JHARKHAND
05,07,4,2026,4367,DELHI,UTTARAKHAND
22,07,4,2026,10,DELHI,CHHATTISGARH
27,07,4,2026,84,DELHI,MAHARASHTRA
29,07,4,2026,6,DELHI,KARNATAKA
38,07,4,2026,1,DELHI,DADAR & NAGAR HAVELI & DAMAN & DIU
22,08,4,2026,2,RAJASTHAN,CHHATTISGARH
20,09,4,2026,92,UTTAR PRADESH,JHARKHAND
07,10,4,2026,2522,BIHAR,DELHI
18,10,4,2026,145,BIHAR,ASSAM
19,10,4,2026,158,BIHAR,WEST BENGAL
21,10,4,2026,15,BIHAR,ODISHA
22,10,4,2026,19,BIHAR,CHHATTISGARH
23,10,4,2026,114,BIHAR,MADHYA PRADESH
27,10,4,2026,257,BIHAR,MAHARASHTRA
30,10,4,2026,1,BIHAR,GOA
06,16,4,2026,1,TRIPURA,HARYANA
05,18,4,2026,1,ASSAM,UTTARAKHAND
21,18,4,2026,1,ASSAM,ODISHA
07,19,4,2026,25,WEST BENGAL,DELHI
16,19,4,2026,1,WEST BENGAL,TRIPURA
18,19,4,2026,8,WEST BENGAL,ASSAM
06,20,4,2026,2,JHARKHAND,HARYANA
07,20,4,2026,13,JHARKHAND,DELHI
10,20,4,2026,682,JHARKHAND,BIHAR
28,20,4,2026,1,JHARKHAND,ANDHRA PRADESH
05,23,4,2026,11,MADHYA PRADESH,UTTARAKHAND
09,23,4,2026,1731,MADHYA PRADESH,UTTAR PRADESH
09,24,4,2026,3195,GUJARAT,UTTAR PRADESH
21,24,4,2026,30,GUJARAT,ODISHA
29,24,4,2026,2,GUJARAT,KARNATAKA
33,24,4,2026,4,GUJARAT,TAMIL NADU
21,27,4,2026,21,MAHARASHTRA,ODISHA
28,27,4,2026,13,MAHARASHTRA,ANDHRA PRADESH
10,28,4,2026,32,ANDHRA PRADESH,BIHAR
18,30,4,2026,19,GOA,ASSAM
06,32,4,2026,3,KERALA,HARYANA
10,32,4,2026,832,KERALA,BIHAR
23,32,4,2026,91,KERALA,MADHYA PRADESH
28,32,4,2026,12,KERALA,ANDHRA PRADESH
33,32,4,2026,221,KERALA,TAMIL NADU
09,33,4,2026,1,TAMIL NADU,UTTAR PRADESH
10,33,4,2026,23,TAMIL NADU,BIHAR
07,36,4,2026,11,TELANGANA,DELHI
21,36,4,2026,31,TELANGANA,ODISHA
22,36,4,2026,9,TELANGANA,CHHATTISGARH
27,36,4,2026,1426,TELANGANA,MAHARASHTRA
06,38,4,2026,1,DADAR & NAGAR HAVELI & DAMAN & DIU,HARYANA
21,38,4,2026,13,DADAR & NAGAR HAVELI & DAMAN & DIU,ODISHA
24,38,4,2026,56,DADAR & NAGAR HAVELI & DAMAN & DIU,GUJARAT
01,32,10,2023,3,KERALA,JAMMU AND KASHMIR
07,32,10,2023,10,KERALA,DELHI
08,32,10,2023,4,KERALA,RAJASTHAN
19,32,10,2023,92,KERALA,WEST BENGAL
24,32,10,2023,2,KERALA,GUJARAT
28,32,10,2023,3,KERALA,ANDHRA PRADESH
33,32,10,2023,197,KERALA,TAMIL NADU
20,33,10,2023,5,TAMIL NADU,JHARKHAND
32,35,10,2023,1,ANDAMAN AND NICOBAR ISLANDS,KERALA
01,36,10,2023,1,TELANGANA,JAMMU AND KASHMIR
05,36,10,2023,2,TELANGANA,UTTARAKHAND
06,36,10,2023,14,TELANGANA,HARYANA
10,36,10,2023,566,TELANGANA,BIHAR
23,36,10,2023,143,TELANGANA,MADHYA PRADESH
29,36,10,2023,330,TELANGANA,KARNATAKA
08,37,10,2023,4,LADAKH,RAJASTHAN
22,37,10,2023,4,LADAKH,CHHATTISGARH
10,01,11,2023,688,JAMMU AND KASHMIR,BIHAR
19,01,11,2023,7,JAMMU AND KASHMIR,WEST BENGAL
20,01,11,2023,4,JAMMU AND KASHMIR,JHARKHAND
06,05,11,2023,63,UTTARAKHAND,HARYANA
19,05,11,2023,1,UTTARAKHAND,WEST BENGAL
09,06,11,2023,23127,HARYANA,UTTAR PRADESH
22,06,11,2023,103,HARYANA,CHHATTISGARH
23,06,11,2023,3793,HARYANA,MADHYA PRADESH
33,06,11,2023,2,HARYANA,TAMIL NADU
01,07,11,2023,143,DELHI,JAMMU AND KASHMIR
23,07,11,2023,14601,DELHI,MADHYA PRADESH
32,07,11,2023,42,DELHI,KERALA
05,08,11,2023,7,RAJASTHAN,UTTARAKHAND
06,08,11,2023,741,RAJASTHAN,HARYANA
07,08,11,2023,108,RAJASTHAN,DELHI
18,08,11,2023,2,RAJASTHAN,ASSAM
19,08,11,2023,22,RAJASTHAN,WEST BENGAL
27,08,11,2023,19,RAJASTHAN,MAHARASHTRA
05,09,11,2023,3,UTTAR PRADESH,UTTARAKHAND
23,09,11,2023,16,UTTAR PRADESH,MADHYA PRADESH
13,10,11,2023,2,BIHAR,NAGALAND
24,10,11,2023,49,BIHAR,GUJARAT
33,10,11,2023,2,BIHAR,TAMIL NADU
19,11,11,2023,1,SIKKIM,WEST BENGAL
18,16,11,2023,7,TRIPURA,ASSAM
20,19,11,2023,3,WEST BENGAL,JHARKHAND
21,19,11,2023,4,WEST BENGAL,ODISHA
24,19,11,2023,2,WEST BENGAL,GUJARAT
06,20,11,2023,4,JHARKHAND,HARYANA
09,20,11,2023,53,JHARKHAND,UTTAR PRADESH
19,20,11,2023,5,JHARKHAND,WEST BENGAL
20,22,11,2023,3,CHHATTISGARH,JHARKHAND
28,22,11,2023,2,CHHATTISGARH,ANDHRA PRADESH
06,23,11,2023,33,MADHYA PRADESH,HARYANA
09,23,11,2023,2066,MADHYA PRADESH,UTTAR PRADESH
10,23,11,2023,761,MADHYA PRADESH,BIHAR
20,23,11,2023,12,MADHYA PRADESH,JHARKHAND
27,23,11,2023,114,MADHYA PRADESH,MAHARASHTRA
33,23,11,2023,1,MADHYA PRADESH,TAMIL NADU
06,24,11,2023,141,GUJARAT,HARYANA
07,24,11,2023,36,GUJARAT,DELHI
10,24,11,2023,2530,GUJARAT,BIHAR
20,24,11,2023,30,GUJARAT,JHARKHAND
21,24,11,2023,97,GUJARAT,ODISHA
08,27,11,2023,182,MAHARASHTRA,RAJASTHAN
19,29,11,2023,8,KARNATAKA,WEST BENGAL
23,29,11,2023,18,KARNATAKA,MADHYA PRADESH
27,29,11,2023,25,KARNATAKA,MAHARASHTRA
28,29,11,2023,24,KARNATAKA,ANDHRA PRADESH
09,30,11,2023,326,GOA,UTTAR PRADESH
18,30,11,2023,11,GOA,ASSAM
08,32,11,2023,7,KERALA,RAJASTHAN
18,32,11,2023,185,KERALA,ASSAM
29,32,11,2023,193,KERALA,KARNATAKA
22,33,11,2023,6,TAMIL NADU,CHHATTISGARH
32,33,11,2023,10,TAMIL NADU,KERALA
05,35,11,2023,1,ANDAMAN AND NICOBAR ISLANDS,UTTARAKHAND
32,35,11,2023,1,ANDAMAN AND NICOBAR ISLANDS,KERALA
07,36,11,2023,9,TELANGANA,DELHI
08,36,11,2023,14,TELANGANA,RAJASTHAN
10,36,11,2023,477,TELANGANA,BIHAR
24,36,11,2023,7,TELANGANA,GUJARAT
33,36,11,2023,5,TELANGANA,TAMIL NADU
10,37,11,2023,4,LADAKH,BIHAR
05,38,11,2023,6,Dadar & Nagar Haveli & Daman & Diu,UTTARAKHAND
23,38,11,2023,260,Dadar & Nagar Haveli & Daman & Diu,MADHYA PRADESH
06,01,12,2023,9,JAMMU AND KASHMIR,HARYANA
08,01,12,2023,1,JAMMU AND KASHMIR,RAJASTHAN
07,02,12,2023,17,HIMACHAL PRADESH,DELHI
09,02,12,2023,6052,HIMACHAL PRADESH,UTTAR PRADESH
18,03,12,2023,4,PUNJAB,ASSAM
24,03,12,2023,1,PUNJAB,GUJARAT
27,03,12,2023,1,PUNJAB,MAHARASHTRA
10,04,12,2023,18,CHANDIGARH,BIHAR
01,05,12,2023,1,UTTARAKHAND,JAMMU AND KASHMIR
22,05,12,2023,16,UTTARAKHAND,CHHATTISGARH
23,05,12,2023,52,UTTARAKHAND,MADHYA PRADESH
24,05,12,2023,2,UTTARAKHAND,GUJARAT
10,06,12,2023,14354,HARYANA,BIHAR
18,06,12,2023,18,HARYANA,ASSAM
22,06,12,2023,68,HARYANA,CHHATTISGARH
23,06,12,2023,3158,HARYANA,MADHYA PRADESH
02,07,12,2023,48,DELHI,HIMACHAL PRADESH
05,07,12,2023,4804,DELHI,UTTARAKHAND
08,07,12,2023,2072,DELHI,RAJASTHAN
09,07,12,2023,125525,DELHI,UTTAR PRADESH
13,07,12,2023,4,DELHI,NAGALAND
20,07,12,2023,2130,DELHI,JHARKHAND
24,07,12,2023,111,DELHI,GUJARAT
19,08,12,2023,26,RAJASTHAN,WEST BENGAL
22,09,12,2023,24,UTTAR PRADESH,CHHATTISGARH
23,09,12,2023,31,UTTAR PRADESH,MADHYA PRADESH
27,09,12,2023,76,UTTAR PRADESH,MAHARASHTRA
22,10,12,2023,151,BIHAR,CHHATTISGARH
29,10,12,2023,29,BIHAR,KARNATAKA
09,11,12,2023,3,SIKKIM,UTTAR PRADESH
10,11,12,2023,63,SIKKIM,BIHAR
09,16,12,2023,1,TRIPURA,UTTAR PRADESH
16,17,12,2023,2,MEGHALAYA,TRIPURA
09,19,12,2023,96,WEST BENGAL,UTTAR PRADESH
22,19,12,2023,15,WEST BENGAL,CHHATTISGARH
24,19,12,2023,2,WEST BENGAL,GUJARAT
27,19,12,2023,4,WEST BENGAL,MAHARASHTRA
09,20,12,2023,63,JHARKHAND,UTTAR PRADESH
27,22,12,2023,9,CHHATTISGARH,MAHARASHTRA
20,23,12,2023,29,MADHYA PRADESH,JHARKHAND
24,23,12,2023,23,MADHYA PRADESH,GUJARAT
09,24,12,2023,6152,GUJARAT,UTTAR PRADESH
18,24,12,2023,3,GUJARAT,ASSAM
19,24,12,2023,19,GUJARAT,WEST BENGAL
27,24,12,2023,732,GUJARAT,MAHARASHTRA
28,24,12,2023,1,GUJARAT,ANDHRA PRADESH
18,27,12,2023,78,MAHARASHTRA,ASSAM
19,27,12,2023,216,MAHARASHTRA,WEST BENGAL
20,27,12,2023,616,MAHARASHTRA,JHARKHAND
23,27,12,2023,880,MAHARASHTRA,MADHYA PRADESH
33,27,12,2023,270,MAHARASHTRA,TAMIL NADU
21,29,12,2023,6,KARNATAKA,ODISHA
24,29,12,2023,2,KARNATAKA,GUJARAT
05,30,12,2023,3,GOA,UTTARAKHAND
06,30,12,2023,29,GOA,HARYANA
32,30,12,2023,2,GOA,KERALA
20,32,12,2023,31,KERALA,JHARKHAND
23,32,12,2023,214,KERALA,MADHYA PRADESH
20,33,12,2023,7,TAMIL NADU,JHARKHAND
29,33,12,2023,5,TAMIL NADU,KARNATAKA
32,33,12,2023,12,TAMIL NADU,KERALA
19,35,12,2023,8,ANDAMAN AND NICOBAR ISLANDS,WEST BENGAL
32,35,12,2023,1,ANDAMAN AND NICOBAR ISLANDS,KERALA
05,36,12,2023,3,TELANGANA,UTTARAKHAND
19,36,12,2023,16,TELANGANA,WEST BENGAL
22,36,12,2023,124,TELANGANA,CHHATTISGARH
33,36,12,2023,9,TELANGANA,TAMIL NADU
01,38,12,2023,1,Dadar & Nagar Haveli & Daman & Diu,JAMMU AND KASHMIR
07,38,12,2023,3,Dadar & Nagar Haveli & Daman & Diu,DELHI
19,38,12,2023,40,Dadar & Nagar Haveli & Daman & Diu,WEST BENGAL
21,38,12,2023,16,Dadar & Nagar Haveli & Daman & Diu,ODISHA
22,38,12,2023,25,Dadar & Nagar Haveli & Daman & Diu,CHHATTISGARH
23,38,12,2023,694,Dadar & Nagar Haveli & Daman & Diu,MADHYA PRADESH
32,38,12,2023,2,Dadar & Nagar Haveli & Daman & Diu,KERALA
05,01,1,2024,6,JAMMU AND KASHMIR,UTTARAKHAND
01,02,1,2024,1,HIMACHAL PRADESH,JAMMU AND KASHMIR
06,02,1,2024,65,HIMACHAL PRADESH,HARYANA
10,04,1,2024,30,CHANDIGARH,BIHAR
23,05,1,2024,41,UTTARAKHAND,MADHYA PRADESH
02,06,1,2024,1,HARYANA,HIMACHAL PRADESH
22,06,1,2024,49,HARYANA,CHHATTISGARH
27,06,1,2024,13,HARYANA,MAHARASHTRA
28,06,1,2024,1,HARYANA,ANDHRA PRADESH
08,07,1,2024,2202,DELHI,RAJASTHAN
10,07,1,2024,172291,DELHI,BIHAR
05,08,1,2024,11,RAJASTHAN,UTTARAKHAND
07,08,1,2024,133,RAJASTHAN,DELHI
24,08,1,2024,69,RAJASTHAN,GUJARAT
29,08,1,2024,2,RAJASTHAN,KARNATAKA
08,09,1,2024,2,UTTAR PRADESH,RAJASTHAN
23,09,1,2024,27,UTTAR PRADESH,MADHYA PRADESH
27,09,1,2024,85,UTTAR PRADESH,MAHARASHTRA
29,09,1,2024,1,UTTAR PRADESH,KARNATAKA
05,10,1,2024,35,BIHAR,UTTARAKHAND
06,10,1,2024,738,BIHAR,HARYANA
13,10,1,2024,3,BIHAR,NAGALAND
29,10,1,2024,25,BIHAR,KARNATAKA
10,11,1,2024,67,SIKKIM,BIHAR
10,17,1,2024,7,MEGHALAYA,BIHAR
18,17,1,2024,3,MEGHALAYA,ASSAM
01,19,1,2024,2,WEST BENGAL,JAMMU AND KASHMIR
07,19,1,2024,28,WEST BENGAL,DELHI
07,20,1,2024,36,JHARKHAND,DELHI
09,20,1,2024,70,JHARKHAND,UTTAR PRADESH
22,20,1,2024,37,JHARKHAND,CHHATTISGARH
08,22,1,2024,8,CHHATTISGARH,RAJASTHAN
09,22,1,2024,109,CHHATTISGARH,UTTAR PRADESH
10,22,1,2024,188,CHHATTISGARH,BIHAR
10,23,1,2024,938,MADHYA PRADESH,BIHAR
10,24,1,2024,3155,GUJARAT,BIHAR
21,24,1,2024,46,GUJARAT,ODISHA
32,24,1,2024,3,GUJARAT,KERALA
33,24,1,2024,1,GUJARAT,TAMIL NADU
01,27,1,2024,17,MAHARASHTRA,JAMMU AND KASHMIR
10,27,1,2024,16173,MAHARASHTRA,BIHAR
23,27,1,2024,956,MAHARASHTRA,MADHYA PRADESH
28,27,1,2024,27,MAHARASHTRA,ANDHRA PRADESH
05,29,1,2024,1,KARNATAKA,UTTARAKHAND
19,29,1,2024,3,KARNATAKA,WEST BENGAL
23,29,1,2024,37,KARNATAKA,MADHYA PRADESH
32,29,1,2024,7,KARNATAKA,KERALA
33,29,1,2024,10,KARNATAKA,TAMIL NADU
05,30,1,2024,4,GOA,UTTARAKHAND
06,30,1,2024,3,GOA,HARYANA
10,30,1,2024,373,GOA,BIHAR
32,30,1,2024,1,GOA,KERALA
01,32,1,2024,4,KERALA,JAMMU AND KASHMIR
05,32,1,2024,4,KERALA,UTTARAKHAND
10,35,1,2022,5,ANDAMAN AND NICOBAR ISLANDS,BIHAR
23,36,1,2022,11,TELANGANA,MADHYA PRADESH
27,36,1,2022,148,TELANGANA,MAHARASHTRA
27,01,2,2022,4,JAMMU AND KASHMIR,MAHARASHTRA
20,02,2,2022,16,HIMACHAL PRADESH,JHARKHAND
21,02,2,2022,1,HIMACHAL PRADESH,ODISHA
02,03,2,2022,2,PUNJAB,HIMACHAL PRADESH
07,03,2,2022,8,PUNJAB,DELHI
09,03,2,2022,1010,PUNJAB,UTTAR PRADESH
23,03,2,2022,10,PUNJAB,MADHYA PRADESH
09,04,2,2022,2,CHANDIGARH,UTTAR PRADESH
10,04,2,2022,7,CHANDIGARH,BIHAR
02,05,2,2022,2,UTTARAKHAND,HIMACHAL PRADESH
07,05,2,2022,23,UTTARAKHAND,DELHI
08,05,2,2022,4,UTTARAKHAND,RAJASTHAN
24,05,2,2022,1,UTTARAKHAND,GUJARAT
09,06,2,2022,24755,HARYANA,UTTAR PRADESH
10,06,2,2022,4028,HARYANA,BIHAR
19,06,2,2022,32,HARYANA,WEST BENGAL
22,06,2,2022,31,HARYANA,CHHATTISGARH
03,07,2,2022,7,DELHI,PUNJAB
05,07,2,2022,1828,DELHI,UTTARAKHAND
09,07,2,2022,97019,DELHI,UTTAR PRADESH
13,07,2,2022,2,DELHI,NAGALAND
16,07,2,2022,4,DELHI,TRIPURA
20,07,2,2022,1433,DELHI,JHARKHAND
36,07,2,2022,1,DELHI,TELANGANA
01,08,2,2022,2,RAJASTHAN,JAMMU AND KASHMIR
05,08,2,2022,3,RAJASTHAN,UTTARAKHAND
10,08,2,2022,346,RAJASTHAN,BIHAR
20,08,2,2022,5,RAJASTHAN,JHARKHAND
27,08,2,2022,7,RAJASTHAN,MAHARASHTRA
06,10,2,2022,135,BIHAR,HARYANA
07,10,2,2022,407,BIHAR,DELHI
08,10,2,2022,13,BIHAR,RAJASTHAN
09,10,2,2022,627,BIHAR,UTTAR PRADESH
19,10,2,2022,55,BIHAR,WEST BENGAL
22,10,2,2022,15,BIHAR,CHHATTISGARH
24,10,2,2022,9,BIHAR,GUJARAT
09,11,2,2022,1,SIKKIM,UTTAR PRADESH
09,16,2,2022,4,TRIPURA,UTTAR PRADESH
23,16,2,2022,11,TRIPURA,MADHYA PRADESH
07,20,2,2022,10,JHARKHAND,DELHI
22,20,2,2022,3,JHARKHAND,CHHATTISGARH
10,21,2,2022,8,ODISHA,BIHAR
21,22,2,2022,1,CHHATTISGARH,ODISHA
05,23,2,2022,4,MADHYA PRADESH,UTTARAKHAND
07,23,2,2022,14,MADHYA PRADESH,DELHI
10,23,2,2022,201,MADHYA PRADESH,BIHAR
21,23,2,2022,5,MADHYA PRADESH,ODISHA
29,23,2,2022,3,MADHYA PRADESH,KARNATAKA
07,24,2,2022,12,GUJARAT,DELHI
23,24,2,2022,879,GUJARAT,MADHYA PRADESH
27,24,2,2022,625,GUJARAT,MAHARASHTRA
08,27,2,2022,47,MAHARASHTRA,RAJASTHAN
22,27,2,2022,4,MAHARASHTRA,CHHATTISGARH
29,27,2,2022,134,MAHARASHTRA,KARNATAKA
08,28,2,2022,4,ANDHRA PRADESH,RAJASTHAN
10,28,2,2022,36,ANDHRA PRADESH,BIHAR
23,28,2,2022,3,ANDHRA PRADESH,MADHYA PRADESH
27,28,2,2022,9,ANDHRA PRADESH,MAHARASHTRA
06,29,2,2022,2,KARNATAKA,HARYANA
20,29,2,2022,12,KARNATAKA,JHARKHAND
24,29,2,2022,5,KARNATAKA,GUJARAT
27,29,2,2022,84,KARNATAKA,MAHARASHTRA
33,29,2,2022,50,KARNATAKA,TAMIL NADU
30,32,2,2022,1,KERALA,GOA
07,33,2,2022,2,TAMIL NADU,DELHI
22,33,2,2022,43,TAMIL NADU,CHHATTISGARH
10,35,2,2022,14,ANDAMAN AND NICOBAR ISLANDS,BIHAR
08,01,3,2022,4,JAMMU AND KASHMIR,RAJASTHAN
23,01,3,2022,117,JAMMU AND KASHMIR,MADHYA PRADESH
27,01,3,2022,4,JAMMU AND KASHMIR,MAHARASHTRA
03,02,3,2022,3,HIMACHAL PRADESH,PUNJAB
09,02,3,2022,1554,HIMACHAL PRADESH,UTTAR PRADESH
09,04,3,2022,1,CHANDIGARH,UTTAR PRADESH
10,04,3,2022,2,CHANDIGARH,BIHAR
09,05,3,2022,3275,UTTARAKHAND,UTTAR PRADESH
23,05,3,2022,31,UTTARAKHAND,MADHYA PRADESH
05,06,3,2022,156,HARYANA,UTTARAKHAND
07,06,3,2022,256,HARYANA,DELHI
29,06,3,2022,2,HARYANA,KARNATAKA
06,07,3,2022,2810,DELHI,HARYANA
08,07,3,2022,1430,DELHI,RAJASTHAN
36,07,3,2022,1,DELHI,TELANGANA
07,08,3,2022,14,RAJASTHAN,DELHI
20,08,3,2022,7,RAJASTHAN,JHARKHAND
24,08,3,2022,30,RAJASTHAN,GUJARAT
06,09,3,2022,177,UTTAR PRADESH,HARYANA
23,09,3,2022,153,UTTAR PRADESH,MADHYA PRADESH
27,09,3,2022,393,UTTAR PRADESH,MAHARASHTRA
29,09,3,2022,6,UTTAR PRADESH,KARNATAKA
33,09,3,2022,1,UTTAR PRADESH,TAMIL NADU
07,10,3,2022,426,BIHAR,DELHI
08,10,3,2022,10,BIHAR,RAJASTHAN
20,10,3,2022,610,BIHAR,JHARKHAND
27,10,3,2022,70,BIHAR,MAHARASHTRA
20,12,3,2022,1,ARUNACHAL PRADESH,JHARKHAND
10,13,3,2022,3,NAGALAND,BIHAR
13,16,3,2022,1,TRIPURA,NAGALAND
09,20,3,2022,60,JHARKHAND,UTTAR PRADESH
07,21,3,2022,1,ODISHA,DELHI
09,21,3,2022,10,ODISHA,UTTAR PRADESH
29,21,3,2022,2,ODISHA,KARNATAKA
07,22,3,2022,1,CHHATTISGARH,DELHI
09,22,3,2022,21,CHHATTISGARH,UTTAR PRADESH
10,22,3,2022,20,CHHATTISGARH,BIHAR
27,22,3,2022,4,CHHATTISGARH,MAHARASHTRA
29,22,3,2022,1,CHHATTISGARH,KARNATAKA
07,24,3,2022,14,GUJARAT,DELHI
29,24,3,2022,12,GUJARAT,KARNATAKA
01,27,3,2022,2,MAHARASHTRA,JAMMU AND KASHMIR
07,27,3,2022,17,MAHARASHTRA,DELHI
24,27,3,2022,61,MAHARASHTRA,GUJARAT
07,28,3,2022,1,ANDHRA PRADESH,DELHI
09,28,3,2022,10,ANDHRA PRADESH,UTTAR PRADESH
21,29,3,2022,72,KARNATAKA,ODISHA
20,30,3,2022,8,GOA,JHARKHAND
06,32,3,2022,1,KERALA,HARYANA
09,32,3,2022,116,KERALA,UTTAR PRADESH
10,32,3,2022,219,KERALA,BIHAR
23,32,3,2022,34,KERALA,MADHYA PRADESH
27,32,3,2022,52,KERALA,MAHARASHTRA
20,33,3,2022,91,TAMIL NADU,JHARKHAND
32,33,3,2022,5,TAMIL NADU,KERALA
32,35,3,2022,1,ANDAMAN AND NICOBAR ISLANDS,KERALA
33,35,3,2022,2,ANDAMAN AND NICOBAR ISLANDS,TAMIL NADU
06,36,3,2022,3,TELANGANA,HARYANA
22,36,3,2022,1,TELANGANA,CHHATTISGARH
01,37,3,2022,6,LADAKH,JAMMU AND KASHMIR
08,37,3,2022,3,LADAKH,RAJASTHAN
10,37,3,2022,6,LADAKH,BIHAR
03,01,4,2022,4,JAMMU AND KASHMIR,PUNJAB
07,02,4,2022,7,HIMACHAL PRADESH,DELHI
08,02,4,2022,3,HIMACHAL PRADESH,RAJASTHAN
20,03,4,2022,11,PUNJAB,JHARKHAND
09,04,4,2022,1,CHANDIGARH,UTTAR PRADESH
06,05,4,2022,14,UTTARAKHAND,HARYANA
19,05,4,2022,1,UTTARAKHAND,WEST BENGAL
07,06,4,2022,310,HARYANA,DELHI
09,06,4,2022,23923,HARYANA,UTTAR PRADESH
10,06,4,2022,5976,HARYANA,BIHAR
19,06,4,2022,57,HARYANA,WEST BENGAL
20,06,4,2022,138,HARYANA,JHARKHAND
21,06,4,2022,34,HARYANA,ODISHA
24,06,4,2022,7,HARYANA,GUJARAT
05,07,4,2022,2220,DELHI,UTTARAKHAND
06,07,4,2022,2230,DELHI,HARYANA
13,07,4,2022,4,DELHI,NAGALAND
16,07,4,2022,2,DELHI,TRIPURA
19,07,4,2022,476,DELHI,WEST BENGAL
23,07,4,2022,3966,DELHI,MADHYA PRADESH
29,07,4,2022,7,DELHI,KARNATAKA
32,07,4,2022,21,DELHI,KERALA
23,08,4,2022,382,RAJASTHAN,MADHYA PRADESH
24,08,4,2022,30,RAJASTHAN,GUJARAT
36,08,4,2022,1,RAJASTHAN,TELANGANA
10,09,4,2022,3091,UTTAR PRADESH,BIHAR
24,09,4,2022,6,UTTAR PRADESH,GUJARAT
32,09,4,2022,1,UTTAR PRADESH,KERALA
03,10,4,2022,19,BIHAR,PUNJAB
07,10,4,2022,522,BIHAR,DELHI
08,10,4,2022,18,BIHAR,RAJASTHAN
09,10,4,2022,510,BIHAR,UTTAR PRADESH
20,10,4,2022,672,BIHAR,JHARKHAND
27,10,4,2022,90,BIHAR,MAHARASHTRA
29,10,4,2022,24,BIHAR,KARNATAKA
10,13,4,2022,7,NAGALAND,BIHAR
06,20,4,2022,2,JHARKHAND,HARYANA
07,20,4,2022,17,JHARKHAND,DELHI
09,20,4,2022,60,JHARKHAND,UTTAR PRADESH
07,21,4,2022,1,ODISHA,DELHI
09,21,4,2022,2,ODISHA,UTTAR PRADESH
20,21,4,2022,4,ODISHA,JHARKHAND
23,21,4,2022,1,ODISHA,MADHYA PRADESH
29,21,4,2022,1,ODISHA,KARNATAKA
33,22,4,2022,1,CHHATTISGARH,TAMIL NADU
03,23,4,2022,1,MADHYA PRADESH,PUNJAB
24,23,4,2022,13,MADHYA PRADESH,GUJARAT
10,24,4,2022,1866,GUJARAT,BIHAR
19,24,4,2022,12,GUJARAT,WEST BENGAL
20,24,4,2022,88,GUJARAT,JHARKHAND
23,24,4,2022,583,GUJARAT,MADHYA PRADESH
07,27,4,2022,15,MAHARASHTRA,DELHI
10,27,4,2022,4599,MAHARASHTRA,BIHAR
21,27,4,2022,4,MAHARASHTRA,ODISHA
24,27,4,2022,70,MAHARASHTRA,GUJARAT
28,27,4,2022,3,MAHARASHTRA,ANDHRA PRADESH
36,27,4,2022,6,MAHARASHTRA,TELANGANA
21,28,4,2022,8,ANDHRA PRADESH,ODISHA
27,28,4,2022,1,ANDHRA PRADESH,MAHARASHTRA
29,28,4,2022,11,ANDHRA PRADESH,KARNATAKA
19,29,4,2022,3,KARNATAKA,WEST BENGAL
23,29,4,2022,2,KARNATAKA,MADHYA PRADESH
30,29,4,2022,2,KARNATAKA,GOA
09,30,4,2022,130,GOA,UTTAR PRADESH
36,30,4,2022,1,GOA,TELANGANA
05,32,4,2022,2,KERALA,UTTARAKHAND
06,32,4,2022,3,KERALA,HARYANA
10,33,4,2022,238,TAMIL NADU,BIHAR
28,36,4,2022,45,TELANGANA,ANDHRA PRADESH
07,01,5,2022,20,JAMMU AND KASHMIR,DELHI
20,01,5,2022,8,JAMMU AND KASHMIR,JHARKHAND
03,02,5,2022,3,HIMACHAL PRADESH,PUNJAB
19,02,5,2022,2,HIMACHAL PRADESH,WEST BENGAL
23,02,5,2022,73,HIMACHAL PRADESH,MADHYA PRADESH
27,02,5,2022,2,HIMACHAL PRADESH,MAHARASHTRA
09,03,5,2022,94,PUNJAB,UTTAR PRADESH
02,05,5,2022,2,UTTARAKHAND,HIMACHAL PRADESH
23,05,5,2022,19,UTTARAKHAND,MADHYA PRADESH
03,06,5,2022,25,HARYANA,PUNJAB
16,07,5,2022,1,DELHI,TRIPURA
23,08,5,2022,365,RAJASTHAN,MADHYA PRADESH
24,08,5,2022,35,RAJASTHAN,GUJARAT
08,10,5,2022,37,BIHAR,RAJASTHAN
09,10,5,2022,494,BIHAR,UTTAR PRADESH
23,01,10,2021,209,JAMMU AND KASHMIR,MADHYA PRADESH
09,02,10,2021,920,HIMACHAL PRADESH,UTTAR PRADESH
23,02,10,2021,10,HIMACHAL PRADESH,MADHYA PRADESH
02,05,10,2021,1,UTTARAKHAND,HIMACHAL PRADESH
10,05,10,2021,233,UTTARAKHAND,BIHAR
24,05,10,2021,1,UTTARAKHAND,GUJARAT
20,06,10,2021,62,HARYANA,JHARKHAND
23,06,10,2021,696,HARYANA,MADHYA PRADESH
24,06,10,2021,9,HARYANA,GUJARAT
08,07,10,2021,745,DELHI,RAJASTHAN
23,07,10,2021,3606,DELHI,MADHYA PRADESH
32,07,10,2021,9,DELHI,KERALA
06,09,10,2021,250,UTTAR PRADESH,HARYANA
07,09,10,2021,282,UTTAR PRADESH,DELHI
10,09,10,2021,1468,UTTAR PRADESH,BIHAR
20,09,10,2021,85,UTTAR PRADESH,JHARKHAND
27,09,10,2021,625,UTTAR PRADESH,MAHARASHTRA
07,10,10,2021,137,BIHAR,DELHI
27,10,10,2021,43,BIHAR,MAHARASHTRA
10,12,10,2021,11,ARUNACHAL PRADESH,BIHAR
10,13,10,2021,37,NAGALAND,BIHAR
32,13,10,2021,1,NAGALAND,KERALA
13,16,10,2021,1,TRIPURA,NAGALAND
10,17,10,2021,3,MEGHALAYA,BIHAR
20,19,10,2021,1,WEST BENGAL,JHARKHAND
24,21,10,2021,2,ODISHA,GUJARAT
33,21,10,2021,4,ODISHA,TAMIL NADU
24,23,10,2021,5,MADHYA PRADESH,GUJARAT
27,23,10,2021,56,MADHYA PRADESH,MAHARASHTRA
36,23,10,2021,1,MADHYA PRADESH,TELANGANA
10,24,10,2021,1082,GUJARAT,BIHAR
06,27,10,2021,10,MAHARASHTRA,HARYANA
08,27,10,2021,43,MAHARASHTRA,RAJASTHAN
09,27,10,2021,4606,MAHARASHTRA,UTTAR PRADESH
21,27,10,2021,1,MAHARASHTRA,ODISHA
23,27,10,2021,127,MAHARASHTRA,MADHYA PRADESH
36,27,10,2021,9,MAHARASHTRA,TELANGANA
08,29,10,2021,3,KARNATAKA,RAJASTHAN
20,29,10,2021,6,KARNATAKA,JHARKHAND
06,30,10,2021,3,GOA,HARYANA
23,30,10,2021,8,GOA,MADHYA PRADESH
28,30,10,2021,1,GOA,ANDHRA PRADESH
32,30,10,2021,1,GOA,KERALA
20,32,10,2021,7,KERALA,JHARKHAND
28,32,10,2021,2,KERALA,ANDHRA PRADESH
23,33,10,2021,1,TAMIL NADU,MADHYA PRADESH
03,37,10,2021,1,LADAKH,PUNJAB
10,01,11,2021,124,JAMMU AND KASHMIR,BIHAR
07,02,11,2021,2,HIMACHAL PRADESH,DELHI
21,02,11,2021,2,HIMACHAL PRADESH,ODISHA
05,03,11,2021,2,PUNJAB,UTTARAKHAND
01,06,11,2021,3,HARYANA,JAMMU AND KASHMIR
05,06,11,2021,45,HARYANA,UTTARAKHAND
07,06,11,2021,93,HARYANA,DELHI
21,06,11,2021,25,HARYANA,ODISHA
05,07,11,2021,525,DELHI,UTTARAKHAND
10,07,11,2021,32454,DELHI,BIHAR
23,07,11,2021,3358,DELHI,MADHYA PRADESH
24,07,11,2021,26,DELHI,GUJARAT
27,07,11,2021,31,DELHI,MAHARASHTRA
29,07,11,2021,1,DELHI,KARNATAKA
10,08,11,2021,39,RAJASTHAN,BIHAR
21,08,11,2021,1,RAJASTHAN,ODISHA
24,08,11,2021,19,RAJASTHAN,GUJARAT
36,08,11,2021,1,RAJASTHAN,TELANGANA
01,09,11,2021,1,UTTAR PRADESH,JAMMU AND KASHMIR
08,09,11,2021,63,UTTAR PRADESH,RAJASTHAN
20,09,11,2021,113,UTTAR PRADESH,JHARKHAND
23,09,11,2021,204,UTTAR PRADESH,MADHYA PRADESH
24,09,11,2021,35,UTTAR PRADESH,GUJARAT
07,10,11,2021,144,BIHAR,DELHI
09,10,11,2021,248,BIHAR,UTTAR PRADESH
27,10,11,2021,54,BIHAR,MAHARASHTRA
29,10,11,2021,7,BIHAR,KARNATAKA
33,10,11,2021,5,BIHAR,TAMIL NADU
10,11,11,2021,11,SIKKIM,BIHAR
10,17,11,2021,5,MEGHALAYA,BIHAR
24,21,11,2021,4,ODISHA,GUJARAT
08,23,11,2021,16,MADHYA PRADESH,RAJASTHAN
09,23,11,2021,734,MADHYA PRADESH,UTTAR PRADESH
10,23,11,2021,186,MADHYA PRADESH,BIHAR
06,24,11,2021,40,GUJARAT,HARYANA
10,24,11,2021,1096,GUJARAT,BIHAR
16,24,11,2021,2,GUJARAT,TRIPURA
21,24,11,2021,140,GUJARAT,ODISHA
27,24,11,2021,516,GUJARAT,MAHARASHTRA
05,27,11,2021,4,MAHARASHTRA,UTTARAKHAND
29,27,11,2021,94,MAHARASHTRA,KARNATAKA
09,28,11,2021,13,ANDHRA PRADESH,UTTAR PRADESH
21,28,11,2021,40,ANDHRA PRADESH,ODISHA
36,28,11,2021,14,ANDHRA PRADESH,TELANGANA
23,29,11,2021,14,KARNATAKA,MADHYA PRADESH
08,30,11,2021,1,GOA,RAJASTHAN
29,33,11,2021,8,TAMIL NADU,KARNATAKA
28,35,11,2021,1,ANDAMAN AND NICOBAR ISLANDS,ANDHRA PRADESH
06,36,11,2021,2,TELANGANA,HARYANA
29,36,11,2021,126,TELANGANA,KARNATAKA
33,36,11,2021,1,TELANGANA,TAMIL NADU
10,37,11,2021,1,LADAKH,BIHAR
05,01,12,2021,1,JAMMU AND KASHMIR,UTTARAKHAND
27,01,12,2021,1,JAMMU AND KASHMIR,MAHARASHTRA
21,02,12,2021,3,HIMACHAL PRADESH,ODISHA
23,02,12,2021,33,HIMACHAL PRADESH,MADHYA PRADESH
06,03,12,2021,5,PUNJAB,HARYANA
08,03,12,2021,6,PUNJAB,RAJASTHAN
20,03,12,2021,3,PUNJAB,JHARKHAND
19,05,12,2021,1,UTTARAKHAND,WEST BENGAL
27,05,12,2021,1,UTTARAKHAND,MAHARASHTRA
08,06,12,2021,324,HARYANA,RAJASTHAN
20,06,12,2021,100,HARYANA,JHARKHAND
05,08,12,2021,1,RAJASTHAN,UTTARAKHAND
10,08,12,2021,127,RAJASTHAN,BIHAR
19,08,12,2021,1,RAJASTHAN,WEST BENGAL
24,08,12,2021,22,RAJASTHAN,GUJARAT
24,09,12,2021,29,UTTAR PRADESH,GUJARAT
06,10,12,2021,80,BIHAR,HARYANA
27,10,12,2021,58,BIHAR,MAHARASHTRA
29,10,12,2021,11,BIHAR,KARNATAKA
09,11,12,2021,1,SIKKIM,UTTAR PRADESH
10,13,12,2021,2,NAGALAND,BIHAR
09,16,12,2021,10,TRIPURA,UTTAR PRADESH
10,16,12,2021,1043,TRIPURA,BIHAR
13,16,12,2021,1,TRIPURA,NAGALAND
09,21,12,2021,10,ODISHA,UTTAR PRADESH
33,21,12,2021,1,ODISHA,TAMIL NADU
36,21,12,2021,3,ODISHA,TELANGANA
27,23,12,2021,56,MADHYA PRADESH,MAHARASHTRA
09,24,12,2021,4580,GUJARAT,UTTAR PRADESH
16,24,12,2021,1,GUJARAT,TRIPURA
20,24,12,2021,74,GUJARAT,JHARKHAND
07,27,12,2021,1,MAHARASHTRA,DELHI
10,27,12,2021,3620,MAHARASHTRA,BIHAR
13,27,12,2021,1,MAHARASHTRA,NAGALAND
20,27,12,2021,3,MAHARASHTRA,JHARKHAND
29,27,12,2021,123,MAHARASHTRA,KARNATAKA
32,27,12,2021,3,MAHARASHTRA,KERALA
36,27,12,2021,4,MAHARASHTRA,TELANGANA
08,29,12,2021,3,KARNATAKA,RAJASTHAN
16,29,12,2021,4,KARNATAKA,TRIPURA
23,29,12,2021,29,KARNATAKA,MADHYA PRADESH
09,30,12,2021,121,GOA,UTTAR PRADESH
21,30,12,2021,8,GOA,ODISHA
27,30,12,2021,36,GOA,MAHARASHTRA
29,30,12,2021,278,GOA,KARNATAKA
32,30,12,2021,1,GOA,KERALA
10,32,12,2021,140,KERALA,BIHAR
20,33,12,2021,153,TAMIL NADU,JHARKHAND
27,33,12,2021,3,TAMIL NADU,MAHARASHTRA
19,35,12,2021,7,ANDAMAN AND NICOBAR ISLANDS,WEST BENGAL
08,37,12,2021,1,LADAKH,RAJASTHAN
21,01,1,2022,4,JAMMU AND KASHMIR,ODISHA
23,01,1,2022,159,JAMMU AND KASHMIR,MADHYA PRADESH
21,02,1,2022,4,HIMACHAL PRADESH,ODISHA
02,03,1,2022,2,PUNJAB,HIMACHAL PRADESH
06,05,1,2022,10,UTTARAKHAND,HARYANA
05,06,1,2022,97,HARYANA,UTTARAKHAND
10,06,1,2022,3626,HARYANA,BIHAR
23,06,1,2022,1402,HARYANA,MADHYA PRADESH
24,06,1,2022,9,HARYANA,GUJARAT
05,07,1,2022,1811,DELHI,UTTARAKHAND
32,07,1,2022,17,DELHI,KERALA
01,08,1,2022,1,RAJASTHAN,JAMMU AND KASHMIR
19,08,1,2022,3,RAJASTHAN,WEST BENGAL
23,08,1,2022,360,RAJASTHAN,MADHYA PRADESH
24,08,1,2022,26,RAJASTHAN,GUJARAT
29,08,1,2022,2,RAJASTHAN,KARNATAKA
32,08,1,2022,1,RAJASTHAN,KERALA
36,08,1,2022,1,RAJASTHAN,TELANGANA
21,09,1,2022,55,UTTAR PRADESH,ODISHA
22,09,1,2022,50,UTTAR PRADESH,CHHATTISGARH
27,09,1,2022,583,UTTAR PRADESH,MAHARASHTRA
01,10,1,2022,2,BIHAR,JAMMU AND KASHMIR
13,10,1,2022,1,BIHAR,NAGALAND
29,10,1,2022,14,BIHAR,KARNATAKA
21,11,1,2022,1,SIKKIM,ODISHA
10,16,1,2022,1118,TRIPURA,BIHAR
13,16,1,2022,1,TRIPURA,NAGALAND
09,20,1,2022,74,JHARKHAND,UTTAR PRADESH
09,21,1,2022,26,ODISHA,UTTAR PRADESH
10,21,1,2022,44,ODISHA,BIHAR
23,21,1,2022,6,ODISHA,MADHYA PRADESH
20,22,1,2022,1,CHHATTISGARH,JHARKHAND
27,22,1,2022,1,CHHATTISGARH,MAHARASHTRA
05,23,1,2022,1,MADHYA PRADESH,UTTARAKHAND
21,23,1,2022,3,MADHYA PRADESH,ODISHA
29,23,1,2022,2,MADHYA PRADESH,KARNATAKA
19,24,1,2022,16,GUJARAT,WEST BENGAL
23,24,1,2022,1065,GUJARAT,MADHYA PRADESH
01,27,1,2022,3,MAHARASHTRA,JAMMU AND KASHMIR
05,27,1,2022,6,MAHARASHTRA,UTTARAKHAND
10,28,1,2022,29,ANDHRA PRADESH,BIHAR
23,28,1,2022,14,ANDHRA PRADESH,MADHYA PRADESH
29,28,1,2022,15,ANDHRA PRADESH,KARNATAKA
33,28,1,2022,2,ANDHRA PRADESH,TAMIL NADU
06,29,1,2022,2,KARNATAKA,HARYANA
20,29,1,2022,11,KARNATAKA,JHARKHAND
21,29,1,2022,82,KARNATAKA,ODISHA
22,29,1,2022,1,KARNATAKA,CHHATTISGARH
24,29,1,2022,3,KARNATAKA,GUJARAT
36,29,1,2022,8,KARNATAKA,TELANGANA
19,30,1,2022,3,GOA,WEST BENGAL
32,30,1,2022,1,GOA,KERALA
09,32,1,2022,111,KERALA,UTTAR PRADESH
21,32,1,2022,12,KERALA,ODISHA
27,32,1,2022,46,KERALA,MAHARASHTRA
29,32,1,2022,269,KERALA,KARNATAKA
01,32,8,2022,5,KERALA,JAMMU AND KASHMIR
08,32,8,2022,6,KERALA,RAJASTHAN
30,32,8,2022,1,KERALA,GOA
36,32,8,2022,1,KERALA,TELANGANA
23,33,8,2022,18,TAMIL NADU,MADHYA PRADESH
28,33,8,2022,4,TAMIL NADU,ANDHRA PRADESH
21,35,8,2022,5,ANDAMAN AND NICOBAR ISLANDS,ODISHA
23,36,8,2022,13,TELANGANA,MADHYA PRADESH
23,01,9,2022,294,JAMMU AND KASHMIR,MADHYA PRADESH
07,02,9,2022,11,HIMACHAL PRADESH,DELHI
19,02,9,2022,2,HIMACHAL PRADESH,WEST BENGAL
23,02,9,2022,108,HIMACHAL PRADESH,MADHYA PRADESH
19,03,9,2022,9,PUNJAB,WEST BENGAL
27,03,9,2022,1,PUNJAB,MAHARASHTRA
07,05,9,2022,34,UTTARAKHAND,DELHI
21,05,9,2022,2,UTTARAKHAND,ODISHA
07,06,9,2022,406,HARYANA,DELHI
22,06,9,2022,34,HARYANA,CHHATTISGARH
24,06,9,2022,13,HARYANA,GUJARAT
33,06,9,2022,1,HARYANA,TAMIL NADU
01,07,9,2022,51,DELHI,JAMMU AND KASHMIR
02,07,9,2022,59,DELHI,HIMACHAL PRADESH
10,07,9,2022,108061,DELHI,BIHAR
20,07,9,2022,1808,DELHI,JHARKHAND
24,07,9,2022,93,DELHI,GUJARAT
33,07,9,2022,268,DELHI,TAMIL NADU
05,08,9,2022,6,RAJASTHAN,UTTARAKHAND
18,08,9,2022,3,RAJASTHAN,ASSAM
19,08,9,2022,11,RAJASTHAN,WEST BENGAL
33,08,9,2022,1,RAJASTHAN,TAMIL NADU
09,10,9,2022,197,BIHAR,UTTAR PRADESH
19,10,9,2022,78,BIHAR,WEST BENGAL
20,10,9,2022,641,BIHAR,JHARKHAND
24,10,9,2022,25,BIHAR,GUJARAT
28,10,9,2022,2,BIHAR,ANDHRA PRADESH
10,13,9,2022,9,NAGALAND,BIHAR
06,16,9,2022,1,TRIPURA,HARYANA
07,16,9,2022,1,TRIPURA,DELHI
10,18,9,2022,5,ASSAM,BIHAR
24,20,9,2022,1,JHARKHAND,GUJARAT
28,21,9,2022,2,ODISHA,ANDHRA PRADESH
09,22,9,2022,18,CHHATTISGARH,UTTAR PRADESH
06,23,9,2022,9,MADHYA PRADESH,HARYANA
10,23,9,2022,545,MADHYA PRADESH,BIHAR
22,23,9,2022,111,MADHYA PRADESH,CHHATTISGARH
06,24,9,2022,38,GUJARAT,HARYANA
20,24,9,2022,148,GUJARAT,JHARKHAND
29,24,9,2022,21,GUJARAT,KARNATAKA
32,24,9,2022,1,GUJARAT,KERALA
01,27,9,2022,1,MAHARASHTRA,JAMMU AND KASHMIR
19,27,9,2022,70,MAHARASHTRA,WEST BENGAL
29,27,9,2022,121,MAHARASHTRA,KARNATAKA
33,27,9,2022,19,MAHARASHTRA,TAMIL NADU
08,28,9,2022,3,ANDHRA PRADESH,RAJASTHAN
21,28,9,2022,19,ANDHRA PRADESH,ODISHA
36,28,9,2022,4,ANDHRA PRADESH,TELANGANA
32,29,9,2022,20,KARNATAKA,KERALA
33,29,9,2022,81,KARNATAKA,TAMIL NADU
28,30,9,2022,1,GOA,ANDHRA PRADESH
29,30,9,2022,229,GOA,KARNATAKA
08,32,9,2022,3,KERALA,RAJASTHAN
09,32,9,2022,76,KERALA,UTTAR PRADESH
36,32,9,2022,1,KERALA,TELANGANA
23,33,9,2022,10,TAMIL NADU,MADHYA PRADESH
06,36,9,2022,1,TELANGANA,HARYANA
27,36,9,2022,38,TELANGANA,MAHARASHTRA
29,36,9,2022,106,TELANGANA,KARNATAKA
32,36,9,2022,1,TELANGANA,KERALA
01,37,9,2022,5,LADAKH,JAMMU AND KASHMIR
08,37,9,2022,2,LADAKH,RAJASTHAN
22,01,10,2022,52,JAMMU AND KASHMIR,CHHATTISGARH
27,01,10,2022,4,JAMMU AND KASHMIR,MAHARASHTRA
06,02,10,2022,6,HIMACHAL PRADESH,HARYANA
09,02,10,2022,2472,HIMACHAL PRADESH,UTTAR PRADESH
10,02,10,2022,1100,HIMACHAL PRADESH,BIHAR
05,03,10,2022,4,PUNJAB,UTTARAKHAND
08,03,10,2022,10,PUNJAB,RAJASTHAN
22,03,10,2022,1,PUNJAB,CHHATTISGARH
23,03,10,2022,9,PUNJAB,MADHYA PRADESH
06,04,10,2022,1,CHANDIGARH,HARYANA
09,05,10,2022,3414,UTTARAKHAND,UTTAR PRADESH
10,05,10,2022,668,UTTARAKHAND,BIHAR
24,05,10,2022,1,UTTARAKHAND,GUJARAT
29,05,10,2022,1,UTTARAKHAND,KARNATAKA
07,06,10,2022,608,HARYANA,DELHI
23,06,10,2022,4176,HARYANA,MADHYA PRADESH
19,07,10,2022,1616,DELHI,WEST BENGAL
21,07,10,2022,271,DELHI,ODISHA
07,08,10,2022,20,RAJASTHAN,DELHI
21,08,10,2022,1,RAJASTHAN,ODISHA
22,08,10,2022,6,RAJASTHAN,CHHATTISGARH
10,11,10,2022,36,SIKKIM,BIHAR
10,17,10,2022,5,MEGHALAYA,BIHAR
18,19,10,2022,2,WEST BENGAL,ASSAM
20,19,10,2022,6,WEST BENGAL,JHARKHAND
07,20,10,2022,11,JHARKHAND,DELHI
09,20,10,2022,26,JHARKHAND,UTTAR PRADESH
21,20,10,2022,3,JHARKHAND,ODISHA
07,21,10,2022,1,ODISHA,DELHI
29,21,10,2022,2,ODISHA,KARNATAKA
09,22,10,2022,9,CHHATTISGARH,UTTAR PRADESH
08,23,10,2022,45,MADHYA PRADESH,RAJASTHAN
32,23,10,2022,1,MADHYA PRADESH,KERALA
19,24,10,2022,7,GUJARAT,WEST BENGAL
20,24,10,2022,132,GUJARAT,JHARKHAND
08,27,10,2022,93,MAHARASHTRA,RAJASTHAN
23,27,10,2022,274,MAHARASHTRA,MADHYA PRADESH
24,27,10,2022,90,MAHARASHTRA,GUJARAT
20,28,10,2022,1,ANDHRA PRADESH,JHARKHAND
06,29,10,2022,1,KARNATAKA,HARYANA
22,29,10,2022,11,KARNATAKA,CHHATTISGARH
27,29,10,2022,38,KARNATAKA,MAHARASHTRA
28,29,10,2022,39,KARNATAKA,ANDHRA PRADESH
30,29,10,2022,4,KARNATAKA,GOA
33,29,10,2022,85,KARNATAKA,TAMIL NADU
01,32,10,2022,6,KERALA,JAMMU AND KASHMIR
24,32,10,2022,2,KERALA,GUJARAT
28,32,10,2022,4,KERALA,ANDHRA PRADESH
07,33,10,2022,2,TAMIL NADU,DELHI
08,33,10,2022,2,TAMIL NADU,RAJASTHAN
20,33,10,2022,31,TAMIL NADU,JHARKHAND
28,33,10,2022,2,TAMIL NADU,ANDHRA PRADESH
32,34,10,2022,1,PUDUCHERRY,KERALA
06,01,11,2022,2,JAMMU AND KASHMIR,HARYANA
07,01,11,2022,5,JAMMU AND KASHMIR,DELHI
05,02,11,2022,12,HIMACHAL PRADESH,UTTARAKHAND
06,02,11,2022,10,HIMACHAL PRADESH,HARYANA
08,02,11,2022,2,HIMACHAL PRADESH,RAJASTHAN
10,02,11,2022,1238,HIMACHAL PRADESH,BIHAR
20,02,11,2022,40,HIMACHAL PRADESH,JHARKHAND
22,02,11,2022,10,HIMACHAL PRADESH,CHHATTISGARH
27,02,11,2022,1,HIMACHAL PRADESH,MAHARASHTRA
06,05,11,2022,31,UTTARAKHAND,HARYANA
08,05,11,2022,2,UTTARAKHAND,RAJASTHAN
10,05,11,2022,803,UTTARAKHAND,BIHAR
22,05,11,2022,9,UTTARAKHAND,CHHATTISGARH
23,05,11,2022,27,UTTARAKHAND,MADHYA PRADESH
07,06,11,2022,782,HARYANA,DELHI
08,06,11,2022,1154,HARYANA,RAJASTHAN
10,06,11,2022,31379,HARYANA,BIHAR
20,06,11,2022,426,HARYANA,JHARKHAND
05,08,11,2022,8,RAJASTHAN,UTTARAKHAND
10,08,11,2022,1347,RAJASTHAN,BIHAR
23,08,11,2022,645,RAJASTHAN,MADHYA PRADESH
08,09,11,2022,2,UTTAR PRADESH,RAJASTHAN
21,09,11,2022,1,UTTAR PRADESH,ODISHA
07,10,11,2022,1337,BIHAR,DELHI
08,10,11,2022,46,BIHAR,RAJASTHAN
24,10,11,2022,50,BIHAR,GUJARAT
27,10,11,2022,211,BIHAR,MAHARASHTRA
08,16,11,2022,2,TRIPURA,RAJASTHAN
01,19,11,2022,4,WEST BENGAL,JAMMU AND KASHMIR
10,19,11,2022,350,WEST BENGAL,BIHAR
27,19,11,2022,2,WEST BENGAL,MAHARASHTRA
07,20,11,2022,14,JHARKHAND,DELHI
10,21,11,2022,9,ODISHA,BIHAR
20,21,11,2022,5,ODISHA,JHARKHAND
22,21,11,2022,5,ODISHA,CHHATTISGARH
29,21,11,2022,1,ODISHA,KARNATAKA
09,22,11,2022,81,CHHATTISGARH,UTTAR PRADESH
19,23,11,2022,3,MADHYA PRADESH,WEST BENGAL
21,23,11,2022,10,MADHYA PRADESH,ODISHA
29,23,11,2022,1,MADHYA PRADESH,KARNATAKA
07,24,11,2022,17,GUJARAT,DELHI
10,24,11,2022,1851,GUJARAT,BIHAR
20,24,11,2022,76,GUJARAT,JHARKHAND
27,24,11,2022,646,GUJARAT,MAHARASHTRA
28,24,11,2022,2,GUJARAT,ANDHRA PRADESH
08,27,11,2022,148,MAHARASHTRA,RAJASTHAN
10,27,11,2022,11586,MAHARASHTRA,BIHAR
10,28,11,2022,2,ANDHRA PRADESH,BIHAR
22,28,11,2022,1,ANDHRA PRADESH,CHHATTISGARH
29,28,11,2022,8,ANDHRA PRADESH,KARNATAKA
05,29,11,2022,2,KARNATAKA,UTTARAKHAND
08,29,11,2022,2,KARNATAKA,RAJASTHAN
27,29,11,2022,40,KARNATAKA,MAHARASHTRA
30,29,11,2022,6,KARNATAKA,GOA
22,30,11,2022,6,GOA,CHHATTISGARH
32,30,11,2022,3,GOA,KERALA
33,30,11,2022,2,GOA,TAMIL NADU
08,32,11,2022,2,KERALA,RAJASTHAN
29,32,11,2022,885,KERALA,KARNATAKA
07,33,11,2022,1,TAMIL NADU,DELHI
18,33,11,2022,35,TAMIL NADU,ASSAM
22,33,11,2022,19,TAMIL NADU,CHHATTISGARH
32,34,11,2022,1,PUDUCHERRY,KERALA
06,35,11,2022,1,ANDAMAN AND NICOBAR ISLANDS,HARYANA
33,35,11,2022,2,ANDAMAN AND NICOBAR ISLANDS,TAMIL NADU
07,36,11,2022,1,TELANGANA,DELHI
06,01,12,2022,2,JAMMU AND KASHMIR,HARYANA
20,01,12,2022,12,JAMMU AND KASHMIR,JHARKHAND
22,01,12,2022,176,JAMMU AND KASHMIR,CHHATTISGARH
19,02,12,2022,1,HIMACHAL PRADESH,WEST BENGAL
01,03,12,2022,4,PUNJAB,JAMMU AND KASHMIR
10,03,12,2022,508,PUNJAB,BIHAR
20,03,12,2022,7,PUNJAB,JHARKHAND
05,04,12,2022,3,CHANDIGARH,UTTARAKHAND
18,05,12,2022,1,UTTARAKHAND,ASSAM
27,05,12,2022,1,UTTARAKHAND,MAHARASHTRA
18,06,12,2022,15,HARYANA,ASSAM
20,06,12,2022,435,HARYANA,JHARKHAND
22,06,12,2022,151,HARYANA,CHHATTISGARH
24,28,4,2021,1,ANDHRA PRADESH,GUJARAT
29,28,4,2021,156,ANDHRA PRADESH,KARNATAKA
32,28,4,2021,5,ANDHRA PRADESH,KERALA
09,29,4,2021,59,KARNATAKA,UTTAR PRADESH
32,29,4,2021,8,KARNATAKA,KERALA
09,30,4,2021,57,GOA,UTTAR PRADESH
10,30,4,2021,73,GOA,BIHAR
33,30,4,2021,1,GOA,TAMIL NADU
23,32,4,2021,2,KERALA,MADHYA PRADESH
10,35,4,2021,9,ANDAMAN AND NICOBAR ISLANDS,BIHAR
13,36,4,2021,1,TELANGANA,NAGALAND
20,37,4,2021,3,LADAKH,JHARKHAND
08,02,5,2021,2,HIMACHAL PRADESH,RAJASTHAN
10,03,5,2021,51,PUNJAB,BIHAR
09,04,5,2021,10,CHANDIGARH,UTTAR PRADESH
08,06,5,2021,185,HARYANA,RAJASTHAN
24,06,5,2021,1,HARYANA,GUJARAT
27,08,5,2021,9,RAJASTHAN,MAHARASHTRA
06,09,5,2021,112,UTTAR PRADESH,HARYANA
06,10,5,2021,42,BIHAR,HARYANA
21,10,5,2021,1,BIHAR,ODISHA
36,10,5,2021,1,BIHAR,TELANGANA
29,20,5,2021,1,JHARKHAND,KARNATAKA
08,23,5,2021,20,MADHYA PRADESH,RAJASTHAN
10,23,5,2021,35,MADHYA PRADESH,BIHAR
09,24,5,2021,680,GUJARAT,UTTAR PRADESH
21,24,5,2021,7,GUJARAT,ODISHA
08,27,5,2021,20,MAHARASHTRA,RAJASTHAN
10,27,5,2021,400,MAHARASHTRA,BIHAR
24,27,5,2021,7,MAHARASHTRA,GUJARAT
27,28,5,2021,7,ANDHRA PRADESH,MAHARASHTRA
24,29,5,2021,1,KARNATAKA,GUJARAT
27,29,5,2021,67,KARNATAKA,MAHARASHTRA
33,29,5,2021,49,KARNATAKA,TAMIL NADU
36,29,5,2021,4,KARNATAKA,TELANGANA
10,30,5,2021,57,GOA,BIHAR
29,30,5,2021,181,GOA,KARNATAKA
27,32,5,2021,38,KERALA,MAHARASHTRA
28,32,5,2021,1,KERALA,ANDHRA PRADESH
29,32,5,2021,214,KERALA,KARNATAKA
23,36,5,2021,1,TELANGANA,MADHYA PRADESH
27,36,5,2021,1,TELANGANA,MAHARASHTRA
29,36,5,2021,21,TELANGANA,KARNATAKA
10,37,5,2021,5,LADAKH,BIHAR
10,01,6,2021,244,JAMMU AND KASHMIR,BIHAR
08,02,6,2021,1,HIMACHAL PRADESH,RAJASTHAN
20,02,6,2021,1,HIMACHAL PRADESH,JHARKHAND
21,03,6,2021,1,PUNJAB,ODISHA
10,05,6,2021,25,UTTARAKHAND,BIHAR
08,06,6,2021,41,HARYANA,RAJASTHAN
06,08,6,2021,249,RAJASTHAN,HARYANA
10,08,6,2021,5,RAJASTHAN,BIHAR
36,08,6,2021,1,RAJASTHAN,TELANGANA
27,09,6,2021,7,UTTAR PRADESH,MAHARASHTRA
09,10,6,2021,137,BIHAR,UTTAR PRADESH
21,20,6,2021,1,JHARKHAND,ODISHA
06,23,6,2021,2,MADHYA PRADESH,HARYANA
21,23,6,2021,1,MADHYA PRADESH,ODISHA
06,24,6,2021,16,GUJARAT,HARYANA
10,24,6,2021,428,GUJARAT,BIHAR
27,24,6,2021,393,GUJARAT,MAHARASHTRA
09,27,6,2021,1953,MAHARASHTRA,UTTAR PRADESH
10,27,6,2021,943,MAHARASHTRA,BIHAR
28,27,6,2021,2,MAHARASHTRA,ANDHRA PRADESH
36,27,6,2021,4,MAHARASHTRA,TELANGANA
21,28,6,2021,7,ANDHRA PRADESH,ODISHA
20,32,6,2021,2,KERALA,JHARKHAND
06,36,6,2021,2,TELANGANA,HARYANA
27,36,6,2021,3,TELANGANA,MAHARASHTRA
03,01,7,2021,2,JAMMU AND KASHMIR,PUNJAB
10,01,7,2021,242,JAMMU AND KASHMIR,BIHAR
09,05,7,2021,1847,UTTARAKHAND,UTTAR PRADESH
27,05,7,2021,1,UTTARAKHAND,MAHARASHTRA
29,05,7,2021,1,UTTARAKHAND,KARNATAKA
27,06,7,2021,3,HARYANA,MAHARASHTRA
01,07,7,2021,1,DELHI,JAMMU AND KASHMIR
09,07,7,2021,7784,DELHI,UTTAR PRADESH
33,07,7,2021,2,DELHI,TAMIL NADU
10,08,7,2021,6,RAJASTHAN,BIHAR
10,09,7,2021,310,UTTAR PRADESH,BIHAR
20,10,7,2021,68,BIHAR,JHARKHAND
23,10,7,2021,3,BIHAR,MADHYA PRADESH
36,10,7,2021,3,BIHAR,TELANGANA
10,16,7,2021,19,TRIPURA,BIHAR
06,19,7,2021,4,WEST BENGAL,HARYANA
21,20,7,2021,2,JHARKHAND,ODISHA
24,20,7,2021,1,JHARKHAND,GUJARAT
27,20,7,2021,9,JHARKHAND,MAHARASHTRA
20,23,7,2021,16,MADHYA PRADESH,JHARKHAND
08,24,7,2021,19,GUJARAT,RAJASTHAN
10,24,7,2021,663,GUJARAT,BIHAR
20,27,7,2021,6,MAHARASHTRA,JHARKHAND
24,27,7,2021,33,MAHARASHTRA,GUJARAT
36,27,7,2021,3,MAHARASHTRA,TELANGANA
20,28,7,2021,4,ANDHRA PRADESH,JHARKHAND
06,29,7,2021,1,KARNATAKA,HARYANA
20,29,7,2021,5,KARNATAKA,JHARKHAND
27,29,7,2021,66,KARNATAKA,MAHARASHTRA
36,29,7,2021,3,KARNATAKA,TELANGANA
10,30,7,2021,49,GOA,BIHAR
21,30,7,2021,2,GOA,ODISHA
09,32,7,2021,29,KERALA,UTTAR PRADESH
10,32,7,2021,22,KERALA,BIHAR
10,33,7,2021,6,TAMIL NADU,BIHAR
21,35,7,2021,7,ANDAMAN AND NICOBAR ISLANDS,ODISHA
09,01,8,2021,715,JAMMU AND KASHMIR,UTTAR PRADESH
09,03,8,2021,362,PUNJAB,UTTAR PRADESH
10,03,8,2021,324,PUNJAB,BIHAR
20,03,8,2021,5,PUNJAB,JHARKHAND
10,04,8,2021,6,CHANDIGARH,BIHAR
06,05,8,2021,6,UTTARAKHAND,HARYANA
09,05,8,2021,2015,UTTARAKHAND,UTTAR PRADESH
03,06,8,2021,27,HARYANA,PUNJAB
08,06,8,2021,109,HARYANA,RAJASTHAN
01,07,8,2021,3,DELHI,JAMMU AND KASHMIR
03,07,8,2021,11,DELHI,PUNJAB
10,07,8,2021,19074,DELHI,BIHAR
06,08,8,2021,73,RAJASTHAN,HARYANA
27,09,8,2021,439,UTTAR PRADESH,MAHARASHTRA
27,10,8,2021,29,BIHAR,MAHARASHTRA
09,12,8,2021,1,ARUNACHAL PRADESH,UTTAR PRADESH
06,20,8,2021,2,JHARKHAND,HARYANA
09,20,8,2021,45,JHARKHAND,UTTAR PRADESH
21,20,8,2021,2,JHARKHAND,ODISHA
24,20,8,2021,1,JHARKHAND,GUJARAT
21,24,8,2021,13,GUJARAT,ODISHA
29,24,8,2021,12,GUJARAT,KARNATAKA
09,27,8,2021,3654,MAHARASHTRA,UTTAR PRADESH
30,27,8,2021,1,MAHARASHTRA,GOA
21,28,8,2021,11,ANDHRA PRADESH,ODISHA
23,28,8,2021,3,ANDHRA PRADESH,MADHYA PRADESH
03,29,8,2021,1,KARNATAKA,PUNJAB
10,29,8,2021,238,KARNATAKA,BIHAR
30,29,8,2021,3,KARNATAKA,GOA
33,29,8,2021,23,KARNATAKA,TAMIL NADU
36,29,8,2021,9,KARNATAKA,TELANGANA
28,30,8,2021,1,GOA,ANDHRA PRADESH
06,32,8,2021,1,KERALA,HARYANA
09,32,8,2021,56,KERALA,UTTAR PRADESH
21,32,8,2021,2,KERALA,ODISHA
24,32,8,2021,1,KERALA,GUJARAT
27,32,8,2021,55,KERALA,MAHARASHTRA
10,33,8,2021,1,TAMIL NADU,BIHAR
20,33,8,2021,1,TAMIL NADU,JHARKHAND
33,35,8,2021,2,ANDAMAN AND NICOBAR ISLANDS,TAMIL NADU
06,01,9,2021,3,JAMMU AND KASHMIR,HARYANA
08,01,9,2021,1,JAMMU AND KASHMIR,RAJASTHAN
27,01,9,2021,4,JAMMU AND KASHMIR,MAHARASHTRA
33,01,9,2021,1,JAMMU AND KASHMIR,TAMIL NADU
03,02,9,2021,3,HIMACHAL PRADESH,PUNJAB
05,02,9,2021,7,HIMACHAL PRADESH,UTTARAKHAND
08,02,9,2021,3,HIMACHAL PRADESH,RAJASTHAN
09,02,9,2021,764,HIMACHAL PRADESH,UTTAR PRADESH
08,03,9,2021,3,PUNJAB,RAJASTHAN
23,05,9,2021,14,UTTARAKHAND,MADHYA PRADESH
24,05,9,2021,1,UTTARAKHAND,GUJARAT
27,05,9,2021,1,UTTARAKHAND,MAHARASHTRA
05,06,9,2021,22,HARYANA,UTTARAKHAND
21,06,9,2021,15,HARYANA,ODISHA
36,06,9,2021,1,HARYANA,TELANGANA
01,07,9,2021,8,DELHI,JAMMU AND KASHMIR
05,07,9,2021,429,DELHI,UTTARAKHAND
06,07,9,2021,1803,DELHI,HARYANA
08,07,9,2021,581,DELHI,RAJASTHAN
13,07,9,2021,1,DELHI,NAGALAND
16,07,9,2021,1,DELHI,TRIPURA
19,07,9,2021,42,DELHI,WEST BENGAL
20,07,9,2021,511,DELHI,JHARKHAND
21,07,9,2021,165,DELHI,ODISHA
27,07,9,2021,22,DELHI,MAHARASHTRA
32,07,9,2021,10,DELHI,KERALA
10,08,9,2021,35,RAJASTHAN,BIHAR
29,09,9,2021,11,UTTAR PRADESH,KARNATAKA
32,09,9,2021,1,UTTAR PRADESH,KERALA
05,10,9,2021,2,BIHAR,UTTARAKHAND
21,10,9,2021,3,BIHAR,ODISHA
29,10,9,2021,2,BIHAR,KARNATAKA
10,12,9,2021,8,ARUNACHAL PRADESH,BIHAR
10,16,9,2021,15,TRIPURA,BIHAR
29,16,9,2021,1,TRIPURA,KARNATAKA
10,17,9,2021,4,MEGHALAYA,BIHAR
21,20,9,2021,6,JHARKHAND,ODISHA
10,21,9,2021,39,ODISHA,BIHAR
24,21,9,2021,1,ODISHA,GUJARAT
29,21,9,2021,4,ODISHA,KARNATAKA
06,23,9,2021,6,MADHYA PRADESH,HARYANA
09,23,9,2021,536,MADHYA PRADESH,UTTAR PRADESH
21,23,9,2021,3,MADHYA PRADESH,ODISHA
24,23,9,2021,9,MADHYA PRADESH,GUJARAT
08,24,9,2021,157,GUJARAT,RAJASTHAN
20,24,9,2021,34,GUJARAT,JHARKHAND
29,24,9,2021,6,GUJARAT,KARNATAKA
06,27,9,2021,6,MAHARASHTRA,HARYANA
09,27,9,2021,4606,MAHARASHTRA,UTTAR PRADESH
13,27,9,2021,1,MAHARASHTRA,NAGALAND
36,27,9,2021,3,MAHARASHTRA,TELANGANA
08,28,9,2021,1,ANDHRA PRADESH,RAJASTHAN
10,28,9,2021,7,ANDHRA PRADESH,BIHAR
27,28,9,2021,1,ANDHRA PRADESH,MAHARASHTRA
06,29,9,2021,1,KARNATAKA,HARYANA
08,29,9,2021,3,KARNATAKA,RAJASTHAN
20,32,9,2021,15,KERALA,JHARKHAND
24,32,9,2021,1,KERALA,GUJARAT
28,32,9,2021,3,KERALA,ANDHRA PRADESH
29,33,9,2021,5,TAMIL NADU,KARNATAKA
10,35,9,2021,5,ANDAMAN AND NICOBAR ISLANDS,BIHAR
20,35,9,2021,4,ANDAMAN AND NICOBAR ISLANDS,JHARKHAND
27,06,1,2020,4,HARYANA,MAHARASHTRA
10,28,1,2020,4,ANDHRA PRADESH,BIHAR
28,29,1,2020,1,KARNATAKA,ANDHRA PRADESH
32,29,1,2020,1,KARNATAKA,KERALA
23,06,2,2020,1,HARYANA,MADHYA PRADESH
06,08,2,2020,4,RAJASTHAN,HARYANA
27,02,3,2020,1,HIMACHAL PRADESH,MAHARASHTRA
23,06,3,2020,1,HARYANA,MADHYA PRADESH
06,10,3,2020,1,BIHAR,HARYANA
27,20,3,2020,2,JHARKHAND,MAHARASHTRA
23,24,3,2020,6,GUJARAT,MADHYA PRADESH
27,32,3,2020,8,KERALA,MAHARASHTRA
27,02,4,2020,1,HIMACHAL PRADESH,MAHARASHTRA
09,27,4,2020,1,MAHARASHTRA,UTTAR PRADESH
36,32,4,2020,1,KERALA,TELANGANA
23,36,4,2020,1,TELANGANA,MADHYA PRADESH
29,36,4,2020,12,TELANGANA,KARNATAKA
27,02,5,2020,1,HIMACHAL PRADESH,MAHARASHTRA
28,02,5,2020,11,HIMACHAL PRADESH,ANDHRA PRADESH
27,09,5,2020,35,UTTAR PRADESH,MAHARASHTRA
32,09,5,2020,1,UTTAR PRADESH,KERALA
15,14,5,2020,1,MANIPUR,MIZORAM
27,24,5,2020,2,GUJARAT,MAHARASHTRA
27,29,5,2020,5,KARNATAKA,MAHARASHTRA
30,29,5,2020,1,KARNATAKA,GOA
06,09,6,2020,52,UTTAR PRADESH,HARYANA
24,09,6,2020,8,UTTAR PRADESH,GUJARAT
10,11,6,2020,2,SIKKIM,BIHAR
10,20,6,2020,8,JHARKHAND,BIHAR
10,23,6,2020,1,MADHYA PRADESH,BIHAR
06,24,6,2020,1,GUJARAT,HARYANA
32,24,6,2020,1,GUJARAT,KERALA
10,27,6,2020,5,MAHARASHTRA,BIHAR
23,27,6,2020,3,MAHARASHTRA,MADHYA PRADESH
28,29,6,2020,7,KARNATAKA,ANDHRA PRADESH
10,30,6,2020,3,GOA,BIHAR
27,30,6,2020,8,GOA,MAHARASHTRA
29,30,6,2020,60,GOA,KARNATAKA
09,32,6,2020,4,KERALA,UTTAR PRADESH
20,01,7,2020,1,JAMMU AND KASHMIR,JHARKHAND
29,09,7,2020,3,UTTAR PRADESH,KARNATAKA
10,20,7,2020,7,JHARKHAND,BIHAR
23,24,7,2020,1,GUJARAT,MADHYA PRADESH
29,27,7,2020,3,MAHARASHTRA,KARNATAKA
27,29,7,2020,7,KARNATAKA,MAHARASHTRA
28,29,7,2020,4,KARNATAKA,ANDHRA PRADESH
10,30,7,2020,32,GOA,BIHAR
20,30,7,2020,5,GOA,JHARKHAND
23,30,7,2020,4,GOA,MADHYA PRADESH
29,30,7,2020,340,GOA,KARNATAKA
32,30,7,2020,1,GOA,KERALA
09,32,7,2020,7,KERALA,UTTAR PRADESH
27,32,7,2020,17,KERALA,MAHARASHTRA
08,06,8,2020,1,HARYANA,RAJASTHAN
10,06,8,2020,140,HARYANA,BIHAR
08,09,8,2020,8,UTTAR PRADESH,RAJASTHAN
30,12,8,2020,1,ARUNACHAL PRADESH,GOA
27,24,8,2020,16,GUJARAT,MAHARASHTRA
29,24,8,2020,1,GUJARAT,KARNATAKA
23,27,8,2020,1,MAHARASHTRA,MADHYA PRADESH
28,29,8,2020,1,KARNATAKA,ANDHRA PRADESH
27,30,8,2020,26,GOA,MAHARASHTRA
29,30,8,2020,246,GOA,KARNATAKA
30,37,8,2020,3,LADAKH,GOA
01,06,9,2020,1,HARYANA,JAMMU AND KASHMIR
24,09,9,2020,21,UTTAR PRADESH,GUJARAT
12,16,9,2020,1,TRIPURA,ARUNACHAL PRADESH
06,20,9,2020,1,JHARKHAND,HARYANA
09,23,9,2020,30,MADHYA PRADESH,UTTAR PRADESH
23,24,9,2020,30,GUJARAT,MADHYA PRADESH
27,24,9,2020,29,GUJARAT,MAHARASHTRA
29,24,9,2020,1,GUJARAT,KARNATAKA
10,29,9,2020,1,KARNATAKA,BIHAR
36,32,9,2020,1,KERALA,TELANGANA
06,33,9,2020,11,TAMIL NADU,HARYANA
09,03,10,2020,3,PUNJAB,UTTAR PRADESH
10,06,10,2020,77,HARYANA,BIHAR
06,09,10,2020,51,UTTAR PRADESH,HARYANA
23,09,10,2020,9,UTTAR PRADESH,MADHYA PRADESH
06,10,10,2020,1,BIHAR,HARYANA
27,10,10,2020,1,BIHAR,MAHARASHTRA
32,13,10,2020,1,NAGALAND,KERALA
09,20,10,2020,12,JHARKHAND,UTTAR PRADESH
36,20,10,2020,1,JHARKHAND,TELANGANA
23,27,10,2020,10,MAHARASHTRA,MADHYA PRADESH
24,27,10,2020,3,MAHARASHTRA,GUJARAT
27,28,10,2020,3,ANDHRA PRADESH,MAHARASHTRA
29,28,10,2020,21,ANDHRA PRADESH,KARNATAKA
32,28,10,2020,1,ANDHRA PRADESH,KERALA
36,28,10,2020,61,ANDHRA PRADESH,TELANGANA
10,29,10,2020,6,KARNATAKA,BIHAR
09,30,10,2020,13,GOA,UTTAR PRADESH
27,30,10,2020,25,GOA,MAHARASHTRA
23,32,10,2020,1,KERALA,MADHYA PRADESH
24,32,10,2020,1,KERALA,GUJARAT
33,32,10,2020,2,KERALA,TAMIL NADU
33,34,10,2020,1,PUDUCHERRY,TAMIL NADU
23,06,11,2020,37,HARYANA,MADHYA PRADESH
06,08,11,2020,2,RAJASTHAN,HARYANA
27,09,11,2020,342,UTTAR PRADESH,MAHARASHTRA
36,09,11,2020,3,UTTAR PRADESH,TELANGANA
10,16,11,2020,5,TRIPURA,BIHAR
27,20,11,2020,5,JHARKHAND,MAHARASHTRA
29,20,11,2020,1,JHARKHAND,KARNATAKA
23,24,11,2020,56,GUJARAT,MADHYA PRADESH
23,27,11,2020,11,MAHARASHTRA,MADHYA PRADESH
09,30,11,2020,16,GOA,UTTAR PRADESH
33,32,11,2020,13,KERALA,TAMIL NADU
23,36,11,2020,2,TELANGANA,MADHYA PRADESH
06,08,12,2020,12,RAJASTHAN,HARYANA
27,09,12,2020,272,UTTAR PRADESH,MAHARASHTRA
09,10,12,2020,4,BIHAR,UTTAR PRADESH
20,16,12,2020,5,TRIPURA,JHARKHAND
29,20,12,2020,1,JHARKHAND,KARNATAKA
20,23,12,2020,3,MADHYA PRADESH,JHARKHAND
10,28,12,2020,1,ANDHRA PRADESH,BIHAR
36,28,12,2020,36,ANDHRA PRADESH,TELANGANA
36,29,12,2020,1,KARNATAKA,TELANGANA
29,30,12,2020,98,GOA,KARNATAKA
33,32,12,2020,18,KERALA,TAMIL NADU
10,33,12,2020,19,TAMIL NADU,BIHAR
10,06,1,2021,86,HARYANA,BIHAR
23,06,1,2021,15,HARYANA,MADHYA PRADESH
06,08,1,2021,14,RAJASTHAN,HARYANA
06,09,1,2021,49,UTTAR PRADESH,HARYANA
27,09,1,2021,153,UTTAR PRADESH,MAHARASHTRA
10,20,1,2021,125,JHARKHAND,BIHAR
27,20,1,2021,3,JHARKHAND,MAHARASHTRA
08,23,1,2021,1,MADHYA PRADESH,RAJASTHAN
09,24,1,2021,391,GUJARAT,UTTAR PRADESH
20,24,1,2021,6,GUJARAT,JHARKHAND
06,30,1,2021,1,GOA,HARYANA
10,30,1,2021,31,GOA,BIHAR
20,30,1,2021,1,GOA,JHARKHAND
03,01,2,2021,8,JAMMU AND KASHMIR,PUNJAB
09,02,2,2021,3,HIMACHAL PRADESH,UTTAR PRADESH
10,03,2,2021,2,PUNJAB,BIHAR
10,04,2,2021,4,CHANDIGARH,BIHAR
06,09,2,2021,42,UTTAR PRADESH,HARYANA
27,09,2,2021,187,UTTAR PRADESH,MAHARASHTRA
16,15,2,2021,1,MIZORAM,TRIPURA
10,16,2,2021,41,TRIPURA,BIHAR
09,23,2,2021,18,MADHYA PRADESH,UTTAR PRADESH
23,24,2,2021,23,GUJARAT,MADHYA PRADESH
27,24,2,2021,78,GUJARAT,MAHARASHTRA
29,24,2,2021,2,GUJARAT,KARNATAKA
06,27,2,2021,4,MAHARASHTRA,HARYANA
23,29,2,2021,2,KARNATAKA,MADHYA PRADESH
29,30,2,2021,129,GOA,KARNATAKA
09,32,2,2021,17,KERALA,UTTAR PRADESH
23,32,2,2021,1,KERALA,MADHYA PRADESH
24,32,2,2021,2,KERALA,GUJARAT
33,34,2,2021,2,PUDUCHERRY,TAMIL NADU
06,36,2,2021,1,TELANGANA,HARYANA
32,36,2,2021,1,TELANGANA,KERALA
09,01,3,2021,274,JAMMU AND KASHMIR,UTTAR PRADESH
23,01,3,2021,18,JAMMU AND KASHMIR,MADHYA PRADESH
09,02,3,2021,5,HIMACHAL PRADESH,UTTAR PRADESH
27,03,3,2021,1,PUNJAB,MAHARASHTRA
08,06,3,2021,3,HARYANA,RAJASTHAN
09,06,3,2021,772,HARYANA,UTTAR PRADESH
08,09,3,2021,23,UTTAR PRADESH,RAJASTHAN
20,09,3,2021,19,UTTAR PRADESH,JHARKHAND
27,09,3,2021,146,UTTAR PRADESH,MAHARASHTRA
09,10,3,2021,7,BIHAR,UTTAR PRADESH
10,16,3,2021,40,TRIPURA,BIHAR
10,21,3,2021,2,ODISHA,BIHAR
24,23,3,2021,2,MADHYA PRADESH,GUJARAT
27,23,3,2021,8,MADHYA PRADESH,MAHARASHTRA
06,24,3,2021,8,GUJARAT,HARYANA
20,24,3,2021,2,GUJARAT,JHARKHAND
10,28,3,2021,1,ANDHRA PRADESH,BIHAR
27,30,3,2021,25,GOA,MAHARASHTRA
06,32,3,2021,1,KERALA,HARYANA
24,32,3,2021,2,KERALA,GUJARAT
27,36,3,2021,35,TELANGANA,MAHARASHTRA
32,36,3,2021,1,TELANGANA,KERALA
33,36,3,2021,4,TELANGANA,TAMIL NADU
10,01,4,2021,211,JAMMU AND KASHMIR,BIHAR
10,03,4,2021,72,PUNJAB,BIHAR
20,03,4,2021,1,PUNJAB,JHARKHAND
10,04,4,2021,13,CHANDIGARH,BIHAR
27,06,4,2021,3,HARYANA,MAHARASHTRA
36,06,4,2021,1,HARYANA,TELANGANA
24,08,4,2021,8,RAJASTHAN,GUJARAT
32,08,4,2021,1,RAJASTHAN,KERALA
23,09,4,2021,7,UTTAR PRADESH,MADHYA PRADESH
27,09,4,2021,258,UTTAR PRADESH,MAHARASHTRA
08,10,4,2021,5,BIHAR,RAJASTHAN
10,12,4,2021,3,ARUNACHAL PRADESH,BIHAR
20,16,4,2021,89,TRIPURA,JHARKHAND
23,16,4,2021,1,TRIPURA,MADHYA PRADESH
10,17,4,2021,1,MEGHALAYA,BIHAR
09,20,4,2021,21,JHARKHAND,UTTAR PRADESH
24,23,4,2021,1,MADHYA PRADESH,GUJARAT
27,23,4,2021,14,MADHYA PRADESH,MAHARASHTRA
09,24,4,2021,887,GUJARAT,UTTAR PRADESH
23,24,4,2021,87,GUJARAT,MADHYA PRADESH
27,24,4,2021,313,GUJARAT,MAHARASHTRA
29,24,4,2021,5,GUJARAT,KARNATAKA
36,27,4,2021,3,MAHARASHTRA,TELANGANA
20,28,4,2021,39,ANDHRA PRADESH,JHARKHAND
19,32,3,2023,21,KERALA,WEST BENGAL
28,32,3,2023,14,KERALA,ANDHRA PRADESH
10,33,3,2023,177,TAMIL NADU,BIHAR
08,34,3,2023,1,PUDUCHERRY,RAJASTHAN
19,35,3,2023,2,ANDAMAN AND NICOBAR ISLANDS,WEST BENGAL
08,36,3,2023,1,TELANGANA,RAJASTHAN
18,36,3,2023,3,TELANGANA,ASSAM
19,36,3,2023,11,TELANGANA,WEST BENGAL
24,36,3,2023,1,TELANGANA,GUJARAT
08,01,4,2023,1,JAMMU AND KASHMIR,RAJASTHAN
24,01,4,2023,1,JAMMU AND KASHMIR,GUJARAT
10,02,4,2023,1439,HIMACHAL PRADESH,BIHAR
08,05,4,2023,1,UTTARAKHAND,RAJASTHAN
10,05,4,2023,954,UTTARAKHAND,BIHAR
18,05,4,2023,1,UTTARAKHAND,ASSAM
02,06,4,2023,3,HARYANA,HIMACHAL PRADESH
09,06,4,2023,13956,HARYANA,UTTAR PRADESH
18,06,4,2023,7,HARYANA,ASSAM
29,06,4,2023,2,HARYANA,KARNATAKA
02,07,4,2023,51,DELHI,HIMACHAL PRADESH
09,07,4,2023,80673,DELHI,UTTAR PRADESH
10,07,4,2023,119398,DELHI,BIHAR
19,07,4,2023,906,DELHI,WEST BENGAL
10,08,4,2023,2203,RAJASTHAN,BIHAR
18,08,4,2023,2,RAJASTHAN,ASSAM
19,08,4,2023,10,RAJASTHAN,WEST BENGAL
24,08,4,2023,51,RAJASTHAN,GUJARAT
27,08,4,2023,11,RAJASTHAN,MAHARASHTRA
20,10,4,2023,1056,BIHAR,JHARKHAND
29,10,4,2023,43,BIHAR,KARNATAKA
10,11,4,2023,60,SIKKIM,BIHAR
19,17,4,2023,1,MEGHALAYA,WEST BENGAL
29,19,4,2023,1,WEST BENGAL,KARNATAKA
33,19,4,2023,2,WEST BENGAL,TAMIL NADU
09,20,4,2023,33,JHARKHAND,UTTAR PRADESH
09,22,4,2023,17,CHHATTISGARH,UTTAR PRADESH
07,23,4,2023,54,MADHYA PRADESH,DELHI
05,24,4,2023,8,GUJARAT,UTTARAKHAND
07,24,4,2023,28,GUJARAT,DELHI
19,24,4,2023,11,GUJARAT,WEST BENGAL
19,27,4,2023,96,MAHARASHTRA,WEST BENGAL
01,29,4,2023,1,KARNATAKA,JAMMU AND KASHMIR
07,29,4,2023,5,KARNATAKA,DELHI
09,29,4,2023,79,KARNATAKA,UTTAR PRADESH
10,29,4,2023,346,KARNATAKA,BIHAR
19,29,4,2023,3,KARNATAKA,WEST BENGAL
20,29,4,2023,15,KARNATAKA,JHARKHAND
24,29,4,2023,1,KARNATAKA,GUJARAT
28,29,4,2023,2,KARNATAKA,ANDHRA PRADESH
08,30,4,2023,1,GOA,RAJASTHAN
09,30,4,2023,159,GOA,UTTAR PRADESH
20,30,4,2023,7,GOA,JHARKHAND
32,30,4,2023,2,GOA,KERALA
33,30,4,2023,5,GOA,TAMIL NADU
09,32,4,2023,73,KERALA,UTTAR PRADESH
10,32,4,2023,249,KERALA,BIHAR
28,32,4,2023,6,KERALA,ANDHRA PRADESH
01,33,4,2023,2,TAMIL NADU,JAMMU AND KASHMIR
09,33,4,2023,14,TAMIL NADU,UTTAR PRADESH
10,33,4,2023,289,TAMIL NADU,BIHAR
23,33,4,2023,6,TAMIL NADU,MADHYA PRADESH
01,36,4,2023,1,TELANGANA,JAMMU AND KASHMIR
18,36,4,2023,4,TELANGANA,ASSAM
23,36,4,2023,65,TELANGANA,MADHYA PRADESH
29,36,4,2023,333,TELANGANA,KARNATAKA
33,36,4,2023,8,TELANGANA,TAMIL NADU
19,01,5,2023,7,JAMMU AND KASHMIR,WEST BENGAL
05,02,5,2023,34,HIMACHAL PRADESH,UTTARAKHAND
07,02,5,2023,17,HIMACHAL PRADESH,DELHI
08,02,5,2023,2,HIMACHAL PRADESH,RAJASTHAN
19,02,5,2023,6,HIMACHAL PRADESH,WEST BENGAL
01,05,5,2023,1,UTTARAKHAND,JAMMU AND KASHMIR
08,05,5,2023,1,UTTARAKHAND,RAJASTHAN
23,05,5,2023,29,UTTARAKHAND,MADHYA PRADESH
01,06,5,2023,8,HARYANA,JAMMU AND KASHMIR
10,06,5,2023,22061,HARYANA,BIHAR
24,06,5,2023,7,HARYANA,GUJARAT
09,07,5,2023,77669,DELHI,UTTAR PRADESH
18,07,5,2023,77,DELHI,ASSAM
19,07,5,2023,903,DELHI,WEST BENGAL
23,07,5,2023,8746,DELHI,MADHYA PRADESH
10,08,5,2023,2206,RAJASTHAN,BIHAR
20,08,5,2023,27,RAJASTHAN,JHARKHAND
22,08,5,2023,40,RAJASTHAN,CHHATTISGARH
24,08,5,2023,49,RAJASTHAN,GUJARAT
18,10,5,2023,56,BIHAR,ASSAM
28,10,5,2023,7,BIHAR,ANDHRA PRADESH
23,11,5,2023,1,SIKKIM,MADHYA PRADESH
18,16,5,2023,3,TRIPURA,ASSAM
18,22,5,2023,14,CHHATTISGARH,ASSAM
05,23,5,2023,2,MADHYA PRADESH,UTTARAKHAND
08,23,5,2023,51,MADHYA PRADESH,RAJASTHAN
24,23,5,2023,14,MADHYA PRADESH,GUJARAT
01,27,5,2023,3,MAHARASHTRA,JAMMU AND KASHMIR
08,27,5,2023,62,MAHARASHTRA,RAJASTHAN
09,27,5,2023,9695,MAHARASHTRA,UTTAR PRADESH
20,27,5,2023,305,MAHARASHTRA,JHARKHAND
22,27,5,2023,21,MAHARASHTRA,CHHATTISGARH
24,27,5,2023,80,MAHARASHTRA,GUJARAT
32,27,5,2023,8,MAHARASHTRA,KERALA
05,29,5,2023,1,KARNATAKA,UTTARAKHAND
07,29,5,2023,7,KARNATAKA,DELHI
08,29,5,2023,1,KARNATAKA,RAJASTHAN
21,29,5,2023,13,KARNATAKA,ODISHA
28,29,5,2023,32,KARNATAKA,ANDHRA PRADESH
08,32,5,2023,1,KERALA,RAJASTHAN
19,32,5,2023,9,KERALA,WEST BENGAL
21,32,5,2023,5,KERALA,ODISHA
23,32,5,2023,32,KERALA,MADHYA PRADESH
08,33,5,2023,1,TAMIL NADU,RAJASTHAN
09,33,5,2023,20,TAMIL NADU,UTTAR PRADESH
18,33,5,2023,6,TAMIL NADU,ASSAM
29,33,5,2023,8,TAMIL NADU,KARNATAKA
06,36,5,2023,18,TELANGANA,HARYANA
08,36,5,2023,6,TELANGANA,RAJASTHAN
24,36,5,2023,1,TELANGANA,GUJARAT
27,36,5,2023,378,TELANGANA,MAHARASHTRA
05,01,6,2023,5,JAMMU AND KASHMIR,UTTARAKHAND
09,02,6,2023,5105,HIMACHAL PRADESH,UTTAR PRADESH
08,03,6,2023,4,PUNJAB,RAJASTHAN
10,03,6,2023,384,PUNJAB,BIHAR
24,03,6,2023,1,PUNJAB,GUJARAT
08,06,6,2023,791,HARYANA,RAJASTHAN
09,06,6,2023,20010,HARYANA,UTTAR PRADESH
19,06,6,2023,110,HARYANA,WEST BENGAL
27,06,6,2023,15,HARYANA,MAHARASHTRA
18,07,6,2023,91,DELHI,ASSAM
32,07,6,2023,28,DELHI,KERALA
10,08,6,2023,2437,RAJASTHAN,BIHAR
20,08,6,2023,30,RAJASTHAN,JHARKHAND
05,09,6,2023,2,UTTAR PRADESH,UTTARAKHAND
07,09,6,2023,43,UTTAR PRADESH,DELHI
20,09,6,2023,2,UTTAR PRADESH,JHARKHAND
22,09,6,2023,2,UTTAR PRADESH,CHHATTISGARH
07,10,6,2023,454,BIHAR,DELHI
21,10,6,2023,9,BIHAR,ODISHA
18,14,6,2023,1,MANIPUR,ASSAM
14,15,6,2023,36,MIZORAM,MANIPUR
16,17,6,2023,2,MEGHALAYA,TRIPURA
07,19,6,2023,27,WEST BENGAL,DELHI
19,20,6,2023,1,JHARKHAND,WEST BENGAL
10,21,6,2023,1,ODISHA,BIHAR
27,22,6,2023,2,CHHATTISGARH,MAHARASHTRA
33,22,6,2023,4,CHHATTISGARH,TAMIL NADU
07,24,6,2023,19,GUJARAT,DELHI
08,24,6,2023,387,GUJARAT,RAJASTHAN
09,24,6,2023,3401,GUJARAT,UTTAR PRADESH
19,24,6,2023,7,GUJARAT,WEST BENGAL
05,27,6,2023,28,MAHARASHTRA,UTTARAKHAND
18,27,6,2023,21,MAHARASHTRA,ASSAM
08,29,6,2023,1,KARNATAKA,RAJASTHAN
16,29,6,2023,2,KARNATAKA,TRIPURA
19,29,6,2023,3,KARNATAKA,WEST BENGAL
24,29,6,2023,2,KARNATAKA,GUJARAT
18,30,6,2023,4,GOA,ASSAM
32,30,6,2023,1,GOA,KERALA
33,30,6,2023,11,GOA,TAMIL NADU
01,32,6,2023,1,KERALA,JAMMU AND KASHMIR
22,32,6,2023,4,KERALA,CHHATTISGARH
28,32,6,2023,1,KERALA,ANDHRA PRADESH
07,36,6,2023,2,TELANGANA,DELHI
19,36,6,2023,11,TELANGANA,WEST BENGAL
01,37,6,2023,17,LADAKH,JAMMU AND KASHMIR
09,37,6,2023,2,LADAKH,UTTAR PRADESH
23,37,6,2023,4,LADAKH,MADHYA PRADESH
05,01,7,2023,4,JAMMU AND KASHMIR,UTTARAKHAND
07,01,7,2023,4,JAMMU AND KASHMIR,DELHI
18,01,7,2023,2,JAMMU AND KASHMIR,ASSAM
22,01,7,2023,621,JAMMU AND KASHMIR,CHHATTISGARH
10,03,7,2023,477,PUNJAB,BIHAR
19,03,7,2023,2,PUNJAB,WEST BENGAL
09,04,7,2023,8,CHANDIGARH,UTTAR PRADESH
10,04,7,2023,15,CHANDIGARH,BIHAR
07,05,7,2023,78,UTTARAKHAND,DELHI
08,06,7,2023,835,HARYANA,RAJASTHAN
16,06,7,2023,1,HARYANA,TRIPURA
18,06,7,2023,12,HARYANA,ASSAM
20,06,7,2023,107,HARYANA,JHARKHAND
33,06,7,2023,4,HARYANA,TAMIL NADU
18,07,7,2023,101,DELHI,ASSAM
21,07,7,2023,286,DELHI,ODISHA
23,07,7,2023,14310,DELHI,MADHYA PRADESH
06,08,7,2023,116,RAJASTHAN,HARYANA
07,08,7,2023,102,RAJASTHAN,DELHI
18,08,7,2023,3,RAJASTHAN,ASSAM
20,08,7,2023,13,RAJASTHAN,JHARKHAND
24,08,7,2023,45,RAJASTHAN,GUJARAT
27,08,7,2023,26,RAJASTHAN,MAHARASHTRA
07,09,7,2023,61,UTTAR PRADESH,DELHI
10,09,7,2023,24,UTTAR PRADESH,BIHAR
22,09,7,2023,2,UTTAR PRADESH,CHHATTISGARH
23,09,7,2023,26,UTTAR PRADESH,MADHYA PRADESH
13,10,7,2023,1,BIHAR,NAGALAND
14,10,7,2023,2,BIHAR,MANIPUR
18,10,7,2023,27,BIHAR,ASSAM
19,10,7,2023,102,BIHAR,WEST BENGAL
23,10,7,2023,58,BIHAR,MADHYA PRADESH
27,10,7,2023,174,BIHAR,MAHARASHTRA
06,13,7,2023,1,NAGALAND,HARYANA
10,18,7,2023,1,ASSAM,BIHAR
09,19,7,2023,68,WEST BENGAL,UTTAR PRADESH
09,20,7,2023,50,JHARKHAND,UTTAR PRADESH
09,21,7,2023,1,ODISHA,UTTAR PRADESH
07,22,7,2023,1,CHHATTISGARH,DELHI
21,22,7,2023,4,CHHATTISGARH,ODISHA
23,22,7,2023,49,CHHATTISGARH,MADHYA PRADESH
09,23,7,2023,1406,MADHYA PRADESH,UTTAR PRADESH
10,23,7,2023,629,MADHYA PRADESH,BIHAR
22,23,7,2023,127,MADHYA PRADESH,CHHATTISGARH
27,23,7,2023,122,MADHYA PRADESH,MAHARASHTRA
29,23,7,2023,1,MADHYA PRADESH,KARNATAKA
32,23,7,2023,1,MADHYA PRADESH,KERALA
08,24,7,2023,484,GUJARAT,RAJASTHAN
08,27,7,2023,146,MAHARASHTRA,RAJASTHAN
09,27,7,2023,14539,MAHARASHTRA,UTTAR PRADESH
24,27,7,2023,138,MAHARASHTRA,GUJARAT
16,29,7,2023,3,KARNATAKA,TRIPURA
19,29,7,2023,1,KARNATAKA,WEST BENGAL
20,29,7,2023,5,KARNATAKA,JHARKHAND
23,29,7,2023,10,KARNATAKA,MADHYA PRADESH
05,30,7,2023,4,GOA,UTTARAKHAND
06,30,7,2023,2,GOA,HARYANA
09,30,7,2023,210,GOA,UTTAR PRADESH
08,32,7,2023,5,KERALA,RAJASTHAN
10,32,7,2023,431,KERALA,BIHAR
21,32,7,2023,16,KERALA,ODISHA
20,33,7,2023,1,TAMIL NADU,JHARKHAND
28,33,7,2023,9,TAMIL NADU,ANDHRA PRADESH
32,33,7,2023,12,TAMIL NADU,KERALA
01,36,7,2023,2,TELANGANA,JAMMU AND KASHMIR
05,36,7,2023,2,TELANGANA,UTTARAKHAND
16,36,7,2023,1,TELANGANA,TRIPURA
19,36,7,2023,12,TELANGANA,WEST BENGAL
22,36,7,2023,118,TELANGANA,CHHATTISGARH
05,01,8,2023,8,JAMMU AND KASHMIR,UTTARAKHAND
23,01,8,2023,678,JAMMU AND KASHMIR,MADHYA PRADESH
08,02,8,2023,5,HIMACHAL PRADESH,RAJASTHAN
09,02,8,2023,7279,HIMACHAL PRADESH,UTTAR PRADESH
19,02,8,2023,19,HIMACHAL PRADESH,WEST BENGAL
07,03,8,2023,6,PUNJAB,DELHI
07,05,8,2023,93,UTTARAKHAND,DELHI
01,06,8,2023,10,HARYANA,JAMMU AND KASHMIR
09,06,8,2023,27399,HARYANA,UTTAR PRADESH
10,06,8,2023,21128,HARYANA,BIHAR
18,06,8,2023,13,HARYANA,ASSAM
19,06,8,2023,146,HARYANA,WEST BENGAL
24,06,8,2023,20,HARYANA,GUJARAT
33,06,8,2023,15,HARYANA,TAMIL NADU
01,07,8,2023,56,DELHI,JAMMU AND KASHMIR
06,07,8,2023,1670,DELHI,HARYANA
18,07,8,2023,127,DELHI,ASSAM
27,07,8,2023,144,DELHI,MAHARASHTRA
02,08,8,2023,1,RAJASTHAN,HIMACHAL PRADESH
06,09,8,2023,8,UTTAR PRADESH,HARYANA
07,09,8,2023,59,UTTAR PRADESH,DELHI
06,10,8,2023,194,BIHAR,HARYANA
08,10,8,2023,26,BIHAR,RAJASTHAN
09,10,8,2023,657,BIHAR,UTTAR PRADESH
21,10,8,2023,28,BIHAR,ODISHA
28,10,8,2023,3,BIHAR,ANDHRA PRADESH
10,11,8,2023,69,SIKKIM,BIHAR
18,16,8,2023,8,TRIPURA,ASSAM
19,17,8,2023,1,MEGHALAYA,WEST BENGAL
10,19,8,2023,892,WEST BENGAL,BIHAR
22,19,8,2023,2,WEST BENGAL,CHHATTISGARH
07,20,8,2023,9,JHARKHAND,DELHI
09,20,8,2023,32,JHARKHAND,UTTAR PRADESH
10,20,8,2023,580,JHARKHAND,BIHAR
27,21,8,2023,1,ODISHA,MAHARASHTRA
07,22,8,2023,1,CHHATTISGARH,DELHI
05,23,8,2023,3,MADHYA PRADESH,UTTARAKHAND
09,23,8,2023,1881,MADHYA PRADESH,UTTAR PRADESH
29,23,8,2023,1,MADHYA PRADESH,KARNATAKA
28,24,8,2023,3,GUJARAT,ANDHRA PRADESH
29,24,8,2023,8,GUJARAT,KARNATAKA
32,24,8,2023,3,GUJARAT,KERALA
01,27,8,2023,1,MAHARASHTRA,JAMMU AND KASHMIR
07,27,8,2023,38,MAHARASHTRA,DELHI
08,27,8,2023,187,MAHARASHTRA,RAJASTHAN
19,27,8,2023,152,MAHARASHTRA,WEST BENGAL
23,27,8,2023,710,MAHARASHTRA,MADHYA PRADESH
05,29,8,2023,1,KARNATAKA,UTTARAKHAND
09,29,8,2023,99,KARNATAKA,UTTAR PRADESH
08,30,8,2023,5,GOA,RAJASTHAN
09,30,8,2023,239,GOA,UTTAR PRADESH
19,30,8,2023,8,GOA,WEST BENGAL
29,30,8,2023,136,GOA,KARNATAKA
32,30,8,2023,1,GOA,KERALA
09,32,8,2023,154,KERALA,UTTAR PRADESH
20,32,8,2023,10,KERALA,JHARKHAND
28,32,8,2023,10,KERALA,ANDHRA PRADESH
08,33,8,2023,3,TAMIL NADU,RAJASTHAN
10,33,8,2023,240,TAMIL NADU,BIHAR
27,33,8,2023,7,TAMIL NADU,MAHARASHTRA
32,33,8,2023,5,TAMIL NADU,KERALA
01,37,8,2023,9,LADAKH,JAMMU AND KASHMIR
22,37,8,2023,10,LADAKH,CHHATTISGARH
06,01,9,2023,12,JAMMU AND KASHMIR,HARYANA
18,01,9,2023,8,JAMMU AND KASHMIR,ASSAM
23,01,9,2023,682,JAMMU AND KASHMIR,MADHYA PRADESH
05,02,9,2023,37,HIMACHAL PRADESH,UTTARAKHAND
07,02,9,2023,22,HIMACHAL PRADESH,DELHI
08,02,9,2023,5,HIMACHAL PRADESH,RAJASTHAN
06,03,9,2023,9,PUNJAB,HARYANA
09,03,9,2023,417,PUNJAB,UTTAR PRADESH
08,05,9,2023,3,UTTARAKHAND,RAJASTHAN
23,05,9,2023,32,UTTARAKHAND,MADHYA PRADESH
22,06,9,2023,87,HARYANA,CHHATTISGARH
23,06,9,2023,5591,HARYANA,MADHYA PRADESH
08,07,9,2023,1825,DELHI,RAJASTHAN
22,07,9,2023,349,DELHI,CHHATTISGARH
28,07,9,2023,7,DELHI,ANDHRA PRADESH
32,07,9,2023,32,DELHI,KERALA
07,08,9,2023,100,RAJASTHAN,DELHI
07,10,9,2023,1161,BIHAR,DELHI
21,10,9,2023,31,BIHAR,ODISHA
23,10,9,2023,65,BIHAR,MADHYA PRADESH
32,10,9,2023,1,BIHAR,KERALA
09,11,9,2023,3,SIKKIM,UTTAR PRADESH
10,19,9,2023,386,WEST BENGAL,BIHAR
23,19,9,2023,3,WEST BENGAL,MADHYA PRADESH
28,20,9,2023,2,JHARKHAND,ANDHRA PRADESH
19,22,9,2023,1,CHHATTISGARH,WEST BENGAL
22,23,9,2023,122,MADHYA PRADESH,CHHATTISGARH
27,23,9,2023,127,MADHYA PRADESH,MAHARASHTRA
28,23,9,2023,1,MADHYA PRADESH,ANDHRA PRADESH
09,24,9,2023,4620,GUJARAT,UTTAR PRADESH
20,24,9,2023,15,GUJARAT,JHARKHAND
33,24,9,2023,1,GUJARAT,TAMIL NADU
01,27,9,2023,1,MAHARASHTRA,JAMMU AND KASHMIR
10,27,9,2023,11815,MAHARASHTRA,BIHAR
28,27,9,2023,25,MAHARASHTRA,ANDHRA PRADESH
06,29,9,2023,3,KARNATAKA,HARYANA
10,29,9,2023,401,KARNATAKA,BIHAR
16,29,9,2023,2,KARNATAKA,TRIPURA
19,29,9,2023,4,KARNATAKA,WEST BENGAL
22,29,9,2023,16,KARNATAKA,CHHATTISGARH
24,29,9,2023,2,KARNATAKA,GUJARAT
28,29,9,2023,46,KARNATAKA,ANDHRA PRADESH
08,30,9,2023,3,GOA,RAJASTHAN
10,30,9,2023,208,GOA,BIHAR
19,30,9,2023,6,GOA,WEST BENGAL
22,30,9,2023,11,GOA,CHHATTISGARH
29,30,9,2023,145,GOA,KARNATAKA
07,32,9,2023,10,KERALA,DELHI
16,32,9,2023,1,KERALA,TRIPURA
21,32,9,2023,13,KERALA,ODISHA
29,32,9,2023,195,KERALA,KARNATAKA
07,36,9,2023,6,TELANGANA,DELHI
19,36,9,2023,15,TELANGANA,WEST BENGAL
22,36,9,2023,124,TELANGANA,CHHATTISGARH
23,36,9,2023,150,TELANGANA,MADHYA PRADESH
29,36,9,2023,374,TELANGANA,KARNATAKA
33,36,9,2023,6,TELANGANA,TAMIL NADU
05,37,9,2023,2,LADAKH,UTTARAKHAND
09,37,9,2023,1,LADAKH,UTTAR PRADESH
27,37,9,2023,2,LADAKH,MAHARASHTRA
10,01,10,2023,785,JAMMU AND KASHMIR,BIHAR
33,01,10,2023,1,JAMMU AND KASHMIR,TAMIL NADU
05,02,10,2023,20,HIMACHAL PRADESH,UTTARAKHAND
07,02,10,2023,14,HIMACHAL PRADESH,DELHI
07,03,10,2023,2,PUNJAB,DELHI
09,03,10,2023,162,PUNJAB,UTTAR PRADESH
19,03,10,2023,1,PUNJAB,WEST BENGAL
06,05,10,2023,45,UTTARAKHAND,HARYANA
07,05,10,2023,95,UTTARAKHAND,DELHI
01,06,10,2023,8,HARYANA,JAMMU AND KASHMIR
08,06,10,2023,830,HARYANA,RAJASTHAN
21,06,10,2023,33,HARYANA,ODISHA
24,06,10,2023,21,HARYANA,GUJARAT
02,07,10,2023,32,DELHI,HIMACHAL PRADESH
10,07,10,2023,161549,DELHI,BIHAR
10,08,10,2023,2461,RAJASTHAN,BIHAR
27,08,10,2023,19,RAJASTHAN,MAHARASHTRA
29,08,10,2023,3,RAJASTHAN,KARNATAKA
10,09,10,2023,65,UTTAR PRADESH,BIHAR
23,09,10,2023,19,UTTAR PRADESH,MADHYA PRADESH
27,09,10,2023,51,UTTAR PRADESH,MAHARASHTRA
32,09,10,2023,2,UTTAR PRADESH,KERALA
05,10,10,2023,21,BIHAR,UTTARAKHAND
09,10,10,2023,958,BIHAR,UTTAR PRADESH
18,10,10,2023,67,BIHAR,ASSAM
29,10,10,2023,19,BIHAR,KARNATAKA
18,17,10,2023,5,MEGHALAYA,ASSAM
07,19,10,2023,23,WEST BENGAL,DELHI
10,21,10,2023,1,ODISHA,BIHAR
19,22,10,2023,2,CHHATTISGARH,WEST BENGAL
07,23,10,2023,69,MADHYA PRADESH,DELHI
10,24,10,2023,2483,GUJARAT,BIHAR
19,24,10,2023,7,GUJARAT,WEST BENGAL
32,24,10,2023,4,GUJARAT,KERALA
05,27,10,2023,30,MAHARASHTRA,UTTARAKHAND
07,27,10,2023,51,MAHARASHTRA,DELHI
08,27,10,2023,183,MAHARASHTRA,RAJASTHAN
24,27,10,2023,169,MAHARASHTRA,GUJARAT
33,27,10,2023,221,MAHARASHTRA,TAMIL NADU
18,30,10,2023,11,GOA,ASSAM
20,30,10,2023,4,GOA,JHARKHAND
27,30,10,2023,43,GOA,MAHARASHTRA
22,10,5,2022,39,BIHAR,CHHATTISGARH
09,11,5,2022,2,SIKKIM,UTTAR PRADESH
10,17,5,2022,5,MEGHALAYA,BIHAR
20,19,5,2022,1,WEST BENGAL,JHARKHAND
03,20,5,2022,1,JHARKHAND,PUNJAB
06,20,5,2022,3,JHARKHAND,HARYANA
29,20,5,2022,1,JHARKHAND,KARNATAKA
09,21,5,2022,2,ODISHA,UTTAR PRADESH
20,21,5,2022,3,ODISHA,JHARKHAND
06,22,5,2022,7,CHHATTISGARH,HARYANA
20,22,5,2022,14,CHHATTISGARH,JHARKHAND
23,22,5,2022,31,CHHATTISGARH,MADHYA PRADESH
07,23,5,2022,26,MADHYA PRADESH,DELHI
09,23,5,2022,1161,MADHYA PRADESH,UTTAR PRADESH
19,23,5,2022,1,MADHYA PRADESH,WEST BENGAL
06,24,5,2022,38,GUJARAT,HARYANA
07,24,5,2022,16,GUJARAT,DELHI
21,24,5,2022,220,GUJARAT,ODISHA
09,27,5,2022,8852,MAHARASHTRA,UTTAR PRADESH
19,27,5,2022,49,MAHARASHTRA,WEST BENGAL
21,27,5,2022,6,MAHARASHTRA,ODISHA
22,27,5,2022,8,MAHARASHTRA,CHHATTISGARH
28,27,5,2022,2,MAHARASHTRA,ANDHRA PRADESH
36,27,5,2022,3,MAHARASHTRA,TELANGANA
21,28,5,2022,9,ANDHRA PRADESH,ODISHA
05,29,5,2022,1,KARNATAKA,UTTARAKHAND
08,29,5,2022,2,KARNATAKA,RAJASTHAN
09,29,5,2022,179,KARNATAKA,UTTAR PRADESH
20,29,5,2022,13,KARNATAKA,JHARKHAND
27,29,5,2022,81,KARNATAKA,MAHARASHTRA
28,29,5,2022,27,KARNATAKA,ANDHRA PRADESH
06,30,5,2022,2,GOA,HARYANA
08,30,5,2022,2,GOA,RAJASTHAN
10,30,5,2022,111,GOA,BIHAR
29,30,5,2022,179,GOA,KARNATAKA
10,32,5,2022,213,KERALA,BIHAR
22,32,5,2022,1,KERALA,CHHATTISGARH
23,32,5,2022,29,KERALA,MADHYA PRADESH
28,32,5,2022,2,KERALA,ANDHRA PRADESH
30,32,5,2022,1,KERALA,GOA
33,32,5,2022,247,KERALA,TAMIL NADU
36,32,5,2022,2,KERALA,TELANGANA
32,33,5,2022,5,TAMIL NADU,KERALA
08,36,5,2022,2,TELANGANA,RAJASTHAN
22,36,5,2022,1,TELANGANA,CHHATTISGARH
23,36,5,2022,2,TELANGANA,MADHYA PRADESH
33,36,5,2022,1,TELANGANA,TAMIL NADU
05,01,6,2022,2,JAMMU AND KASHMIR,UTTARAKHAND
07,01,6,2022,1,JAMMU AND KASHMIR,DELHI
21,01,6,2022,4,JAMMU AND KASHMIR,ODISHA
05,02,6,2022,21,HIMACHAL PRADESH,UTTARAKHAND
21,02,6,2022,3,HIMACHAL PRADESH,ODISHA
10,03,6,2022,378,PUNJAB,BIHAR
19,03,6,2022,1,PUNJAB,WEST BENGAL
23,03,6,2022,1,PUNJAB,MADHYA PRADESH
07,05,6,2022,31,UTTARAKHAND,DELHI
02,06,6,2022,4,HARYANA,HIMACHAL PRADESH
07,06,6,2022,363,HARYANA,DELHI
20,06,6,2022,189,HARYANA,JHARKHAND
21,06,6,2022,33,HARYANA,ODISHA
22,06,6,2022,34,HARYANA,CHHATTISGARH
23,06,6,2022,1574,HARYANA,MADHYA PRADESH
27,06,6,2022,24,HARYANA,MAHARASHTRA
02,07,6,2022,53,DELHI,HIMACHAL PRADESH
03,07,6,2022,14,DELHI,PUNJAB
18,07,6,2022,22,DELHI,ASSAM
23,07,6,2022,6577,DELHI,MADHYA PRADESH
27,07,6,2022,69,DELHI,MAHARASHTRA
28,07,6,2022,1,DELHI,ANDHRA PRADESH
36,07,6,2022,1,DELHI,TELANGANA
20,08,6,2022,9,RAJASTHAN,JHARKHAND
22,08,6,2022,7,RAJASTHAN,CHHATTISGARH
36,08,6,2022,2,RAJASTHAN,TELANGANA
03,10,6,2022,13,BIHAR,PUNJAB
05,10,6,2022,12,BIHAR,UTTARAKHAND
19,10,6,2022,64,BIHAR,WEST BENGAL
29,10,6,2022,13,BIHAR,KARNATAKA
20,19,6,2022,1,WEST BENGAL,JHARKHAND
07,21,6,2022,1,ODISHA,DELHI
20,22,6,2022,19,CHHATTISGARH,JHARKHAND
10,23,6,2022,427,MADHYA PRADESH,BIHAR
24,23,6,2022,15,MADHYA PRADESH,GUJARAT
06,24,6,2022,34,GUJARAT,HARYANA
10,27,6,2022,3398,MAHARASHTRA,BIHAR
24,27,6,2022,66,MAHARASHTRA,GUJARAT
08,28,6,2022,2,ANDHRA PRADESH,RAJASTHAN
10,28,6,2022,6,ANDHRA PRADESH,BIHAR
22,28,6,2022,4,ANDHRA PRADESH,CHHATTISGARH
01,29,6,2022,1,KARNATAKA,JAMMU AND KASHMIR
06,29,6,2022,1,KARNATAKA,HARYANA
30,29,6,2022,4,KARNATAKA,GOA
20,30,6,2022,8,GOA,JHARKHAND
33,30,6,2022,1,GOA,TAMIL NADU
36,30,6,2022,1,GOA,TELANGANA
01,32,6,2022,1,KERALA,JAMMU AND KASHMIR
22,32,6,2022,1,KERALA,CHHATTISGARH
36,32,6,2022,2,KERALA,TELANGANA
07,33,6,2022,4,TAMIL NADU,DELHI
20,33,6,2022,45,TAMIL NADU,JHARKHAND
27,33,6,2022,3,TAMIL NADU,MAHARASHTRA
32,35,6,2022,3,ANDAMAN AND NICOBAR ISLANDS,KERALA
33,35,6,2022,2,ANDAMAN AND NICOBAR ISLANDS,TAMIL NADU
06,01,7,2022,1,JAMMU AND KASHMIR,HARYANA
08,02,7,2022,6,HIMACHAL PRADESH,RAJASTHAN
09,02,7,2022,2896,HIMACHAL PRADESH,UTTAR PRADESH
10,02,7,2022,1213,HIMACHAL PRADESH,BIHAR
06,03,7,2022,9,PUNJAB,HARYANA
23,03,7,2022,9,PUNJAB,MADHYA PRADESH
02,05,7,2022,2,UTTARAKHAND,HIMACHAL PRADESH
10,06,7,2022,6199,HARYANA,BIHAR
01,07,7,2022,20,DELHI,JAMMU AND KASHMIR
05,07,7,2022,2489,DELHI,UTTARAKHAND
16,07,7,2022,1,DELHI,TRIPURA
18,07,7,2022,6,DELHI,ASSAM
21,07,7,2022,334,DELHI,ODISHA
06,08,7,2022,170,RAJASTHAN,HARYANA
07,08,7,2022,5,RAJASTHAN,DELHI
10,08,7,2022,874,RAJASTHAN,BIHAR
19,08,7,2022,7,RAJASTHAN,WEST BENGAL
24,08,7,2022,26,RAJASTHAN,GUJARAT
27,08,7,2022,7,RAJASTHAN,MAHARASHTRA
22,09,7,2022,3,UTTAR PRADESH,CHHATTISGARH
27,09,7,2022,1,UTTAR PRADESH,MAHARASHTRA
09,10,7,2022,222,BIHAR,UTTAR PRADESH
19,10,7,2022,68,BIHAR,WEST BENGAL
29,10,7,2022,23,BIHAR,KARNATAKA
18,13,7,2022,2,NAGALAND,ASSAM
19,16,7,2022,1,TRIPURA,WEST BENGAL
23,19,7,2022,3,WEST BENGAL,MADHYA PRADESH
06,20,7,2022,3,JHARKHAND,HARYANA
08,21,7,2022,1,ODISHA,RAJASTHAN
20,21,7,2022,4,ODISHA,JHARKHAND
36,21,7,2022,1,ODISHA,TELANGANA
06,22,7,2022,4,CHHATTISGARH,HARYANA
02,23,7,2022,1,MADHYA PRADESH,HIMACHAL PRADESH
07,23,7,2022,2,MADHYA PRADESH,DELHI
05,24,7,2022,9,GUJARAT,UTTARAKHAND
06,24,7,2022,41,GUJARAT,HARYANA
09,27,7,2022,1568,MAHARASHTRA,UTTAR PRADESH
19,27,7,2022,6,MAHARASHTRA,WEST BENGAL
20,27,7,2022,2,MAHARASHTRA,JHARKHAND
24,27,7,2022,23,MAHARASHTRA,GUJARAT
36,27,7,2022,1,MAHARASHTRA,TELANGANA
09,29,7,2022,165,KARNATAKA,UTTAR PRADESH
24,29,7,2022,5,KARNATAKA,GUJARAT
28,29,7,2022,40,KARNATAKA,ANDHRA PRADESH
20,30,7,2022,8,GOA,JHARKHAND
21,30,7,2022,4,GOA,ODISHA
28,30,7,2022,1,GOA,ANDHRA PRADESH
09,32,7,2022,82,KERALA,UTTAR PRADESH
10,32,7,2022,204,KERALA,BIHAR
19,32,7,2022,18,KERALA,WEST BENGAL
28,32,7,2022,6,KERALA,ANDHRA PRADESH
27,33,7,2022,11,TAMIL NADU,MAHARASHTRA
10,35,7,2022,9,ANDAMAN AND NICOBAR ISLANDS,BIHAR
19,35,7,2022,6,ANDAMAN AND NICOBAR ISLANDS,WEST BENGAL
27,36,7,2022,71,TELANGANA,MAHARASHTRA
29,36,7,2022,94,TELANGANA,KARNATAKA
22,37,7,2022,10,LADAKH,CHHATTISGARH
22,01,8,2022,357,JAMMU AND KASHMIR,CHHATTISGARH
06,02,8,2022,38,HIMACHAL PRADESH,HARYANA
19,02,8,2022,5,HIMACHAL PRADESH,WEST BENGAL
20,02,8,2022,30,HIMACHAL PRADESH,JHARKHAND
21,02,8,2022,4,HIMACHAL PRADESH,ODISHA
22,05,8,2022,4,UTTARAKHAND,CHHATTISGARH
19,06,8,2022,150,HARYANA,WEST BENGAL
21,06,8,2022,36,HARYANA,ODISHA
01,07,8,2022,19,DELHI,JAMMU AND KASHMIR
19,07,8,2022,878,DELHI,WEST BENGAL
19,08,8,2022,15,RAJASTHAN,WEST BENGAL
23,08,8,2022,592,RAJASTHAN,MADHYA PRADESH
24,08,8,2022,28,RAJASTHAN,GUJARAT
08,10,8,2022,35,BIHAR,RAJASTHAN
24,10,8,2022,26,BIHAR,GUJARAT
10,11,8,2022,47,SIKKIM,BIHAR
10,12,8,2022,2,ARUNACHAL PRADESH,BIHAR
10,18,8,2022,13,ASSAM,BIHAR
23,21,8,2022,3,ODISHA,MADHYA PRADESH
24,21,8,2022,2,ODISHA,GUJARAT
20,23,8,2022,52,MADHYA PRADESH,JHARKHAND
21,23,8,2022,7,MADHYA PRADESH,ODISHA
29,23,8,2022,2,MADHYA PRADESH,KARNATAKA
05,24,8,2022,2,GUJARAT,UTTARAKHAND
22,24,8,2022,41,GUJARAT,CHHATTISGARH
22,27,8,2022,7,MAHARASHTRA,CHHATTISGARH
29,27,8,2022,68,MAHARASHTRA,KARNATAKA
08,28,8,2022,2,ANDHRA PRADESH,RAJASTHAN
36,28,8,2022,12,ANDHRA PRADESH,TELANGANA
05,29,8,2022,1,KARNATAKA,UTTARAKHAND
08,29,8,2022,4,KARNATAKA,RAJASTHAN
09,29,8,2022,177,KARNATAKA,UTTAR PRADESH
24,29,8,2022,5,KARNATAKA,GUJARAT
30,29,8,2022,4,KARNATAKA,GOA
09,07,12,2022,97187,DELHI,UTTAR PRADESH
20,07,12,2022,2724,DELHI,JHARKHAND
36,07,12,2022,1,DELHI,TELANGANA
20,08,12,2022,19,RAJASTHAN,JHARKHAND
22,08,12,2022,37,RAJASTHAN,CHHATTISGARH
24,08,12,2022,34,RAJASTHAN,GUJARAT
05,10,12,2022,4,BIHAR,UTTARAKHAND
08,10,12,2022,27,BIHAR,RAJASTHAN
36,10,12,2022,8,BIHAR,TELANGANA
10,17,12,2022,6,MEGHALAYA,BIHAR
16,17,12,2022,2,MEGHALAYA,TRIPURA
16,19,12,2022,1,WEST BENGAL,TRIPURA
21,19,12,2022,5,WEST BENGAL,ODISHA
24,19,12,2022,1,WEST BENGAL,GUJARAT
36,19,12,2022,2,WEST BENGAL,TELANGANA
09,20,12,2022,23,JHARKHAND,UTTAR PRADESH
27,20,12,2022,7,JHARKHAND,MAHARASHTRA
10,21,12,2022,11,ODISHA,BIHAR
09,22,12,2022,90,CHHATTISGARH,UTTAR PRADESH
21,22,12,2022,17,CHHATTISGARH,ODISHA
33,22,12,2022,5,CHHATTISGARH,TAMIL NADU
09,23,12,2022,884,MADHYA PRADESH,UTTAR PRADESH
22,23,12,2022,158,MADHYA PRADESH,CHHATTISGARH
01,24,12,2022,1,GUJARAT,JAMMU AND KASHMIR
08,24,12,2022,470,GUJARAT,RAJASTHAN
22,24,12,2022,444,GUJARAT,CHHATTISGARH
05,27,12,2022,12,MAHARASHTRA,UTTARAKHAND
08,27,12,2022,208,MAHARASHTRA,RAJASTHAN
29,27,12,2022,319,MAHARASHTRA,KARNATAKA
30,27,12,2022,3,MAHARASHTRA,GOA
32,27,12,2022,20,MAHARASHTRA,KERALA
29,28,12,2022,8,ANDHRA PRADESH,KARNATAKA
06,29,12,2022,1,KARNATAKA,HARYANA
19,29,12,2022,6,KARNATAKA,WEST BENGAL
32,30,12,2022,2,GOA,KERALA
33,30,12,2022,7,GOA,TAMIL NADU
36,30,12,2022,1,GOA,TELANGANA
16,32,12,2022,2,KERALA,TRIPURA
19,32,12,2022,23,KERALA,WEST BENGAL
24,32,12,2022,4,KERALA,GUJARAT
28,32,12,2022,8,KERALA,ANDHRA PRADESH
30,32,12,2022,3,KERALA,GOA
33,32,12,2022,203,KERALA,TAMIL NADU
01,33,12,2022,2,TAMIL NADU,JAMMU AND KASHMIR
08,33,12,2022,1,TAMIL NADU,RAJASTHAN
10,33,12,2022,433,TAMIL NADU,BIHAR
16,33,12,2022,1,TAMIL NADU,TRIPURA
36,33,12,2022,1,TAMIL NADU,TELANGANA
08,34,12,2022,3,PUDUCHERRY,RAJASTHAN
33,35,12,2022,4,ANDAMAN AND NICOBAR ISLANDS,TAMIL NADU
33,36,12,2022,8,TELANGANA,TAMIL NADU
05,02,1,2023,4,HIMACHAL PRADESH,UTTARAKHAND
09,02,1,2023,3766,HIMACHAL PRADESH,UTTAR PRADESH
10,02,1,2023,1594,HIMACHAL PRADESH,BIHAR
21,02,1,2023,1,HIMACHAL PRADESH,ODISHA
07,05,1,2023,49,UTTARAKHAND,DELHI
33,05,1,2023,1,UTTARAKHAND,TAMIL NADU
01,06,1,2023,14,HARYANA,JAMMU AND KASHMIR
08,06,1,2023,452,HARYANA,RAJASTHAN
10,06,1,2023,16394,HARYANA,BIHAR
21,06,1,2023,3,HARYANA,ODISHA
23,06,1,2023,2487,HARYANA,MADHYA PRADESH
06,07,1,2023,39,DELHI,HARYANA
09,07,1,2023,86706,DELHI,UTTAR PRADESH
29,07,1,2023,12,DELHI,KARNATAKA
32,07,1,2023,19,DELHI,KERALA
01,08,1,2023,2,RAJASTHAN,JAMMU AND KASHMIR
36,08,1,2023,1,RAJASTHAN,TELANGANA
06,11,1,2023,4,SIKKIM,HARYANA
18,16,1,2023,12,TRIPURA,ASSAM
20,16,1,2023,48,TRIPURA,JHARKHAND
07,19,1,2023,19,WEST BENGAL,DELHI
21,20,1,2023,1,JHARKHAND,ODISHA
10,22,1,2023,126,CHHATTISGARH,BIHAR
19,22,1,2023,2,CHHATTISGARH,WEST BENGAL
23,22,1,2023,135,CHHATTISGARH,MADHYA PRADESH
28,22,1,2023,3,CHHATTISGARH,ANDHRA PRADESH
20,23,1,2023,55,MADHYA PRADESH,JHARKHAND
24,23,1,2023,14,MADHYA PRADESH,GUJARAT
18,24,1,2023,1,GUJARAT,ASSAM
28,24,1,2023,1,GUJARAT,ANDHRA PRADESH
05,27,1,2023,8,MAHARASHTRA,UTTARAKHAND
07,27,1,2023,23,MAHARASHTRA,DELHI
10,27,1,2023,9041,MAHARASHTRA,BIHAR
22,27,1,2023,57,MAHARASHTRA,CHHATTISGARH
29,27,1,2023,202,MAHARASHTRA,KARNATAKA
01,29,1,2023,1,KARNATAKA,JAMMU AND KASHMIR
10,29,1,2023,37,KARNATAKA,BIHAR
20,29,1,2023,1,KARNATAKA,JHARKHAND
09,30,1,2023,116,GOA,UTTAR PRADESH
10,30,1,2023,132,GOA,BIHAR
18,30,1,2023,2,GOA,ASSAM
20,30,1,2023,4,GOA,JHARKHAND
01,32,1,2023,5,KERALA,JAMMU AND KASHMIR
07,32,1,2023,1,KERALA,DELHI
24,32,1,2023,3,KERALA,GUJARAT
22,33,1,2023,7,TAMIL NADU,CHHATTISGARH
07,36,1,2023,2,TELANGANA,DELHI
29,36,1,2023,234,TELANGANA,KARNATAKA
20,01,2,2023,10,JAMMU AND KASHMIR,JHARKHAND
05,02,2,2023,23,HIMACHAL PRADESH,UTTARAKHAND
09,02,2,2023,4195,HIMACHAL PRADESH,UTTAR PRADESH
22,02,2,2023,17,HIMACHAL PRADESH,CHHATTISGARH
07,05,2,2023,55,UTTARAKHAND,DELHI
27,05,2,2023,2,UTTARAKHAND,MAHARASHTRA
02,06,2,2023,5,HARYANA,HIMACHAL PRADESH
09,06,2,2023,16169,HARYANA,UTTAR PRADESH
22,06,2,2023,77,HARYANA,CHHATTISGARH
10,07,2,2023,109830,DELHI,BIHAR
27,07,2,2023,81,DELHI,MAHARASHTRA
36,07,2,2023,1,DELHI,TELANGANA
19,08,2,2023,11,RAJASTHAN,WEST BENGAL
23,08,2,2023,1389,RAJASTHAN,MADHYA PRADESH
10,09,2,2023,18,UTTAR PRADESH,BIHAR
09,10,2,2023,575,BIHAR,UTTAR PRADESH
06,11,2,2023,4,SIKKIM,HARYANA
09,11,2,2023,1,SIKKIM,UTTAR PRADESH
08,16,2,2023,1,TRIPURA,RAJASTHAN
10,17,2,2023,5,MEGHALAYA,BIHAR
07,19,2,2023,19,WEST BENGAL,DELHI
09,19,2,2023,17,WEST BENGAL,UTTAR PRADESH
27,19,2,2023,3,WEST BENGAL,MAHARASHTRA
27,20,2,2023,7,JHARKHAND,MAHARASHTRA
29,20,2,2023,1,JHARKHAND,KARNATAKA
09,22,2,2023,46,CHHATTISGARH,UTTAR PRADESH
28,27,2,2023,1,MAHARASHTRA,ANDHRA PRADESH
33,27,2,2023,122,MAHARASHTRA,TAMIL NADU
10,28,2,2023,3,ANDHRA PRADESH,BIHAR
01,29,2,2023,3,KARNATAKA,JAMMU AND KASHMIR
24,29,2,2023,3,KARNATAKA,GUJARAT
28,29,2,2023,53,KARNATAKA,ANDHRA PRADESH
06,30,2,2023,2,GOA,HARYANA
18,30,2,2023,3,GOA,ASSAM
20,30,2,2023,5,GOA,JHARKHAND
22,30,2,2023,5,GOA,CHHATTISGARH
22,32,2,2023,1,KERALA,CHHATTISGARH
20,33,2,2023,19,TAMIL NADU,JHARKHAND
23,33,2,2023,3,TAMIL NADU,MADHYA PRADESH
19,35,2,2023,1,ANDAMAN AND NICOBAR ISLANDS,WEST BENGAL
33,35,2,2023,7,ANDAMAN AND NICOBAR ISLANDS,TAMIL NADU
06,36,2,2023,1,TELANGANA,HARYANA
28,36,2,2023,401,TELANGANA,ANDHRA PRADESH
29,36,2,2023,280,TELANGANA,KARNATAKA
05,01,3,2023,3,JAMMU AND KASHMIR,UTTARAKHAND
10,01,3,2023,412,JAMMU AND KASHMIR,BIHAR
10,02,3,2023,1559,HIMACHAL PRADESH,BIHAR
02,03,3,2023,1,PUNJAB,HIMACHAL PRADESH
05,03,3,2023,1,PUNJAB,UTTARAKHAND
07,03,3,2023,1,PUNJAB,DELHI
01,05,3,2023,3,UTTARAKHAND,JAMMU AND KASHMIR
22,05,3,2023,8,UTTARAKHAND,CHHATTISGARH
24,05,3,2023,1,UTTARAKHAND,GUJARAT
18,06,3,2023,6,HARYANA,ASSAM
19,06,3,2023,104,HARYANA,WEST BENGAL
20,06,3,2023,308,HARYANA,JHARKHAND
05,07,3,2023,3448,DELHI,UTTARAKHAND
20,07,3,2023,2284,DELHI,JHARKHAND
27,07,3,2023,104,DELHI,MAHARASHTRA
18,08,3,2023,4,RAJASTHAN,ASSAM
20,08,3,2023,24,RAJASTHAN,JHARKHAND
23,08,3,2023,1421,RAJASTHAN,MADHYA PRADESH
27,08,3,2023,13,RAJASTHAN,MAHARASHTRA
10,09,3,2023,34,UTTAR PRADESH,BIHAR
23,09,3,2023,8,UTTAR PRADESH,MADHYA PRADESH
20,10,3,2023,831,BIHAR,JHARKHAND
27,10,3,2023,181,BIHAR,MAHARASHTRA
36,10,3,2023,3,BIHAR,TELANGANA
08,16,3,2023,1,TRIPURA,RAJASTHAN
16,17,3,2023,2,MEGHALAYA,TRIPURA
18,19,3,2023,8,WEST BENGAL,ASSAM
33,19,3,2023,2,WEST BENGAL,TAMIL NADU
27,20,3,2023,7,JHARKHAND,MAHARASHTRA
24,21,3,2023,1,ODISHA,GUJARAT
10,22,3,2023,53,CHHATTISGARH,BIHAR
27,22,3,2023,4,CHHATTISGARH,MAHARASHTRA
05,23,3,2023,1,MADHYA PRADESH,UTTARAKHAND
10,23,3,2023,446,MADHYA PRADESH,BIHAR
29,23,3,2023,1,MADHYA PRADESH,KARNATAKA
16,24,3,2023,1,GUJARAT,TRIPURA
21,24,3,2023,134,GUJARAT,ODISHA
23,24,3,2023,1449,GUJARAT,MADHYA PRADESH
08,27,3,2023,70,MAHARASHTRA,RAJASTHAN
28,27,3,2023,15,MAHARASHTRA,ANDHRA PRADESH
29,27,3,2023,130,MAHARASHTRA,KARNATAKA
10,29,3,2023,419,KARNATAKA,BIHAR
22,29,3,2023,15,KARNATAKA,CHHATTISGARH
23,29,3,2023,9,KARNATAKA,MADHYA PRADESH
24,29,3,2023,2,KARNATAKA,GUJARAT
29,30,3,2023,143,GOA,KARNATAKA
07,32,1,2024,9,KERALA,DELHI
10,32,1,2024,549,KERALA,BIHAR
20,32,1,2024,66,KERALA,JHARKHAND
29,32,1,2024,233,KERALA,KARNATAKA
33,32,1,2024,173,KERALA,TAMIL NADU
09,33,1,2024,18,TAMIL NADU,UTTAR PRADESH
23,33,1,2024,2,TAMIL NADU,MADHYA PRADESH
18,36,1,2024,15,TELANGANA,ASSAM
01,37,1,2024,1,LADAKH,JAMMU AND KASHMIR
01,38,1,2024,1,Dadar & Nagar Haveli & Daman & Diu,JAMMU AND KASHMIR
21,38,1,2024,10,Dadar & Nagar Haveli & Daman & Diu,ODISHA
23,38,1,2024,723,Dadar & Nagar Haveli & Daman & Diu,MADHYA PRADESH
27,38,1,2024,501,Dadar & Nagar Haveli & Daman & Diu,MAHARASHTRA
18,01,2,2024,1,JAMMU AND KASHMIR,ASSAM
23,01,2,2024,1003,JAMMU AND KASHMIR,MADHYA PRADESH
10,02,2,2024,2291,HIMACHAL PRADESH,BIHAR
27,02,2,2024,2,HIMACHAL PRADESH,MAHARASHTRA
01,05,2,2024,1,UTTARAKHAND,JAMMU AND KASHMIR
09,05,2,2024,8567,UTTARAKHAND,UTTAR PRADESH
01,06,2,2024,13,HARYANA,JAMMU AND KASHMIR
07,06,2,2024,580,HARYANA,DELHI
19,06,2,2024,152,HARYANA,WEST BENGAL
21,06,2,2024,18,HARYANA,ODISHA
22,06,2,2024,124,HARYANA,CHHATTISGARH
28,06,2,2024,1,HARYANA,ANDHRA PRADESH
01,07,2,2024,297,DELHI,JAMMU AND KASHMIR
02,07,2,2024,84,DELHI,HIMACHAL PRADESH
05,07,2,2024,5547,DELHI,UTTARAKHAND
08,07,2,2024,2360,DELHI,RAJASTHAN
22,07,2,2024,404,DELHI,CHHATTISGARH
23,07,2,2024,17331,DELHI,MADHYA PRADESH
24,07,2,2024,162,DELHI,GUJARAT
27,07,2,2024,175,DELHI,MAHARASHTRA
01,08,2,2024,4,RAJASTHAN,JAMMU AND KASHMIR
24,08,2,2024,76,RAJASTHAN,GUJARAT
10,09,2,2024,104,UTTAR PRADESH,BIHAR
01,10,2,2024,4,BIHAR,JAMMU AND KASHMIR
33,10,2,2024,28,BIHAR,TAMIL NADU
38,10,2,2024,3,BIHAR,Dadar & Nagar Haveli & Daman & Diu
19,11,2,2024,1,SIKKIM,WEST BENGAL
23,11,2,2024,1,SIKKIM,MADHYA PRADESH
13,16,2,2024,1,TRIPURA,NAGALAND
10,18,2,2024,29,ASSAM,BIHAR
06,19,2,2024,3,WEST BENGAL,HARYANA
21,19,2,2024,4,WEST BENGAL,ODISHA
33,19,2,2024,2,WEST BENGAL,TAMIL NADU
09,20,2,2024,67,JHARKHAND,UTTAR PRADESH
28,22,2,2024,2,CHHATTISGARH,ANDHRA PRADESH
09,23,2,2024,1429,MADHYA PRADESH,UTTAR PRADESH
10,23,2,2024,923,MADHYA PRADESH,BIHAR
13,23,2,2024,1,MADHYA PRADESH,NAGALAND
22,23,2,2024,265,MADHYA PRADESH,CHHATTISGARH
27,23,2,2024,156,MADHYA PRADESH,MAHARASHTRA
29,23,2,2024,4,MADHYA PRADESH,KARNATAKA
23,24,2,2024,3464,GUJARAT,MADHYA PRADESH
18,27,2,2024,46,MAHARASHTRA,ASSAM
21,27,2,2024,17,MAHARASHTRA,ODISHA
06,29,2,2024,3,KARNATAKA,HARYANA
09,29,2,2024,88,KARNATAKA,UTTAR PRADESH
20,29,2,2024,17,KARNATAKA,JHARKHAND
22,29,2,2024,6,KARNATAKA,CHHATTISGARH
24,29,2,2024,1,KARNATAKA,GUJARAT
27,29,2,2024,42,KARNATAKA,MAHARASHTRA
32,29,2,2024,12,KARNATAKA,KERALA
05,30,2,2024,3,GOA,UTTARAKHAND
06,30,2,2024,3,GOA,HARYANA
23,30,2,2024,56,GOA,MADHYA PRADESH
29,30,2,2024,298,GOA,KARNATAKA
18,32,2,2024,154,KERALA,ASSAM
19,32,2,2024,92,KERALA,WEST BENGAL
22,32,2,2024,16,KERALA,CHHATTISGARH
23,32,2,2024,278,KERALA,MADHYA PRADESH
27,32,2,2024,74,KERALA,MAHARASHTRA
29,33,2,2024,2,TAMIL NADU,KARNATAKA
32,33,2,2024,4,TAMIL NADU,KERALA
32,35,2,2024,1,ANDAMAN AND NICOBAR ISLANDS,KERALA
23,36,2,2024,217,TELANGANA,MADHYA PRADESH
24,36,2,2024,4,TELANGANA,GUJARAT
32,36,2,2024,4,TELANGANA,KERALA
33,36,2,2024,6,TELANGANA,TAMIL NADU
08,37,2,2024,2,LADAKH,RAJASTHAN
08,38,2,2024,33,Dadar & Nagar Haveli & Daman & Diu,RAJASTHAN
18,38,2,2024,13,Dadar & Nagar Haveli & Daman & Diu,ASSAM
20,38,2,2024,143,Dadar & Nagar Haveli & Daman & Diu,JHARKHAND
22,38,2,2024,24,Dadar & Nagar Haveli & Daman & Diu,CHHATTISGARH
09,01,3,2024,1231,JAMMU AND KASHMIR,UTTAR PRADESH
19,01,3,2024,4,JAMMU AND KASHMIR,WEST BENGAL
20,01,3,2024,20,JAMMU AND KASHMIR,JHARKHAND
22,01,3,2024,389,JAMMU AND KASHMIR,CHHATTISGARH
24,01,3,2024,1,JAMMU AND KASHMIR,GUJARAT
01,02,3,2024,2,HIMACHAL PRADESH,JAMMU AND KASHMIR
07,02,3,2024,24,HIMACHAL PRADESH,DELHI
10,02,3,2024,2399,HIMACHAL PRADESH,BIHAR
22,02,3,2024,11,HIMACHAL PRADESH,CHHATTISGARH
01,03,3,2024,1,PUNJAB,JAMMU AND KASHMIR
09,03,3,2024,25,PUNJAB,UTTAR PRADESH
22,05,3,2024,15,UTTARAKHAND,CHHATTISGARH
24,05,3,2024,3,UTTARAKHAND,GUJARAT
07,06,3,2024,624,HARYANA,DELHI
18,06,3,2024,3,HARYANA,ASSAM
32,06,3,2024,1,HARYANA,KERALA
36,06,3,2024,1,HARYANA,TELANGANA
19,07,3,2024,1841,DELHI,WEST BENGAL
20,07,3,2024,2775,DELHI,JHARKHAND
21,07,3,2024,248,DELHI,ODISHA
27,07,3,2024,173,DELHI,MAHARASHTRA
27,08,3,2024,35,RAJASTHAN,MAHARASHTRA
20,09,3,2024,8,UTTAR PRADESH,JHARKHAND
27,09,3,2024,46,UTTAR PRADESH,MAHARASHTRA
23,11,3,2024,2,SIKKIM,MADHYA PRADESH
19,16,3,2024,8,TRIPURA,WEST BENGAL
19,17,3,2024,1,MEGHALAYA,WEST BENGAL
10,18,3,2024,36,ASSAM,BIHAR
09,19,3,2024,144,WEST BENGAL,UTTAR PRADESH
20,19,3,2024,52,WEST BENGAL,JHARKHAND
23,19,3,2024,5,WEST BENGAL,MADHYA PRADESH
05,22,3,2024,1,CHHATTISGARH,UTTARAKHAND
23,22,3,2024,123,CHHATTISGARH,MADHYA PRADESH
08,23,3,2024,181,MADHYA PRADESH,RAJASTHAN
10,23,3,2024,986,MADHYA PRADESH,BIHAR
21,23,3,2024,1,MADHYA PRADESH,ODISHA
27,23,3,2024,172,MADHYA PRADESH,MAHARASHTRA
07,24,3,2024,67,GUJARAT,DELHI
21,24,3,2024,10,GUJARAT,ODISHA
23,24,3,2024,2808,GUJARAT,MADHYA PRADESH
32,24,3,2024,14,GUJARAT,KERALA
06,27,3,2024,223,MAHARASHTRA,HARYANA
09,27,3,2024,29935,MAHARASHTRA,UTTAR PRADESH
18,27,3,2024,2,MAHARASHTRA,ASSAM
22,27,3,2024,133,MAHARASHTRA,CHHATTISGARH
24,27,3,2024,285,MAHARASHTRA,GUJARAT
06,29,3,2024,7,KARNATAKA,HARYANA
32,29,3,2024,11,KARNATAKA,KERALA
08,30,3,2024,7,GOA,RAJASTHAN
09,30,3,2024,466,GOA,UTTAR PRADESH
10,30,3,2024,424,GOA,BIHAR
22,30,3,2024,22,GOA,CHHATTISGARH
01,32,3,2024,3,KERALA,JAMMU AND KASHMIR
22,32,3,2024,6,KERALA,CHHATTISGARH
08,33,3,2024,1,TAMIL NADU,RAJASTHAN
09,33,3,2024,15,TAMIL NADU,UTTAR PRADESH
20,33,3,2024,3,TAMIL NADU,JHARKHAND
27,33,3,2024,3,TAMIL NADU,MAHARASHTRA
19,35,3,2024,10,ANDAMAN AND NICOBAR ISLANDS,WEST BENGAL
20,35,3,2024,2,ANDAMAN AND NICOBAR ISLANDS,JHARKHAND
32,35,3,2024,1,ANDAMAN AND NICOBAR ISLANDS,KERALA
01,36,3,2024,1,TELANGANA,JAMMU AND KASHMIR
23,36,3,2024,218,TELANGANA,MADHYA PRADESH
24,36,3,2024,8,TELANGANA,GUJARAT
27,36,3,2024,1054,TELANGANA,MAHARASHTRA
29,36,3,2024,631,TELANGANA,KARNATAKA
01,38,3,2024,1,Dadar & Nagar Haveli & Daman & Diu,JAMMU AND KASHMIR
09,38,3,2024,2407,Dadar & Nagar Haveli & Daman & Diu,UTTAR PRADESH
20,01,4,2024,20,JAMMU AND KASHMIR,JHARKHAND
33,01,4,2024,1,JAMMU AND KASHMIR,TAMIL NADU
05,02,4,2024,38,HIMACHAL PRADESH,UTTARAKHAND
07,02,4,2024,23,HIMACHAL PRADESH,DELHI
08,02,4,2024,1,HIMACHAL PRADESH,RAJASTHAN
19,02,4,2024,14,HIMACHAL PRADESH,WEST BENGAL
20,02,4,2024,44,HIMACHAL PRADESH,JHARKHAND
27,02,4,2024,3,HIMACHAL PRADESH,MAHARASHTRA
06,04,4,2024,1,CHANDIGARH,HARYANA
09,04,4,2024,34,CHANDIGARH,UTTAR PRADESH
18,05,4,2024,1,UTTARAKHAND,ASSAM
02,06,4,2024,5,HARYANA,HIMACHAL PRADESH
07,06,4,2024,655,HARYANA,DELHI
20,06,4,2024,207,HARYANA,JHARKHAND
22,06,4,2024,129,HARYANA,CHHATTISGARH
24,06,4,2024,19,HARYANA,GUJARAT
29,06,4,2024,2,HARYANA,KARNATAKA
13,07,4,2024,5,DELHI,NAGALAND
20,07,4,2024,2546,DELHI,JHARKHAND
21,07,4,2024,226,DELHI,ODISHA
28,07,4,2024,12,DELHI,ANDHRA PRADESH
20,08,4,2024,37,RAJASTHAN,JHARKHAND
23,08,4,2024,2174,RAJASTHAN,MADHYA PRADESH
29,08,4,2024,6,RAJASTHAN,KARNATAKA
10,09,4,2024,4,UTTAR PRADESH,BIHAR
08,10,4,2024,61,BIHAR,RAJASTHAN
18,10,4,2024,21,BIHAR,ASSAM
27,10,4,2024,317,BIHAR,MAHARASHTRA
09,11,4,2024,3,SIKKIM,UTTAR PRADESH
22,16,4,2024,1,TRIPURA,CHHATTISGARH
06,19,4,2024,7,WEST BENGAL,HARYANA
07,19,4,2024,38,WEST BENGAL,DELHI
09,19,4,2024,142,WEST BENGAL,UTTAR PRADESH
16,19,4,2024,1,WEST BENGAL,TRIPURA
20,19,4,2024,56,WEST BENGAL,JHARKHAND
27,19,4,2024,9,WEST BENGAL,MAHARASHTRA
07,20,4,2024,36,JHARKHAND,DELHI
10,20,4,2024,1373,JHARKHAND,BIHAR
19,20,4,2024,3,JHARKHAND,WEST BENGAL
24,20,4,2024,1,JHARKHAND,GUJARAT
06,22,4,2024,27,CHHATTISGARH,HARYANA
09,22,4,2024,86,CHHATTISGARH,UTTAR PRADESH
10,22,4,2024,157,CHHATTISGARH,BIHAR
20,23,4,2024,21,MADHYA PRADESH,JHARKHAND
22,23,4,2024,203,MADHYA PRADESH,CHHATTISGARH
33,23,4,2024,1,MADHYA PRADESH,TAMIL NADU
06,24,4,2024,154,GUJARAT,HARYANA
08,24,4,2024,403,GUJARAT,RAJASTHAN
10,24,4,2024,3444,GUJARAT,BIHAR
16,24,4,2024,1,GUJARAT,TRIPURA
22,24,4,2024,62,GUJARAT,CHHATTISGARH
32,24,4,2024,6,GUJARAT,KERALA
33,24,4,2024,8,GUJARAT,TAMIL NADU
05,27,4,2024,51,MAHARASHTRA,UTTARAKHAND
07,27,4,2024,75,MAHARASHTRA,DELHI
21,27,4,2024,14,MAHARASHTRA,ODISHA
32,27,4,2024,16,MAHARASHTRA,KERALA
16,29,4,2024,2,KARNATAKA,TRIPURA
18,29,4,2024,3,KARNATAKA,ASSAM
22,29,4,2024,10,KARNATAKA,CHHATTISGARH
10,30,4,2024,417,GOA,BIHAR
27,30,4,2024,77,GOA,MAHARASHTRA
33,30,4,2024,1,GOA,TAMIL NADU
05,32,4,2024,4,KERALA,UTTARAKHAND
10,32,4,2024,525,KERALA,BIHAR
18,32,4,2024,37,KERALA,ASSAM
21,32,4,2024,5,KERALA,ODISHA
29,32,4,2024,159,KERALA,KARNATAKA
36,32,4,2024,3,KERALA,TELANGANA
20,33,4,2024,1,TAMIL NADU,JHARKHAND
22,33,4,2024,2,TAMIL NADU,CHHATTISGARH
28,33,4,2024,2,TAMIL NADU,ANDHRA PRADESH
05,35,4,2024,1,ANDAMAN AND NICOBAR ISLANDS,UTTARAKHAND
01,36,4,2024,1,TELANGANA,JAMMU AND KASHMIR
08,36,4,2024,26,TELANGANA,RAJASTHAN
21,36,4,2024,3,TELANGANA,ODISHA
20,38,4,2024,111,Dadar & Nagar Haveli & Daman & Diu,JHARKHAND
28,38,4,2024,1,Dadar & Nagar Haveli & Daman & Diu,ANDHRA PRADESH
10,02,5,2024,2884,HIMACHAL PRADESH,BIHAR
20,02,5,2024,56,HIMACHAL PRADESH,JHARKHAND
05,04,5,2024,7,CHANDIGARH,UTTARAKHAND
06,04,5,2024,1,CHANDIGARH,HARYANA
07,05,5,2024,156,UTTARAKHAND,DELHI
19,05,5,2024,6,UTTARAKHAND,WEST BENGAL
01,06,5,2024,9,HARYANA,JAMMU AND KASHMIR
02,06,5,2024,5,HARYANA,HIMACHAL PRADESH
09,06,5,2024,34320,HARYANA,UTTAR PRADESH
10,06,5,2024,23893,HARYANA,BIHAR
16,07,5,2024,4,DELHI,TRIPURA
24,07,5,2024,136,DELHI,GUJARAT
28,07,5,2024,18,DELHI,ANDHRA PRADESH
33,07,5,2024,81,DELHI,TAMIL NADU
24,08,5,2024,71,RAJASTHAN,GUJARAT
29,08,5,2024,8,RAJASTHAN,KARNATAKA
08,09,5,2024,7,UTTAR PRADESH,RAJASTHAN
19,09,5,2024,1,UTTAR PRADESH,WEST BENGAL
22,09,5,2024,34,UTTAR PRADESH,CHHATTISGARH
29,09,5,2024,4,UTTAR PRADESH,KARNATAKA
38,09,5,2024,1,UTTAR PRADESH,Dadar & Nagar Haveli & Daman & Diu
07,10,5,2024,1320,BIHAR,DELHI
16,10,5,2024,1,BIHAR,TRIPURA
22,10,5,2024,69,BIHAR,CHHATTISGARH
32,10,5,2024,1,BIHAR,KERALA
09,11,5,2024,4,SIKKIM,UTTAR PRADESH
10,11,5,2024,79,SIKKIM,BIHAR
19,11,5,2024,1,SIKKIM,WEST BENGAL
10,16,5,2024,76,TRIPURA,BIHAR
18,16,5,2024,7,TRIPURA,ASSAM
07,19,5,2024,44,WEST BENGAL,DELHI
18,19,5,2024,2,WEST BENGAL,ASSAM
08,20,5,2024,1,JHARKHAND,RAJASTHAN
09,20,5,2024,75,JHARKHAND,UTTAR PRADESH
22,20,5,2024,18,JHARKHAND,CHHATTISGARH
06,23,5,2024,55,MADHYA PRADESH,HARYANA
07,23,5,2024,82,MADHYA PRADESH,DELHI
09,23,5,2024,2240,MADHYA PRADESH,UTTAR PRADESH
20,23,5,2024,27,MADHYA PRADESH,JHARKHAND
28,23,5,2024,2,MADHYA PRADESH,ANDHRA PRADESH
07,24,5,2024,66,GUJARAT,DELHI
20,24,5,2024,146,GUJARAT,JHARKHAND
09,27,5,2024,29887,MAHARASHTRA,UTTAR PRADESH
18,27,5,2024,12,MAHARASHTRA,ASSAM
28,27,5,2024,25,MAHARASHTRA,ANDHRA PRADESH
09,29,5,2024,88,KARNATAKA,UTTAR PRADESH
16,29,5,2024,1,KARNATAKA,TRIPURA
27,29,5,2024,20,KARNATAKA,MAHARASHTRA
19,30,5,2024,14,GOA,WEST BENGAL
27,30,5,2024,64,GOA,MAHARASHTRA
29,30,5,2024,251,GOA,KARNATAKA
05,32,5,2024,2,KERALA,UTTARAKHAND
36,32,5,2024,2,KERALA,TELANGANA
07,33,5,2024,1,TAMIL NADU,DELHI
29,33,5,2024,6,TAMIL NADU,KARNATAKA
10,35,5,2024,1,ANDAMAN AND NICOBAR ISLANDS,BIHAR
19,35,5,2024,1,ANDAMAN AND NICOBAR ISLANDS,WEST BENGAL
19,36,5,2024,9,TELANGANA,WEST BENGAL
24,36,5,2024,7,TELANGANA,GUJARAT
09,38,5,2024,2408,Dadar & Nagar Haveli & Daman & Diu,UTTAR PRADESH
05,01,6,2024,9,JAMMU AND KASHMIR,UTTARAKHAND
07,01,6,2024,14,JAMMU AND KASHMIR,DELHI
22,01,6,2024,496,JAMMU AND KASHMIR,CHHATTISGARH
23,01,6,2024,1096,JAMMU AND KASHMIR,MADHYA PRADESH
19,02,6,2024,13,HIMACHAL PRADESH,WEST BENGAL
23,02,6,2024,304,HIMACHAL PRADESH,MADHYA PRADESH
27,02,6,2024,5,HIMACHAL PRADESH,MAHARASHTRA
06,03,6,2024,1,PUNJAB,HARYANA
05,04,6,2024,9,CHANDIGARH,UTTARAKHAND
06,04,6,2024,1,CHANDIGARH,HARYANA
09,04,6,2024,17,CHANDIGARH,UTTAR PRADESH
10,05,6,2024,2454,UTTARAKHAND,BIHAR
02,06,6,2024,10,HARYANA,HIMACHAL PRADESH
19,06,6,2024,191,HARYANA,WEST BENGAL
05,07,6,2024,3531,DELHI,UTTARAKHAND
08,07,6,2024,3601,DELHI,RAJASTHAN
10,07,6,2024,204652,DELHI,BIHAR
19,07,6,2024,1762,DELHI,WEST BENGAL
22,07,6,2024,367,DELHI,CHHATTISGARH
23,07,6,2024,20685,DELHI,MADHYA PRADESH
33,07,6,2024,78,DELHI,TAMIL NADU
06,08,6,2024,378,RAJASTHAN,HARYANA
20,08,6,2024,13,RAJASTHAN,JHARKHAND
22,08,6,2024,9,RAJASTHAN,CHHATTISGARH
22,09,6,2024,33,UTTAR PRADESH,CHHATTISGARH
07,10,6,2024,1078,BIHAR,DELHI
24,10,6,2024,26,BIHAR,GUJARAT
29,10,6,2024,8,BIHAR,KARNATAKA
10,11,6,2024,114,SIKKIM,BIHAR
10,16,6,2024,26,TRIPURA,BIHAR
29,19,6,2024,1,WEST BENGAL,KARNATAKA
09,20,6,2024,115,JHARKHAND,UTTAR PRADESH
10,20,6,2024,1861,JHARKHAND,BIHAR
22,20,6,2024,28,JHARKHAND,CHHATTISGARH
28,20,6,2024,1,JHARKHAND,ANDHRA PRADESH
09,22,6,2024,143,CHHATTISGARH,UTTAR PRADESH
10,22,6,2024,242,CHHATTISGARH,BIHAR
20,23,6,2024,24,MADHYA PRADESH,JHARKHAND
24,23,6,2024,22,MADHYA PRADESH,GUJARAT
28,23,6,2024,1,MADHYA PRADESH,ANDHRA PRADESH
06,24,6,2024,154,GUJARAT,HARYANA
08,24,6,2024,957,GUJARAT,RAJASTHAN
09,24,6,2024,7699,GUJARAT,UTTAR PRADESH
20,24,6,2024,162,GUJARAT,JHARKHAND
32,24,6,2024,8,GUJARAT,KERALA
01,27,6,2024,4,MAHARASHTRA,JAMMU AND KASHMIR
07,27,6,2024,81,MAHARASHTRA,DELHI
09,27,6,2024,32022,MAHARASHTRA,UTTAR PRADESH
10,27,6,2024,18580,MAHARASHTRA,BIHAR
16,27,6,2024,1,MAHARASHTRA,TRIPURA
24,27,6,2024,228,MAHARASHTRA,GUJARAT
29,27,6,2024,357,MAHARASHTRA,KARNATAKA
08,29,6,2024,7,KARNATAKA,RAJASTHAN
16,29,6,2024,1,KARNATAKA,TRIPURA
20,29,6,2024,5,KARNATAKA,JHARKHAND
32,29,6,2024,11,KARNATAKA,KERALA
01,30,6,2024,2,GOA,JAMMU AND KASHMIR
06,30,6,2024,3,GOA,HARYANA
19,30,6,2024,14,GOA,WEST BENGAL
05,32,6,2024,4,KERALA,UTTARAKHAND
06,32,6,2024,11,KERALA,HARYANA
08,33,6,2024,55,TAMIL NADU,RAJASTHAN
10,33,6,2024,1515,TAMIL NADU,BIHAR
27,33,6,2024,6,TAMIL NADU,MAHARASHTRA
19,35,6,2024,6,ANDAMAN AND NICOBAR ISLANDS,WEST BENGAL
20,35,6,2024,1,ANDAMAN AND NICOBAR ISLANDS,JHARKHAND
33,35,6,2024,2,ANDAMAN AND NICOBAR ISLANDS,TAMIL NADU
05,36,6,2024,1,TELANGANA,UTTARAKHAND
07,36,6,2024,12,TELANGANA,DELHI
27,36,6,2024,1193,TELANGANA,MAHARASHTRA
28,36,6,2024,2288,TELANGANA,ANDHRA PRADESH
33,36,6,2024,10,TELANGANA,TAMIL NADU
19,38,6,2024,38,Dadar & Nagar Haveli & Daman & Diu,WEST BENGAL
24,38,6,2024,855,Dadar & Nagar Haveli & Daman & Diu,GUJARAT
29,38,6,2024,2,Dadar & Nagar Haveli & Daman & Diu,KARNATAKA
05,01,7,2024,11,JAMMU AND KASHMIR,UTTARAKHAND
06,01,7,2024,42,JAMMU AND KASHMIR,HARYANA
20,01,7,2024,34,JAMMU AND KASHMIR,JHARKHAND
02,03,7,2024,2,PUNJAB,HIMACHAL PRADESH
18,03,7,2024,5,PUNJAB,ASSAM
06,04,7,2024,2,CHANDIGARH,HARYANA
07,05,7,2024,168,UTTARAKHAND,DELHI
08,05,7,2024,20,UTTARAKHAND,RAJASTHAN
09,05,7,2024,9468,UTTARAKHAND,UTTAR PRADESH
20,05,7,2024,3,UTTARAKHAND,JHARKHAND
22,05,7,2024,17,UTTARAKHAND,CHHATTISGARH
33,05,7,2024,1,UTTARAKHAND,TAMIL NADU
02,06,7,2024,9,HARYANA,HIMACHAL PRADESH
18,06,7,2024,27,HARYANA,ASSAM
24,06,7,2024,19,HARYANA,GUJARAT
09,07,7,2024,153853,DELHI,UTTAR PRADESH
19,07,7,2024,1814,DELHI,WEST BENGAL
09,08,7,2024,911,RAJASTHAN,UTTAR PRADESH
18,09,7,2024,7,UTTAR PRADESH,ASSAM
23,09,7,2024,207,UTTAR PRADESH,MADHYA PRADESH
27,09,7,2024,402,UTTAR PRADESH,MAHARASHTRA
02,10,7,2024,1,BIHAR,HIMACHAL PRADESH
08,10,7,2024,93,BIHAR,RAJASTHAN
22,10,7,2024,124,BIHAR,CHHATTISGARH
18,11,7,2024,1,SIKKIM,ASSAM
23,11,7,2024,1,SIKKIM,MADHYA PRADESH
22,16,7,2024,1,TRIPURA,CHHATTISGARH
08,18,7,2024,1,ASSAM,RAJASTHAN
29,18,7,2024,1,ASSAM,KARNATAKA
09,19,7,2024,186,WEST BENGAL,UTTAR PRADESH
27,19,7,2024,10,WEST BENGAL,MAHARASHTRA
07,20,7,2024,47,JHARKHAND,DELHI
19,20,7,2024,4,JHARKHAND,WEST BENGAL
27,20,7,2024,13,JHARKHAND,MAHARASHTRA
18,22,7,2024,4,CHHATTISGARH,ASSAM
06,23,7,2024,70,MADHYA PRADESH,HARYANA
07,23,7,2024,113,MADHYA PRADESH,DELHI
19,23,7,2024,2,MADHYA PRADESH,WEST BENGAL
22,23,7,2024,238,MADHYA PRADESH,CHHATTISGARH
06,24,7,2024,159,GUJARAT,HARYANA
23,24,7,2024,3657,GUJARAT,MADHYA PRADESH
27,24,7,2024,566,GUJARAT,MAHARASHTRA
29,24,7,2024,8,GUJARAT,KARNATAKA
05,27,7,2024,48,MAHARASHTRA,UTTARAKHAND
23,27,7,2024,874,MAHARASHTRA,MADHYA PRADESH
29,27,7,2024,249,MAHARASHTRA,KARNATAKA
06,28,7,2024,4,ANDHRA PRADESH,HARYANA
07,29,7,2024,2,KARNATAKA,DELHI
19,29,7,2024,2,KARNATAKA,WEST BENGAL
24,29,7,2024,1,KARNATAKA,GUJARAT
33,29,7,2024,5,KARNATAKA,TAMIL NADU
05,30,7,2024,5,GOA,UTTARAKHAND
09,30,7,2024,521,GOA,UTTAR PRADESH
19,30,7,2024,16,GOA,WEST BENGAL
22,30,7,2024,22,GOA,CHHATTISGARH
10,32,3,2025,1112,KERALA,BIHAR
18,32,3,2025,347,KERALA,ASSAM
33,32,3,2025,72,KERALA,TAMIL NADU
36,32,3,2025,7,KERALA,TELANGANA
06,33,3,2025,1,TAMIL NADU,HARYANA
19,35,3,2025,7,ANDAMAN AND NICOBAR ISLANDS,WEST BENGAL
05,36,3,2025,4,TELANGANA,UTTARAKHAND
07,36,3,2025,15,TELANGANA,DELHI
10,36,3,2025,1514,TELANGANA,BIHAR
18,36,3,2025,9,TELANGANA,ASSAM
24,36,3,2025,11,TELANGANA,GUJARAT
28,36,3,2025,2220,TELANGANA,ANDHRA PRADESH
06,38,3,2025,12,DADAR & NAGAR HAVELI & DAMAN & DIU,HARYANA
16,38,3,2025,1,DADAR & NAGAR HAVELI & DAMAN & DIU,TRIPURA
21,38,3,2025,11,DADAR & NAGAR HAVELI & DAMAN & DIU,ODISHA
24,38,3,2025,625,DADAR & NAGAR HAVELI & DAMAN & DIU,GUJARAT
08,01,4,2025,8,JAMMU AND KASHMIR,RAJASTHAN
19,01,4,2025,20,JAMMU AND KASHMIR,WEST BENGAL
06,02,4,2025,145,HIMACHAL PRADESH,HARYANA
21,02,4,2025,3,HIMACHAL PRADESH,ODISHA
27,02,4,2025,1,HIMACHAL PRADESH,MAHARASHTRA
08,03,4,2025,2,PUNJAB,RAJASTHAN
23,03,4,2025,13,PUNJAB,MADHYA PRADESH
19,05,4,2025,3,UTTARAKHAND,WEST BENGAL
01,06,4,2025,3,HARYANA,JAMMU AND KASHMIR
20,06,4,2025,368,HARYANA,JHARKHAND
24,06,4,2025,12,HARYANA,GUJARAT
27,06,4,2025,18,HARYANA,MAHARASHTRA
02,07,4,2025,51,DELHI,HIMACHAL PRADESH
05,07,4,2025,5573,DELHI,UTTARAKHAND
13,07,4,2025,3,DELHI,NAGALAND
27,07,4,2025,213,DELHI,MAHARASHTRA
05,08,4,2025,4,RAJASTHAN,UTTARAKHAND
18,08,4,2025,12,RAJASTHAN,ASSAM
24,08,4,2025,89,RAJASTHAN,GUJARAT
18,09,4,2025,31,UTTAR PRADESH,ASSAM
09,10,4,2025,3334,BIHAR,UTTAR PRADESH
18,10,4,2025,174,BIHAR,ASSAM
19,10,4,2025,404,BIHAR,WEST BENGAL
21,10,4,2025,26,BIHAR,ODISHA
20,11,4,2025,1,SIKKIM,JHARKHAND
21,11,4,2025,1,SIKKIM,ODISHA
18,16,4,2025,24,TRIPURA,ASSAM
10,17,4,2025,2,MEGHALAYA,BIHAR
27,18,4,2025,1,ASSAM,MAHARASHTRA
29,18,4,2025,1,ASSAM,KARNATAKA
10,19,4,2025,6160,WEST BENGAL,BIHAR
27,19,4,2025,15,WEST BENGAL,MAHARASHTRA
09,20,4,2025,152,JHARKHAND,UTTAR PRADESH
06,23,4,2025,174,MADHYA PRADESH,HARYANA
18,23,4,2025,4,MADHYA PRADESH,ASSAM
21,23,4,2025,6,MADHYA PRADESH,ODISHA
24,23,4,2025,48,MADHYA PRADESH,GUJARAT
28,23,4,2025,4,MADHYA PRADESH,ANDHRA PRADESH
08,24,4,2025,1244,GUJARAT,RAJASTHAN
10,24,4,2025,7301,GUJARAT,BIHAR
28,24,4,2025,5,GUJARAT,ANDHRA PRADESH
05,27,4,2025,60,MAHARASHTRA,UTTARAKHAND
10,27,4,2025,25919,MAHARASHTRA,BIHAR
21,30,4,2025,2,GOA,ODISHA
23,32,4,2025,184,KERALA,MADHYA PRADESH
29,32,4,2025,245,KERALA,KARNATAKA
01,33,4,2025,1,TAMIL NADU,JAMMU AND KASHMIR
10,35,4,2025,18,ANDAMAN AND NICOBAR ISLANDS,BIHAR
08,36,4,2025,41,TELANGANA,RAJASTHAN
23,36,4,2025,224,TELANGANA,MADHYA PRADESH
27,37,4,2025,1,LADAKH,MAHARASHTRA
23,38,4,2025,685,DADAR & NAGAR HAVELI & DAMAN & DIU,MADHYA PRADESH
27,38,4,2025,490,DADAR & NAGAR HAVELI & DAMAN & DIU,MAHARASHTRA
29,38,4,2025,5,DADAR & NAGAR HAVELI & DAMAN & DIU,KARNATAKA
08,01,5,2025,7,JAMMU AND KASHMIR,RAJASTHAN
09,01,5,2025,2793,JAMMU AND KASHMIR,UTTAR PRADESH
03,02,5,2025,4,HIMACHAL PRADESH,PUNJAB
20,02,5,2025,91,HIMACHAL PRADESH,JHARKHAND
21,02,5,2025,3,HIMACHAL PRADESH,ODISHA
10,03,5,2025,2658,PUNJAB,BIHAR
20,03,5,2025,33,PUNJAB,JHARKHAND
09,04,5,2025,7,CHANDIGARH,UTTAR PRADESH
06,05,5,2025,151,UTTARAKHAND,HARYANA
05,06,5,2025,250,HARYANA,UTTARAKHAND
10,06,5,2025,38889,HARYANA,BIHAR
18,06,5,2025,28,HARYANA,ASSAM
20,06,5,2025,465,HARYANA,JHARKHAND
02,07,5,2025,49,DELHI,HIMACHAL PRADESH
20,07,5,2025,3816,DELHI,JHARKHAND
21,07,5,2025,244,DELHI,ODISHA
27,07,5,2025,26,DELHI,MAHARASHTRA
29,07,5,2025,1,DELHI,KARNATAKA
05,08,5,2025,4,RAJASTHAN,UTTARAKHAND
06,08,5,2025,1186,RAJASTHAN,HARYANA
28,08,5,2025,10,RAJASTHAN,ANDHRA PRADESH
06,09,5,2025,2789,UTTAR PRADESH,HARYANA
19,09,5,2025,25,UTTAR PRADESH,WEST BENGAL
20,09,5,2025,273,UTTAR PRADESH,JHARKHAND
24,09,5,2025,189,UTTAR PRADESH,GUJARAT
30,09,5,2025,1,UTTAR PRADESH,GOA
03,10,5,2025,376,BIHAR,PUNJAB
29,10,5,2025,18,BIHAR,KARNATAKA
06,11,5,2025,2,SIKKIM,HARYANA
10,16,5,2025,26,TRIPURA,BIHAR
19,16,5,2025,1,TRIPURA,WEST BENGAL
19,17,5,2025,1,MEGHALAYA,WEST BENGAL
10,18,5,2025,75,ASSAM,BIHAR
07,20,5,2025,35,JHARKHAND,DELHI
08,20,5,2025,2,JHARKHAND,RAJASTHAN
21,20,5,2025,2,JHARKHAND,ODISHA
24,22,5,2025,1,CHHATTISGARH,GUJARAT
27,22,5,2025,1,CHHATTISGARH,MAHARASHTRA
03,23,5,2025,4,MADHYA PRADESH,PUNJAB
20,23,5,2025,86,MADHYA PRADESH,JHARKHAND
21,23,5,2025,6,MADHYA PRADESH,ODISHA
24,23,5,2025,35,MADHYA PRADESH,GUJARAT
28,23,5,2025,8,MADHYA PRADESH,ANDHRA PRADESH
06,24,5,2025,195,GUJARAT,HARYANA
07,24,5,2025,74,GUJARAT,DELHI
27,24,5,2025,10,GUJARAT,MAHARASHTRA
38,24,5,2025,7,GUJARAT,DADAR & NAGAR HAVELI & DAMAN & DIU
07,27,5,2025,90,MAHARASHTRA,DELHI
24,27,5,2025,271,MAHARASHTRA,GUJARAT
10,28,5,2025,3,ANDHRA PRADESH,BIHAR
07,29,5,2025,1,KARNATAKA,DELHI
18,29,5,2025,7,KARNATAKA,ASSAM
21,29,5,2025,1,KARNATAKA,ODISHA
08,30,5,2025,12,GOA,RAJASTHAN
27,30,5,2025,2,GOA,MAHARASHTRA
10,32,5,2025,1022,KERALA,BIHAR
19,32,5,2025,162,KERALA,WEST BENGAL
30,32,5,2025,1,KERALA,GOA
29,33,5,2025,1,TAMIL NADU,KARNATAKA
28,35,5,2025,1,ANDAMAN AND NICOBAR ISLANDS,ANDHRA PRADESH
10,36,5,2025,379,TELANGANA,BIHAR
18,36,5,2025,7,TELANGANA,ASSAM
28,36,5,2025,1192,TELANGANA,ANDHRA PRADESH
10,38,5,2025,4325,DADAR & NAGAR HAVELI & DAMAN & DIU,BIHAR
21,38,5,2025,21,DADAR & NAGAR HAVELI & DAMAN & DIU,ODISHA
23,38,5,2025,705,DADAR & NAGAR HAVELI & DAMAN & DIU,MADHYA PRADESH
24,38,5,2025,353,DADAR & NAGAR HAVELI & DAMAN & DIU,GUJARAT
06,01,6,2025,12,JAMMU AND KASHMIR,HARYANA
18,01,6,2025,5,JAMMU AND KASHMIR,ASSAM
09,03,6,2025,1054,PUNJAB,UTTAR PRADESH
10,03,6,2025,3251,PUNJAB,BIHAR
23,03,6,2025,63,PUNJAB,MADHYA PRADESH
18,05,6,2025,11,UTTARAKHAND,ASSAM
19,05,6,2025,4,UTTARAKHAND,WEST BENGAL
27,05,6,2025,8,UTTARAKHAND,MAHARASHTRA
20,06,6,2025,465,HARYANA,JHARKHAND
28,06,6,2025,2,HARYANA,ANDHRA PRADESH
29,06,6,2025,1,HARYANA,KARNATAKA
18,07,6,2025,578,DELHI,ASSAM
28,07,6,2025,36,DELHI,ANDHRA PRADESH
20,08,6,2025,102,RAJASTHAN,JHARKHAND
06,09,6,2025,2884,UTTAR PRADESH,HARYANA
36,09,6,2025,1,UTTAR PRADESH,TELANGANA
18,10,6,2025,149,BIHAR,ASSAM
38,10,6,2025,3,BIHAR,DADAR & NAGAR HAVELI & DAMAN & DIU
09,11,6,2025,1,SIKKIM,UTTAR PRADESH
09,16,6,2025,1,TRIPURA,UTTAR PRADESH
10,17,6,2025,5,MEGHALAYA,BIHAR
18,17,6,2025,10,MEGHALAYA,ASSAM
10,18,6,2025,32,ASSAM,BIHAR
06,19,6,2025,26,WEST BENGAL,HARYANA
08,19,6,2025,2,WEST BENGAL,RAJASTHAN
23,19,6,2025,9,WEST BENGAL,MADHYA PRADESH
06,20,6,2025,33,JHARKHAND,HARYANA
24,20,6,2025,1,JHARKHAND,GUJARAT
09,22,6,2025,77,CHHATTISGARH,UTTAR PRADESH
18,22,6,2025,1,CHHATTISGARH,ASSAM
20,22,6,2025,7,CHHATTISGARH,JHARKHAND
27,22,6,2025,6,CHHATTISGARH,MAHARASHTRA
18,23,6,2025,3,MADHYA PRADESH,ASSAM
07,24,6,2025,48,GUJARAT,DELHI
29,24,6,2025,7,GUJARAT,KARNATAKA
10,27,6,2025,16390,MAHARASHTRA,BIHAR
24,27,6,2025,118,MAHARASHTRA,GUJARAT
28,27,6,2025,36,MAHARASHTRA,ANDHRA PRADESH
08,28,6,2025,1,ANDHRA PRADESH,RAJASTHAN
23,28,6,2025,6,ANDHRA PRADESH,MADHYA PRADESH
06,29,6,2025,3,KARNATAKA,HARYANA
10,29,6,2025,150,KARNATAKA,BIHAR
18,29,6,2025,13,KARNATAKA,ASSAM
24,29,6,2025,2,KARNATAKA,GUJARAT
27,29,6,2025,10,KARNATAKA,MAHARASHTRA
20,30,6,2025,86,GOA,JHARKHAND
29,30,6,2025,235,GOA,KARNATAKA
06,32,6,2025,16,KERALA,HARYANA
08,32,6,2025,22,KERALA,RAJASTHAN
10,32,6,2025,813,KERALA,BIHAR
18,32,6,2025,460,KERALA,ASSAM
30,32,6,2025,1,KERALA,GOA
19,35,6,2025,4,ANDAMAN AND NICOBAR ISLANDS,WEST BENGAL
18,36,6,2025,30,TELANGANA,ASSAM
29,36,6,2025,318,TELANGANA,KARNATAKA
08,37,6,2025,3,LADAKH,RAJASTHAN
06,38,6,2025,8,DADAR & NAGAR HAVELI & DAMAN & DIU,HARYANA
08,38,6,2025,39,DADAR & NAGAR HAVELI & DAMAN & DIU,RAJASTHAN
27,38,6,2025,814,DADAR & NAGAR HAVELI & DAMAN & DIU,MAHARASHTRA
29,38,6,2025,2,DADAR & NAGAR HAVELI & DAMAN & DIU,KARNATAKA
05,01,7,2025,2,JAMMU AND KASHMIR,UTTARAKHAND
08,01,7,2025,1,JAMMU AND KASHMIR,RAJASTHAN
10,01,7,2025,1549,JAMMU AND KASHMIR,BIHAR
19,01,7,2025,2,JAMMU AND KASHMIR,WEST BENGAL
10,02,7,2025,4531,HIMACHAL PRADESH,BIHAR
19,02,7,2025,13,HIMACHAL PRADESH,WEST BENGAL
06,03,7,2025,36,PUNJAB,HARYANA
07,03,7,2025,9,PUNJAB,DELHI
19,03,7,2025,1,PUNJAB,WEST BENGAL
06,05,7,2025,165,UTTARAKHAND,HARYANA
23,05,7,2025,61,UTTARAKHAND,MADHYA PRADESH
07,06,7,2025,760,HARYANA,DELHI
08,06,7,2025,1720,HARYANA,RAJASTHAN
10,06,7,2025,32793,HARYANA,BIHAR
05,07,7,2025,6752,DELHI,UTTARAKHAND
23,07,7,2025,25636,DELHI,MADHYA PRADESH
24,07,7,2025,80,DELHI,GUJARAT
38,07,7,2025,1,DELHI,DADAR & NAGAR HAVELI & DAMAN & DIU
19,08,7,2025,36,RAJASTHAN,WEST BENGAL
28,08,7,2025,7,RAJASTHAN,ANDHRA PRADESH
03,09,7,2025,66,UTTAR PRADESH,PUNJAB
06,09,7,2025,2080,UTTAR PRADESH,HARYANA
24,09,7,2025,47,UTTAR PRADESH,GUJARAT
28,09,7,2025,3,UTTAR PRADESH,ANDHRA PRADESH
07,10,7,2025,2149,BIHAR,DELHI
27,10,7,2025,182,BIHAR,MAHARASHTRA
28,10,7,2025,2,BIHAR,ANDHRA PRADESH
10,11,7,2025,97,SIKKIM,BIHAR
19,11,7,2025,1,SIKKIM,WEST BENGAL
20,11,7,2025,1,SIKKIM,JHARKHAND
18,16,7,2025,16,TRIPURA,ASSAM
07,19,7,2025,56,WEST BENGAL,DELHI
18,19,7,2025,9,WEST BENGAL,ASSAM
20,19,7,2025,84,WEST BENGAL,JHARKHAND
27,19,7,2025,10,WEST BENGAL,MAHARASHTRA
29,19,7,2025,1,WEST BENGAL,KARNATAKA
24,20,7,2025,1,JHARKHAND,GUJARAT
28,20,7,2025,1,JHARKHAND,ANDHRA PRADESH
29,20,7,2025,1,JHARKHAND,KARNATAKA
07,22,7,2025,8,CHHATTISGARH,DELHI
08,22,7,2025,2,CHHATTISGARH,RAJASTHAN
28,22,7,2025,2,CHHATTISGARH,ANDHRA PRADESH
03,24,7,2025,1,GUJARAT,PUNJAB
06,24,7,2025,67,GUJARAT,HARYANA
06,27,7,2025,345,MAHARASHTRA,HARYANA
38,27,7,2025,4,MAHARASHTRA,DADAR & NAGAR HAVELI & DAMAN & DIU
10,28,7,2025,9,ANDHRA PRADESH,BIHAR
27,28,7,2025,2,ANDHRA PRADESH,MAHARASHTRA
10,29,7,2025,193,KARNATAKA,BIHAR
20,29,7,2025,6,KARNATAKA,JHARKHAND
28,29,7,2025,8,KARNATAKA,ANDHRA PRADESH
06,30,7,2025,10,GOA,HARYANA
08,32,7,2025,28,KERALA,RAJASTHAN
18,32,7,2025,423,KERALA,ASSAM
19,32,7,2025,296,KERALA,WEST BENGAL
27,32,7,2025,57,KERALA,MAHARASHTRA
10,33,7,2025,100,TAMIL NADU,BIHAR
28,33,7,2025,1,TAMIL NADU,ANDHRA PRADESH
08,36,7,2025,3,TELANGANA,RAJASTHAN
10,38,7,2025,18,DADAR & NAGAR HAVELI & DAMAN & DIU,BIHAR
07,01,8,2025,11,JAMMU AND KASHMIR,DELHI
10,01,8,2025,3233,JAMMU AND KASHMIR,BIHAR
18,01,8,2025,6,JAMMU AND KASHMIR,ASSAM
23,01,8,2025,915,JAMMU AND KASHMIR,MADHYA PRADESH
08,02,8,2025,7,HIMACHAL PRADESH,RAJASTHAN
09,02,8,2025,6900,HIMACHAL PRADESH,UTTAR PRADESH
18,05,8,2025,8,UTTARAKHAND,ASSAM
23,05,8,2025,48,UTTARAKHAND,MADHYA PRADESH
02,06,8,2025,8,HARYANA,HIMACHAL PRADESH
23,06,8,2025,4141,HARYANA,MADHYA PRADESH
29,07,8,2025,3,DELHI,KARNATAKA
05,08,8,2025,25,RAJASTHAN,UTTARAKHAND
09,08,8,2025,4938,RAJASTHAN,UTTAR PRADESH
23,08,8,2025,1333,RAJASTHAN,MADHYA PRADESH
10,09,8,2025,739,UTTAR PRADESH,BIHAR
27,09,8,2025,241,UTTAR PRADESH,MAHARASHTRA
29,09,8,2025,3,UTTAR PRADESH,KARNATAKA
18,16,8,2025,11,TRIPURA,ASSAM
19,16,8,2025,3,TRIPURA,WEST BENGAL
10,17,8,2025,17,MEGHALAYA,BIHAR
20,19,8,2025,50,WEST BENGAL,JHARKHAND
27,19,8,2025,6,WEST BENGAL,MAHARASHTRA
10,28,8,2025,13,ANDHRA PRADESH,BIHAR
08,29,8,2025,1,KARNATAKA,RAJASTHAN
28,29,8,2025,4,KARNATAKA,ANDHRA PRADESH
05,30,8,2025,6,GOA,UTTARAKHAND
08,30,8,2025,25,GOA,RAJASTHAN
10,30,8,2025,899,GOA,BIHAR
05,32,8,2025,4,KERALA,UTTARAKHAND
10,32,8,2025,963,KERALA,BIHAR
18,32,8,2025,455,KERALA,ASSAM
20,32,8,2025,95,KERALA,JHARKHAND
23,32,8,2025,154,KERALA,MADHYA PRADESH
27,32,8,2025,70,KERALA,MAHARASHTRA
38,32,8,2025,1,KERALA,DADAR & NAGAR HAVELI & DAMAN & DIU
06,33,8,2025,9,TAMIL NADU,HARYANA
19,02,9,2025,15,HIMACHAL PRADESH,WEST BENGAL
02,03,9,2025,2,PUNJAB,HIMACHAL PRADESH
08,03,9,2025,7,PUNJAB,RAJASTHAN
18,03,9,2025,3,PUNJAB,ASSAM
10,04,9,2025,22,CHANDIGARH,BIHAR
06,05,9,2025,11,UTTARAKHAND,HARYANA
23,05,9,2025,68,UTTARAKHAND,MADHYA PRADESH
10,06,9,2025,28059,HARYANA,BIHAR
29,06,9,2025,1,HARYANA,KARNATAKA
09,07,9,2025,238754,DELHI,UTTAR PRADESH
18,07,9,2025,527,DELHI,ASSAM
20,07,9,2025,3945,DELHI,JHARKHAND
27,07,9,2025,193,DELHI,MAHARASHTRA
05,08,9,2025,6,RAJASTHAN,UTTARAKHAND
06,08,9,2025,634,RAJASTHAN,HARYANA
10,08,9,2025,5928,RAJASTHAN,BIHAR
19,09,9,2025,21,UTTAR PRADESH,WEST BENGAL
05,10,9,2025,47,BIHAR,UTTARAKHAND
24,10,9,2025,48,BIHAR,GUJARAT
09,16,9,2025,1,TRIPURA,UTTAR PRADESH
10,17,9,2025,21,MEGHALAYA,BIHAR
16,17,9,2025,1,MEGHALAYA,TRIPURA
09,18,9,2025,5,ASSAM,UTTAR PRADESH
07,19,9,2025,61,WEST BENGAL,DELHI
16,19,9,2025,2,WEST BENGAL,TRIPURA
10,20,9,2025,915,JHARKHAND,BIHAR
19,20,9,2025,1,JHARKHAND,WEST BENGAL
06,22,9,2025,4,CHHATTISGARH,HARYANA
08,22,9,2025,4,CHHATTISGARH,RAJASTHAN
20,22,9,2025,53,CHHATTISGARH,JHARKHAND
02,23,9,2025,1,MADHYA PRADESH,HIMACHAL PRADESH
05,23,9,2025,2,MADHYA PRADESH,UTTARAKHAND
07,23,9,2025,39,MADHYA PRADESH,DELHI
06,24,9,2025,8,GUJARAT,HARYANA
08,24,9,2025,920,GUJARAT,RAJASTHAN
19,24,9,2025,2,GUJARAT,WEST BENGAL
20,24,9,2025,169,GUJARAT,JHARKHAND
21,24,9,2025,22,GUJARAT,ODISHA
20,27,9,2025,1829,MAHARASHTRA,JHARKHAND
29,27,9,2025,258,MAHARASHTRA,KARNATAKA
05,28,9,2025,1,ANDHRA PRADESH,UTTARAKHAND
09,28,9,2025,4,ANDHRA PRADESH,UTTAR PRADESH
19,28,9,2025,1,ANDHRA PRADESH,WEST BENGAL
29,28,9,2025,4,ANDHRA PRADESH,KARNATAKA
08,29,9,2025,1,KARNATAKA,RAJASTHAN
24,29,9,2025,3,KARNATAKA,GUJARAT
05,30,9,2025,6,GOA,UTTARAKHAND
09,30,9,2025,1108,GOA,UTTAR PRADESH
06,32,9,2025,2,KERALA,HARYANA
16,32,9,2025,1,KERALA,TRIPURA
21,32,9,2025,6,KERALA,ODISHA
27,32,9,2025,78,KERALA,MAHARASHTRA
38,32,9,2025,1,KERALA,DADAR & NAGAR HAVELI & DAMAN & DIU
10,33,9,2025,115,TAMIL NADU,BIHAR
07,36,9,2025,14,TELANGANA,DELHI
21,36,9,2025,1,TELANGANA,ODISHA
24,36,9,2025,4,TELANGANA,GUJARAT
09,38,9,2025,2742,DADAR & NAGAR HAVELI & DAMAN & DIU,UTTAR PRADESH
19,38,9,2025,15,DADAR & NAGAR HAVELI & DAMAN & DIU,WEST BENGAL
20,38,9,2025,194,DADAR & NAGAR HAVELI & DAMAN & DIU,JHARKHAND
23,38,9,2025,576,DADAR & NAGAR HAVELI & DAMAN & DIU,MADHYA PRADESH
29,38,9,2025,4,DADAR & NAGAR HAVELI & DAMAN & DIU,KARNATAKA
06,01,10,2025,32,JAMMU AND KASHMIR,HARYANA
08,01,10,2025,3,JAMMU AND KASHMIR,RAJASTHAN
18,01,10,2025,5,JAMMU AND KASHMIR,ASSAM
05,03,10,2025,6,PUNJAB,UTTARAKHAND
09,03,10,2025,1054,PUNJAB,UTTAR PRADESH
29,03,10,2025,1,PUNJAB,KARNATAKA
07,05,10,2025,116,UTTARAKHAND,DELHI
18,05,10,2025,10,UTTARAKHAND,ASSAM
38,06,10,2025,1,HARYANA,DADAR & NAGAR HAVELI & DAMAN & DIU
09,07,10,2025,218675,DELHI,UTTAR PRADESH
10,08,10,2025,6891,RAJASTHAN,BIHAR
18,08,10,2025,10,RAJASTHAN,ASSAM
19,08,10,2025,19,RAJASTHAN,WEST BENGAL
23,08,10,2025,1544,RAJASTHAN,MADHYA PRADESH
29,08,10,2025,7,RAJASTHAN,KARNATAKA
19,09,10,2025,14,UTTAR PRADESH,WEST BENGAL
20,09,10,2025,127,UTTAR PRADESH,JHARKHAND
23,09,10,2025,773,UTTAR PRADESH,MADHYA PRADESH
07,10,10,2025,2566,BIHAR,DELHI
23,10,10,2025,147,BIHAR,MADHYA PRADESH
24,10,10,2025,34,BIHAR,GUJARAT
10,16,10,2025,139,TRIPURA,BIHAR
18,17,10,2025,6,MEGHALAYA,ASSAM
19,17,10,2025,1,MEGHALAYA,WEST BENGAL
24,22,10,2025,1,CHHATTISGARH,GUJARAT
06,23,10,2025,46,MADHYA PRADESH,HARYANA
08,23,10,2025,164,MADHYA PRADESH,RAJASTHAN
18,23,10,2025,3,MADHYA PRADESH,ASSAM
03,24,10,2025,1,GUJARAT,PUNJAB
23,24,10,2025,2810,GUJARAT,MADHYA PRADESH
07,27,10,2025,83,MAHARASHTRA,DELHI
09,27,10,2025,40704,MAHARASHTRA,UTTAR PRADESH
19,27,10,2025,213,MAHARASHTRA,WEST BENGAL
20,27,10,2025,1525,MAHARASHTRA,JHARKHAND
23,27,10,2025,1247,MAHARASHTRA,MADHYA PRADESH
29,27,10,2025,234,MAHARASHTRA,KARNATAKA
21,28,10,2025,1,ANDHRA PRADESH,ODISHA
05,29,10,2025,1,KARNATAKA,UTTARAKHAND
08,29,10,2025,2,KARNATAKA,RAJASTHAN
21,29,10,2025,1,KARNATAKA,ODISHA
24,29,10,2025,3,KARNATAKA,GUJARAT
19,30,10,2025,1,GOA,WEST BENGAL
29,30,10,2025,283,GOA,KARNATAKA
08,32,10,2025,27,KERALA,RAJASTHAN
18,32,10,2025,883,KERALA,ASSAM
21,32,10,2025,10,KERALA,ODISHA
35,32,10,2025,1,KERALA,ANDAMAN AND NICOBAR ISLANDS
20,33,10,2025,3,TAMIL NADU,JHARKHAND
06,34,10,2025,1,PUDUCHERRY,HARYANA
09,36,10,2025,435,TELANGANA,UTTAR PRADESH
19,36,10,2025,14,TELANGANA,WEST BENGAL
21,36,10,2025,17,TELANGANA,ODISHA
09,01,1,2025,2085,JAMMU AND KASHMIR,UTTAR PRADESH
10,01,1,2025,1908,JAMMU AND KASHMIR,BIHAR
07,02,1,2025,51,HIMACHAL PRADESH,DELHI
19,02,1,2025,23,HIMACHAL PRADESH,WEST BENGAL
06,03,1,2025,40,PUNJAB,HARYANA
07,03,1,2025,12,PUNJAB,DELHI
09,03,1,2025,1442,PUNJAB,UTTAR PRADESH
18,03,1,2025,2,PUNJAB,ASSAM
24,03,1,2025,1,PUNJAB,GUJARAT
09,04,1,2025,9,CHANDIGARH,UTTAR PRADESH
08,05,1,2025,16,UTTARAKHAND,RAJASTHAN
19,05,1,2025,6,UTTARAKHAND,WEST BENGAL
05,06,1,2025,339,HARYANA,UTTARAKHAND
10,06,1,2025,38800,HARYANA,BIHAR
18,06,1,2025,46,HARYANA,ASSAM
20,06,1,2025,505,HARYANA,JHARKHAND
22,06,1,2025,68,HARYANA,CHHATTISGARH
08,07,1,2025,3960,DELHI,RAJASTHAN
27,07,1,2025,163,DELHI,MAHARASHTRA
36,07,1,2025,6,DELHI,TELANGANA
23,08,1,2025,3102,RAJASTHAN,MADHYA PRADESH
27,08,1,2025,28,RAJASTHAN,MAHARASHTRA
13,09,1,2025,1,UTTAR PRADESH,NAGALAND
20,09,1,2025,222,UTTAR PRADESH,JHARKHAND
36,09,1,2025,1,UTTAR PRADESH,TELANGANA
08,10,1,2025,135,BIHAR,RAJASTHAN
18,10,1,2025,200,BIHAR,ASSAM
24,10,1,2025,131,BIHAR,GUJARAT
28,10,1,2025,12,BIHAR,ANDHRA PRADESH
36,10,1,2025,28,BIHAR,TELANGANA
10,11,1,2025,107,SIKKIM,BIHAR
10,16,1,2025,1208,TRIPURA,BIHAR
23,16,1,2025,1,TRIPURA,MADHYA PRADESH
09,18,1,2025,7,ASSAM,UTTAR PRADESH
10,18,1,2025,59,ASSAM,BIHAR
07,19,1,2025,66,WEST BENGAL,DELHI
08,19,1,2025,2,WEST BENGAL,RAJASTHAN
22,19,1,2025,7,WEST BENGAL,CHHATTISGARH
06,20,1,2025,23,JHARKHAND,HARYANA
19,20,1,2025,4,JHARKHAND,WEST BENGAL
06,22,1,2025,18,CHHATTISGARH,HARYANA
10,22,1,2025,423,CHHATTISGARH,BIHAR
23,22,1,2025,266,CHHATTISGARH,MADHYA PRADESH
28,22,1,2025,2,CHHATTISGARH,ANDHRA PRADESH
01,23,1,2025,3,MADHYA PRADESH,JAMMU AND KASHMIR
10,23,1,2025,2038,MADHYA PRADESH,BIHAR
22,23,1,2025,119,MADHYA PRADESH,CHHATTISGARH
24,23,1,2025,45,MADHYA PRADESH,GUJARAT
33,23,1,2025,1,MADHYA PRADESH,TAMIL NADU
05,24,1,2025,34,GUJARAT,UTTARAKHAND
06,24,1,2025,295,GUJARAT,HARYANA
08,24,1,2025,1390,GUJARAT,RAJASTHAN
18,24,1,2025,7,GUJARAT,ASSAM
20,24,1,2025,334,GUJARAT,JHARKHAND
06,27,1,2025,405,MAHARASHTRA,HARYANA
24,27,1,2025,353,MAHARASHTRA,GUJARAT
32,27,1,2025,22,MAHARASHTRA,KERALA
38,27,1,2025,4,MAHARASHTRA,DADAR & NAGAR HAVELI & DAMAN & DIU
06,29,1,2025,7,KARNATAKA,HARYANA
28,29,1,2025,20,KARNATAKA,ANDHRA PRADESH
22,30,1,2025,11,GOA,CHHATTISGARH
19,32,1,2025,216,KERALA,WEST BENGAL
22,32,1,2025,6,KERALA,CHHATTISGARH
28,33,1,2025,1,TAMIL NADU,ANDHRA PRADESH
29,33,1,2025,3,TAMIL NADU,KARNATAKA
32,33,1,2025,4,TAMIL NADU,KERALA
08,36,1,2025,97,TELANGANA,RAJASTHAN
24,36,1,2025,9,TELANGANA,GUJARAT
09,38,1,2025,3377,DADAR & NAGAR HAVELI & DAMAN & DIU,UTTAR PRADESH
18,38,1,2025,12,DADAR & NAGAR HAVELI & DAMAN & DIU,ASSAM
32,38,1,2025,3,DADAR & NAGAR HAVELI & DAMAN & DIU,KERALA
09,01,2,2025,2121,JAMMU AND KASHMIR,UTTAR PRADESH
19,01,2,2025,33,JAMMU AND KASHMIR,WEST BENGAL
32,01,2,2025,1,JAMMU AND KASHMIR,KERALA
19,02,2,2025,23,HIMACHAL PRADESH,WEST BENGAL
20,02,2,2025,109,HIMACHAL PRADESH,JHARKHAND
05,03,2,2025,27,PUNJAB,UTTARAKHAND
06,05,2,2025,171,UTTARAKHAND,HARYANA
09,05,2,2025,15932,UTTARAKHAND,UTTAR PRADESH
01,06,2,2025,9,HARYANA,JAMMU AND KASHMIR
07,06,2,2025,864,HARYANA,DELHI
19,06,2,2025,173,HARYANA,WEST BENGAL
20,06,2,2025,502,HARYANA,JHARKHAND
33,06,2,2025,1,HARYANA,TAMIL NADU
36,06,2,2025,3,HARYANA,TELANGANA
01,07,2,2025,223,DELHI,JAMMU AND KASHMIR
03,07,2,2025,13,DELHI,PUNJAB
23,07,2,2025,20765,DELHI,MADHYA PRADESH
36,07,2,2025,9,DELHI,TELANGANA
06,08,2,2025,1413,RAJASTHAN,HARYANA
07,08,2,2025,198,RAJASTHAN,DELHI
07,10,2,2025,2577,BIHAR,DELHI
08,10,2,2025,75,BIHAR,RAJASTHAN
09,10,2,2025,3208,BIHAR,UTTAR PRADESH
24,10,2,2025,114,BIHAR,GUJARAT
06,11,2,2025,1,SIKKIM,HARYANA
19,17,2,2025,1,MEGHALAYA,WEST BENGAL
24,19,2,2025,3,WEST BENGAL,GUJARAT
29,19,2,2025,1,WEST BENGAL,KARNATAKA
36,19,2,2025,1,WEST BENGAL,TELANGANA
05,22,2,2025,1,CHHATTISGARH,UTTARAKHAND
08,23,2,2025,384,MADHYA PRADESH,RAJASTHAN
09,23,2,2025,4947,MADHYA PRADESH,UTTAR PRADESH
10,24,2,2025,8216,GUJARAT,BIHAR
29,24,2,2025,15,GUJARAT,KARNATAKA
32,24,2,2025,9,GUJARAT,KERALA
38,24,2,2025,9,GUJARAT,DADAR & NAGAR HAVELI & DAMAN & DIU
07,27,2,2025,116,MAHARASHTRA,DELHI
10,27,2,2025,28425,MAHARASHTRA,BIHAR
23,27,2,2025,1418,MAHARASHTRA,MADHYA PRADESH
38,27,2,2025,3,MAHARASHTRA,DADAR & NAGAR HAVELI & DAMAN & DIU
19,29,2,2025,1,KARNATAKA,WEST BENGAL
32,29,2,2025,7,KARNATAKA,KERALA
33,29,2,2025,15,KARNATAKA,TAMIL NADU
08,30,2,2025,17,GOA,RAJASTHAN
10,30,2,2025,928,GOA,BIHAR
05,32,2,2025,5,KERALA,UTTARAKHAND
09,32,2,2025,441,KERALA,UTTAR PRADESH
20,32,2,2025,343,KERALA,JHARKHAND
27,32,2,2025,91,KERALA,MAHARASHTRA
09,33,2,2025,15,TAMIL NADU,UTTAR PRADESH
27,33,2,2025,1,TAMIL NADU,MAHARASHTRA
32,33,2,2025,2,TAMIL NADU,KERALA
01,36,2,2025,2,TELANGANA,JAMMU AND KASHMIR
05,36,2,2025,4,TELANGANA,UTTARAKHAND
06,36,2,2025,46,TELANGANA,HARYANA
23,36,2,2025,345,TELANGANA,MADHYA PRADESH
10,38,2,2025,4940,DADAR & NAGAR HAVELI & DAMAN & DIU,BIHAR
19,38,2,2025,37,DADAR & NAGAR HAVELI & DAMAN & DIU,WEST BENGAL
20,38,2,2025,278,DADAR & NAGAR HAVELI & DAMAN & DIU,JHARKHAND
07,01,3,2025,11,JAMMU AND KASHMIR,DELHI
08,01,3,2025,2,JAMMU AND KASHMIR,RAJASTHAN
09,01,3,2025,2311,JAMMU AND KASHMIR,UTTAR PRADESH
10,01,3,2025,1913,JAMMU AND KASHMIR,BIHAR
20,01,3,2025,67,JAMMU AND KASHMIR,JHARKHAND
24,01,3,2025,1,JAMMU AND KASHMIR,GUJARAT
08,02,3,2025,33,HIMACHAL PRADESH,RAJASTHAN
21,02,3,2025,1,HIMACHAL PRADESH,ODISHA
23,02,3,2025,231,HIMACHAL PRADESH,MADHYA PRADESH
27,02,3,2025,1,HIMACHAL PRADESH,MAHARASHTRA
01,03,3,2025,1,PUNJAB,JAMMU AND KASHMIR
09,03,3,2025,1695,PUNJAB,UTTAR PRADESH
19,03,3,2025,2,PUNJAB,WEST BENGAL
23,03,3,2025,49,PUNJAB,MADHYA PRADESH
05,04,3,2025,2,CHANDIGARH,UTTARAKHAND
08,05,3,2025,3,UTTARAKHAND,RAJASTHAN
19,06,3,2025,146,HARYANA,WEST BENGAL
27,06,3,2025,29,HARYANA,MAHARASHTRA
36,06,3,2025,2,HARYANA,TELANGANA
16,07,3,2025,11,DELHI,TRIPURA
20,07,3,2025,4384,DELHI,JHARKHAND
23,07,3,2025,20849,DELHI,MADHYA PRADESH
27,07,3,2025,239,DELHI,MAHARASHTRA
29,07,3,2025,15,DELHI,KARNATAKA
32,07,3,2025,17,DELHI,KERALA
07,08,3,2025,240,RAJASTHAN,DELHI
10,08,3,2025,7052,RAJASTHAN,BIHAR
24,08,3,2025,98,RAJASTHAN,GUJARAT
29,08,3,2025,2,RAJASTHAN,KARNATAKA
36,08,3,2025,3,RAJASTHAN,TELANGANA
20,09,3,2025,126,UTTAR PRADESH,JHARKHAND
38,09,3,2025,1,UTTAR PRADESH,DADAR & NAGAR HAVELI & DAMAN & DIU
01,10,3,2025,2,BIHAR,JAMMU AND KASHMIR
09,10,3,2025,3142,BIHAR,UTTAR PRADESH
21,10,3,2025,9,BIHAR,ODISHA
29,10,3,2025,21,BIHAR,KARNATAKA
20,11,3,2025,1,SIKKIM,JHARKHAND
19,16,3,2025,2,TRIPURA,WEST BENGAL
07,19,3,2025,66,WEST BENGAL,DELHI
09,19,3,2025,342,WEST BENGAL,UTTAR PRADESH
16,19,3,2025,3,WEST BENGAL,TRIPURA
20,19,3,2025,162,WEST BENGAL,JHARKHAND
06,20,3,2025,19,JHARKHAND,HARYANA
08,20,3,2025,1,JHARKHAND,RAJASTHAN
10,20,3,2025,2289,JHARKHAND,BIHAR
29,20,3,2025,1,JHARKHAND,KARNATAKA
09,22,3,2025,316,CHHATTISGARH,UTTAR PRADESH
07,23,3,2025,204,MADHYA PRADESH,DELHI
10,23,3,2025,1985,MADHYA PRADESH,BIHAR
29,23,3,2025,1,MADHYA PRADESH,KARNATAKA
08,24,3,2025,975,GUJARAT,RAJASTHAN
18,24,3,2025,9,GUJARAT,ASSAM
27,24,3,2025,1112,GUJARAT,MAHARASHTRA
07,27,3,2025,108,MAHARASHTRA,DELHI
09,27,3,2025,50483,MAHARASHTRA,UTTAR PRADESH
18,27,3,2025,63,MAHARASHTRA,ASSAM
33,27,3,2025,15,MAHARASHTRA,TAMIL NADU
36,27,3,2025,20,MAHARASHTRA,TELANGANA
08,28,3,2025,1,ANDHRA PRADESH,RAJASTHAN
28,29,3,2025,1,KARNATAKA,ANDHRA PRADESH
07,30,3,2025,5,GOA,DELHI
19,30,3,2025,15,GOA,WEST BENGAL
28,30,3,2025,4,GOA,ANDHRA PRADESH
32,30,3,2025,1,GOA,KERALA
07,32,3,2025,16,KERALA,DELHI
08,32,3,2025,6,KERALA,RAJASTHAN
29,30,7,2024,360,GOA,KARNATAKA
32,30,7,2024,2,GOA,KERALA
19,32,7,2024,133,KERALA,WEST BENGAL
09,33,7,2024,22,TAMIL NADU,UTTAR PRADESH
10,33,7,2024,685,TAMIL NADU,BIHAR
18,33,7,2024,13,TAMIL NADU,ASSAM
20,33,7,2024,4,TAMIL NADU,JHARKHAND
28,33,7,2024,5,TAMIL NADU,ANDHRA PRADESH
07,36,7,2024,14,TELANGANA,DELHI
10,36,7,2024,2699,TELANGANA,BIHAR
01,37,7,2024,8,LADAKH,JAMMU AND KASHMIR
05,37,7,2024,2,LADAKH,UTTARAKHAND
22,37,7,2024,6,LADAKH,CHHATTISGARH
33,38,7,2024,1,Dadar & Nagar Haveli & Daman & Diu,TAMIL NADU
06,01,8,2024,51,JAMMU AND KASHMIR,HARYANA
09,01,8,2024,4901,JAMMU AND KASHMIR,UTTAR PRADESH
09,02,8,2024,9598,HIMACHAL PRADESH,UTTAR PRADESH
27,03,8,2024,1,PUNJAB,MAHARASHTRA
08,04,8,2024,2,CHANDIGARH,RAJASTHAN
01,05,8,2024,2,UTTARAKHAND,JAMMU AND KASHMIR
18,05,8,2024,4,UTTARAKHAND,ASSAM
23,05,8,2024,67,UTTARAKHAND,MADHYA PRADESH
24,05,8,2024,2,UTTARAKHAND,GUJARAT
01,06,8,2024,6,HARYANA,JAMMU AND KASHMIR
33,06,8,2024,2,HARYANA,TAMIL NADU
01,07,8,2024,36,DELHI,JAMMU AND KASHMIR
08,07,8,2024,3501,DELHI,RAJASTHAN
13,07,8,2024,5,DELHI,NAGALAND
28,07,8,2024,21,DELHI,ANDHRA PRADESH
19,08,8,2024,23,RAJASTHAN,WEST BENGAL
23,08,8,2024,987,RAJASTHAN,MADHYA PRADESH
28,08,8,2024,1,RAJASTHAN,ANDHRA PRADESH
10,09,8,2024,1901,UTTAR PRADESH,BIHAR
20,09,8,2024,53,UTTAR PRADESH,JHARKHAND
27,09,8,2024,356,UTTAR PRADESH,MAHARASHTRA
32,09,8,2024,1,UTTAR PRADESH,KERALA
05,10,8,2024,40,BIHAR,UTTARAKHAND
23,10,8,2024,99,BIHAR,MADHYA PRADESH
24,10,8,2024,80,BIHAR,GUJARAT
09,11,8,2024,4,SIKKIM,UTTAR PRADESH
09,12,8,2024,1,ARUNACHAL PRADESH,UTTAR PRADESH
18,16,8,2024,20,TRIPURA,ASSAM
07,18,8,2024,1,ASSAM,DELHI
23,19,8,2024,9,WEST BENGAL,MADHYA PRADESH
24,19,8,2024,1,WEST BENGAL,GUJARAT
29,19,8,2024,2,WEST BENGAL,KARNATAKA
07,20,8,2024,42,JHARKHAND,DELHI
08,20,8,2024,2,JHARKHAND,RAJASTHAN
09,20,8,2024,94,JHARKHAND,UTTAR PRADESH
32,20,8,2024,1,JHARKHAND,KERALA
07,22,8,2024,7,CHHATTISGARH,DELHI
20,22,8,2024,30,CHHATTISGARH,JHARKHAND
08,23,8,2024,280,MADHYA PRADESH,RAJASTHAN
16,23,8,2024,1,MADHYA PRADESH,TRIPURA
20,24,8,2024,191,GUJARAT,JHARKHAND
23,24,8,2024,4050,GUJARAT,MADHYA PRADESH
27,24,8,2024,945,GUJARAT,MAHARASHTRA
33,24,8,2024,5,GUJARAT,TAMIL NADU
01,27,8,2024,4,MAHARASHTRA,JAMMU AND KASHMIR
08,27,8,2024,667,MAHARASHTRA,RAJASTHAN
09,27,8,2024,37009,MAHARASHTRA,UTTAR PRADESH
10,27,8,2024,20420,MAHARASHTRA,BIHAR
22,27,8,2024,122,MAHARASHTRA,CHHATTISGARH
23,27,8,2024,1119,MAHARASHTRA,MADHYA PRADESH
09,29,8,2024,58,KARNATAKA,UTTAR PRADESH
16,29,8,2024,1,KARNATAKA,TRIPURA
24,29,8,2024,1,KARNATAKA,GUJARAT
19,30,8,2024,16,GOA,WEST BENGAL
22,32,8,2024,11,KERALA,CHHATTISGARH
27,33,8,2024,3,TAMIL NADU,MAHARASHTRA
06,35,8,2024,1,ANDAMAN AND NICOBAR ISLANDS,HARYANA
10,35,8,2024,8,ANDAMAN AND NICOBAR ISLANDS,BIHAR
28,35,8,2024,1,ANDAMAN AND NICOBAR ISLANDS,ANDHRA PRADESH
10,36,8,2024,821,TELANGANA,BIHAR
09,37,8,2024,2,LADAKH,UTTAR PRADESH
27,37,8,2024,2,LADAKH,MAHARASHTRA
08,38,8,2024,44,Dadar & Nagar Haveli & Daman & Diu,RAJASTHAN
10,38,8,2024,3881,Dadar & Nagar Haveli & Daman & Diu,BIHAR
19,38,8,2024,42,Dadar & Nagar Haveli & Daman & Diu,WEST BENGAL
08,01,9,2024,13,JAMMU AND KASHMIR,RAJASTHAN
24,01,9,2024,1,JAMMU AND KASHMIR,GUJARAT
08,02,9,2024,9,HIMACHAL PRADESH,RAJASTHAN
18,02,9,2024,2,HIMACHAL PRADESH,ASSAM
05,03,9,2024,16,PUNJAB,UTTARAKHAND
10,03,9,2024,2722,PUNJAB,BIHAR
22,03,9,2024,4,PUNJAB,CHHATTISGARH
08,05,9,2024,15,UTTARAKHAND,RAJASTHAN
10,05,9,2024,2439,UTTARAKHAND,BIHAR
18,05,9,2024,4,UTTARAKHAND,ASSAM
22,05,9,2024,21,UTTARAKHAND,CHHATTISGARH
33,05,9,2024,1,UTTARAKHAND,TAMIL NADU
02,06,9,2024,11,HARYANA,HIMACHAL PRADESH
05,06,9,2024,272,HARYANA,UTTARAKHAND
09,06,9,2024,24254,HARYANA,UTTAR PRADESH
08,07,9,2024,3589,DELHI,RAJASTHAN
10,07,9,2024,216040,DELHI,BIHAR
13,07,9,2024,2,DELHI,NAGALAND
20,07,9,2024,3710,DELHI,JHARKHAND
24,07,9,2024,171,DELHI,GUJARAT
29,07,9,2024,10,DELHI,KARNATAKA
05,08,9,2024,17,RAJASTHAN,UTTARAKHAND
20,08,9,2024,80,RAJASTHAN,JHARKHAND
27,08,9,2024,37,RAJASTHAN,MAHARASHTRA
33,08,9,2024,2,RAJASTHAN,TAMIL NADU
22,09,9,2024,58,UTTAR PRADESH,CHHATTISGARH
33,09,9,2024,2,UTTAR PRADESH,TAMIL NADU
09,10,9,2024,1486,BIHAR,UTTAR PRADESH
19,11,9,2024,1,SIKKIM,WEST BENGAL
22,11,9,2024,1,SIKKIM,CHHATTISGARH
07,19,9,2024,50,WEST BENGAL,DELHI
29,19,9,2024,1,WEST BENGAL,KARNATAKA
06,20,9,2024,14,JHARKHAND,HARYANA
10,20,9,2024,1735,JHARKHAND,BIHAR
18,20,9,2024,1,JHARKHAND,ASSAM
28,20,9,2024,2,JHARKHAND,ANDHRA PRADESH
07,22,9,2024,8,CHHATTISGARH,DELHI
09,22,9,2024,161,CHHATTISGARH,UTTAR PRADESH
19,22,9,2024,5,CHHATTISGARH,WEST BENGAL
20,22,9,2024,40,CHHATTISGARH,JHARKHAND
27,22,9,2024,18,CHHATTISGARH,MAHARASHTRA
09,23,9,2024,2993,MADHYA PRADESH,UTTAR PRADESH
19,23,9,2024,2,MADHYA PRADESH,WEST BENGAL
24,23,9,2024,32,MADHYA PRADESH,GUJARAT
33,23,9,2024,2,MADHYA PRADESH,TAMIL NADU
06,24,9,2024,165,GUJARAT,HARYANA
18,24,9,2024,6,GUJARAT,ASSAM
05,27,9,2024,70,MAHARASHTRA,UTTARAKHAND
07,27,9,2024,80,MAHARASHTRA,DELHI
10,27,9,2024,21271,MAHARASHTRA,BIHAR
24,27,9,2024,292,MAHARASHTRA,GUJARAT
29,27,9,2024,242,MAHARASHTRA,KARNATAKA
33,27,9,2024,194,MAHARASHTRA,TAMIL NADU
36,27,9,2024,15,MAHARASHTRA,TELANGANA
06,29,9,2024,4,KARNATAKA,HARYANA
16,29,9,2024,2,KARNATAKA,TRIPURA
23,29,9,2024,19,KARNATAKA,MADHYA PRADESH
28,29,9,2024,19,KARNATAKA,ANDHRA PRADESH
01,30,9,2024,2,GOA,JAMMU AND KASHMIR
06,30,9,2024,6,GOA,HARYANA
08,30,9,2024,26,GOA,RAJASTHAN
01,32,9,2024,3,KERALA,JAMMU AND KASHMIR
07,32,9,2024,14,KERALA,DELHI
16,32,9,2024,3,KERALA,TRIPURA
18,32,9,2024,259,KERALA,ASSAM
24,32,9,2024,6,KERALA,GUJARAT
27,32,9,2024,86,KERALA,MAHARASHTRA
10,33,9,2024,249,TAMIL NADU,BIHAR
20,35,9,2024,2,ANDAMAN AND NICOBAR ISLANDS,JHARKHAND
07,36,9,2024,13,TELANGANA,DELHI
16,36,9,2024,1,TELANGANA,TRIPURA
19,36,9,2024,12,TELANGANA,WEST BENGAL
23,36,9,2024,192,TELANGANA,MADHYA PRADESH
32,36,9,2024,2,TELANGANA,KERALA
08,37,9,2024,4,LADAKH,RAJASTHAN
18,38,9,2024,11,Dadar & Nagar Haveli & Daman & Diu,ASSAM
06,01,10,2024,59,JAMMU AND KASHMIR,HARYANA
07,01,10,2024,10,JAMMU AND KASHMIR,DELHI
10,01,10,2024,1901,JAMMU AND KASHMIR,BIHAR
24,01,10,2024,1,JAMMU AND KASHMIR,GUJARAT
05,02,10,2024,41,HIMACHAL PRADESH,UTTARAKHAND
07,02,10,2024,35,HIMACHAL PRADESH,DELHI
18,02,10,2024,2,HIMACHAL PRADESH,ASSAM
19,02,10,2024,20,HIMACHAL PRADESH,WEST BENGAL
05,03,10,2024,4,PUNJAB,UTTARAKHAND
07,05,10,2024,179,UTTARAKHAND,DELHI
10,05,10,2024,2725,UTTARAKHAND,BIHAR
18,05,10,2024,4,UTTARAKHAND,ASSAM
22,05,10,2024,25,UTTARAKHAND,CHHATTISGARH
23,05,10,2024,58,UTTARAKHAND,MADHYA PRADESH
01,06,10,2024,5,HARYANA,JAMMU AND KASHMIR
22,06,10,2024,100,HARYANA,CHHATTISGARH
05,07,10,2024,6117,DELHI,UTTARAKHAND
18,07,10,2024,385,DELHI,ASSAM
24,07,10,2024,189,DELHI,GUJARAT
33,07,10,2024,108,DELHI,TAMIL NADU
36,07,10,2024,10,DELHI,TELANGANA
05,08,10,2024,13,RAJASTHAN,UTTARAKHAND
06,08,10,2024,1046,RAJASTHAN,HARYANA
27,08,10,2024,51,RAJASTHAN,MAHARASHTRA
33,08,10,2024,2,RAJASTHAN,TAMIL NADU
36,08,10,2024,4,RAJASTHAN,TELANGANA
06,09,10,2024,1163,UTTAR PRADESH,HARYANA
08,09,10,2024,65,UTTAR PRADESH,RAJASTHAN
20,09,10,2024,91,UTTAR PRADESH,JHARKHAND
28,09,10,2024,1,UTTAR PRADESH,ANDHRA PRADESH
29,09,10,2024,10,UTTAR PRADESH,KARNATAKA
05,10,10,2024,60,BIHAR,UTTARAKHAND
06,10,10,2024,1136,BIHAR,HARYANA
07,10,10,2024,2357,BIHAR,DELHI
10,15,10,2024,1,MIZORAM,BIHAR
09,16,10,2024,3,TRIPURA,UTTAR PRADESH
10,17,10,2024,9,MEGHALAYA,BIHAR
16,17,10,2024,1,MEGHALAYA,TRIPURA
18,17,10,2024,5,MEGHALAYA,ASSAM
19,17,10,2024,2,MEGHALAYA,WEST BENGAL
08,18,10,2024,1,ASSAM,RAJASTHAN
09,18,10,2024,6,ASSAM,UTTAR PRADESH
06,19,10,2024,12,WEST BENGAL,HARYANA
24,19,10,2024,1,WEST BENGAL,GUJARAT
27,19,10,2024,11,WEST BENGAL,MAHARASHTRA
06,20,10,2024,14,JHARKHAND,HARYANA
09,20,10,2024,99,JHARKHAND,UTTAR PRADESH
22,20,10,2024,27,JHARKHAND,CHHATTISGARH
19,22,10,2024,5,CHHATTISGARH,WEST BENGAL
23,22,10,2024,158,CHHATTISGARH,MADHYA PRADESH
18,23,10,2024,29,MADHYA PRADESH,ASSAM
28,23,10,2024,1,MADHYA PRADESH,ANDHRA PRADESH
01,27,10,2024,3,MAHARASHTRA,JAMMU AND KASHMIR
02,27,10,2024,1,MAHARASHTRA,HIMACHAL PRADESH
07,27,10,2024,85,MAHARASHTRA,DELHI
19,27,10,2024,310,MAHARASHTRA,WEST BENGAL
24,27,10,2024,318,MAHARASHTRA,GUJARAT
05,30,10,2024,4,GOA,UTTARAKHAND
10,30,10,2024,682,GOA,BIHAR
05,32,10,2024,4,KERALA,UTTARAKHAND
07,32,10,2024,15,KERALA,DELHI
09,32,10,2024,348,KERALA,UTTAR PRADESH
29,32,10,2024,388,KERALA,KARNATAKA
33,32,10,2024,528,KERALA,TAMIL NADU
36,32,10,2024,7,KERALA,TELANGANA
01,33,10,2024,1,TAMIL NADU,JAMMU AND KASHMIR
32,33,10,2024,33,TAMIL NADU,KERALA
06,35,10,2024,1,ANDAMAN AND NICOBAR ISLANDS,HARYANA
32,35,10,2024,3,ANDAMAN AND NICOBAR ISLANDS,KERALA
08,36,10,2024,75,TELANGANA,RAJASTHAN
22,36,10,2024,83,TELANGANA,CHHATTISGARH
23,36,10,2024,205,TELANGANA,MADHYA PRADESH
27,36,10,2024,986,TELANGANA,MAHARASHTRA
29,36,10,2024,468,TELANGANA,KARNATAKA
02,38,10,2024,1,Dadar & Nagar Haveli & Daman & Diu,HIMACHAL PRADESH
05,38,10,2024,12,Dadar & Nagar Haveli & Daman & Diu,UTTARAKHAND
07,38,10,2024,3,Dadar & Nagar Haveli & Daman & Diu,DELHI
22,38,10,2024,30,Dadar & Nagar Haveli & Daman & Diu,CHHATTISGARH
06,01,11,2024,54,JAMMU AND KASHMIR,HARYANA
08,01,11,2024,8,JAMMU AND KASHMIR,RAJASTHAN
18,01,11,2024,4,JAMMU AND KASHMIR,ASSAM
20,01,11,2024,46,JAMMU AND KASHMIR,JHARKHAND
24,01,11,2024,1,JAMMU AND KASHMIR,GUJARAT
27,01,11,2024,1,JAMMU AND KASHMIR,MAHARASHTRA
19,02,11,2024,16,HIMACHAL PRADESH,WEST BENGAL
07,03,11,2024,8,PUNJAB,DELHI
23,03,11,2024,23,PUNJAB,MADHYA PRADESH
08,05,11,2024,16,UTTARAKHAND,RAJASTHAN
33,05,11,2024,1,UTTARAKHAND,TAMIL NADU
01,06,11,2024,4,HARYANA,JAMMU AND KASHMIR
05,06,11,2024,206,HARYANA,UTTARAKHAND
18,06,11,2024,30,HARYANA,ASSAM
22,06,11,2024,126,HARYANA,CHHATTISGARH
19,07,11,2024,2057,DELHI,WEST BENGAL
28,07,11,2024,27,DELHI,ANDHRA PRADESH
07,08,11,2024,172,RAJASTHAN,DELHI
19,08,11,2024,26,RAJASTHAN,WEST BENGAL
05,09,11,2024,45,UTTAR PRADESH,UTTARAKHAND
27,09,11,2024,713,UTTAR PRADESH,MAHARASHTRA
36,09,11,2024,1,UTTAR PRADESH,TELANGANA
01,10,11,2024,1,BIHAR,JAMMU AND KASHMIR
02,10,11,2024,2,BIHAR,HIMACHAL PRADESH
06,10,11,2024,1397,BIHAR,HARYANA
07,10,11,2024,2674,BIHAR,DELHI
09,10,11,2024,1297,BIHAR,UTTAR PRADESH
29,10,11,2024,20,BIHAR,KARNATAKA
09,11,11,2024,1,SIKKIM,UTTAR PRADESH
10,11,11,2024,127,SIKKIM,BIHAR
06,16,11,2024,1,TRIPURA,HARYANA
22,16,11,2024,1,TRIPURA,CHHATTISGARH
19,18,11,2024,1,ASSAM,WEST BENGAL
07,19,11,2024,61,WEST BENGAL,DELHI
09,19,11,2024,149,WEST BENGAL,UTTAR PRADESH
27,19,11,2024,7,WEST BENGAL,MAHARASHTRA
19,20,11,2024,3,JHARKHAND,WEST BENGAL
06,22,11,2024,17,CHHATTISGARH,HARYANA
23,22,11,2024,197,CHHATTISGARH,MADHYA PRADESH
36,22,11,2024,1,CHHATTISGARH,TELANGANA
07,23,11,2024,164,MADHYA PRADESH,DELHI
18,23,11,2024,1,MADHYA PRADESH,ASSAM
22,23,11,2024,314,MADHYA PRADESH,CHHATTISGARH
24,23,11,2024,37,MADHYA PRADESH,GUJARAT
33,23,11,2024,3,MADHYA PRADESH,TAMIL NADU
29,24,11,2024,3,GUJARAT,KARNATAKA
32,24,11,2024,9,GUJARAT,KERALA
06,27,11,2024,335,MAHARASHTRA,HARYANA
10,27,11,2024,23132,MAHARASHTRA,BIHAR
29,27,11,2024,231,MAHARASHTRA,KARNATAKA
08,30,11,2024,29,GOA,RAJASTHAN
29,30,11,2024,475,GOA,KARNATAKA
33,30,11,2024,4,GOA,TAMIL NADU
36,30,11,2024,2,GOA,TELANGANA
05,32,11,2024,6,KERALA,UTTARAKHAND
06,32,11,2024,7,KERALA,HARYANA
07,32,11,2024,14,KERALA,DELHI
18,32,11,2024,362,KERALA,ASSAM
36,32,11,2024,6,KERALA,TELANGANA
06,33,11,2024,3,TAMIL NADU,HARYANA
23,33,11,2024,2,TAMIL NADU,MADHYA PRADESH
28,33,11,2024,2,TAMIL NADU,ANDHRA PRADESH
10,35,11,2024,12,ANDAMAN AND NICOBAR ISLANDS,BIHAR
29,36,11,2024,677,TELANGANA,KARNATAKA
08,37,11,2024,10,LADAKH,RAJASTHAN
06,38,11,2024,8,Dadar & Nagar Haveli & Daman & Diu,HARYANA
24,38,11,2024,1270,Dadar & Nagar Haveli & Daman & Diu,GUJARAT
05,01,12,2024,13,JAMMU AND KASHMIR,UTTARAKHAND
08,01,12,2024,8,JAMMU AND KASHMIR,RAJASTHAN
20,01,12,2024,66,JAMMU AND KASHMIR,JHARKHAND
23,01,12,2024,1700,JAMMU AND KASHMIR,MADHYA PRADESH
05,02,12,2024,32,HIMACHAL PRADESH,UTTARAKHAND
08,02,12,2024,47,HIMACHAL PRADESH,RAJASTHAN
19,02,12,2024,23,HIMACHAL PRADESH,WEST BENGAL
20,02,12,2024,100,HIMACHAL PRADESH,JHARKHAND
01,03,12,2024,4,PUNJAB,JAMMU AND KASHMIR
05,06,12,2024,260,HARYANA,UTTARAKHAND
36,06,12,2024,1,HARYANA,TELANGANA
01,07,12,2024,208,DELHI,JAMMU AND KASHMIR
22,07,12,2024,430,DELHI,CHHATTISGARH
23,07,12,2024,21203,DELHI,MADHYA PRADESH
01,08,12,2024,2,RAJASTHAN,JAMMU AND KASHMIR
06,08,12,2024,1201,RAJASTHAN,HARYANA
20,08,12,2024,153,RAJASTHAN,JHARKHAND
24,08,12,2024,96,RAJASTHAN,GUJARAT
05,09,12,2024,60,UTTAR PRADESH,UTTARAKHAND
08,09,12,2024,133,UTTAR PRADESH,RAJASTHAN
10,09,12,2024,5611,UTTAR PRADESH,BIHAR
20,09,12,2024,191,UTTAR PRADESH,JHARKHAND
23,09,12,2024,815,UTTAR PRADESH,MADHYA PRADESH
01,10,12,2024,1,BIHAR,JAMMU AND KASHMIR
08,10,12,2024,152,BIHAR,RAJASTHAN
22,10,12,2024,177,BIHAR,CHHATTISGARH
23,10,12,2024,173,BIHAR,MADHYA PRADESH
10,11,12,2024,109,SIKKIM,BIHAR
06,16,12,2024,1,TRIPURA,HARYANA
08,16,12,2024,1,TRIPURA,RAJASTHAN
10,16,12,2024,1029,TRIPURA,BIHAR
18,17,12,2024,6,MEGHALAYA,ASSAM
23,19,12,2024,7,WEST BENGAL,MADHYA PRADESH
08,20,12,2024,6,JHARKHAND,RAJASTHAN
05,22,12,2024,1,CHHATTISGARH,UTTARAKHAND
08,22,12,2024,4,CHHATTISGARH,RAJASTHAN
09,22,12,2024,296,CHHATTISGARH,UTTAR PRADESH
20,22,12,2024,121,CHHATTISGARH,JHARKHAND
01,23,12,2024,4,MADHYA PRADESH,JAMMU AND KASHMIR
08,23,12,2024,449,MADHYA PRADESH,RAJASTHAN
22,23,12,2024,330,MADHYA PRADESH,CHHATTISGARH
33,23,12,2024,2,MADHYA PRADESH,TAMIL NADU
23,24,12,2024,5666,GUJARAT,MADHYA PRADESH
28,24,12,2024,6,GUJARAT,ANDHRA PRADESH
32,24,12,2024,9,GUJARAT,KERALA
33,24,12,2024,9,GUJARAT,TAMIL NADU
38,24,12,2024,7,GUJARAT,Dadar & Nagar Haveli & Daman & Diu
20,27,12,2024,2144,MAHARASHTRA,JHARKHAND
29,27,12,2024,340,MAHARASHTRA,KARNATAKA
36,27,12,2024,19,MAHARASHTRA,TELANGANA
38,27,12,2024,4,MAHARASHTRA,Dadar & Nagar Haveli & Daman & Diu
08,29,12,2024,1,KARNATAKA,RAJASTHAN
18,29,12,2024,3,KARNATAKA,ASSAM
19,29,12,2024,2,KARNATAKA,WEST BENGAL
20,29,12,2024,47,KARNATAKA,JHARKHAND
22,29,12,2024,4,KARNATAKA,CHHATTISGARH
32,29,12,2024,6,KARNATAKA,KERALA
08,30,12,2024,25,GOA,RAJASTHAN
18,30,12,2024,19,GOA,ASSAM
19,30,12,2024,16,GOA,WEST BENGAL
20,30,12,2024,81,GOA,JHARKHAND
36,30,12,2024,2,GOA,TELANGANA
05,32,12,2024,3,KERALA,UTTARAKHAND
20,32,12,2024,471,KERALA,JHARKHAND
23,32,12,2024,451,KERALA,MADHYA PRADESH
28,32,12,2024,25,KERALA,ANDHRA PRADESH
10,33,12,2024,165,TAMIL NADU,BIHAR
28,33,12,2024,4,TAMIL NADU,ANDHRA PRADESH
07,36,12,2024,16,TELANGANA,DELHI
09,38,12,2024,3355,Dadar & Nagar Haveli & Daman & Diu,UTTAR PRADESH
10,38,12,2024,4665,Dadar & Nagar Haveli & Daman & Diu,BIHAR
19,38,12,2024,43,Dadar & Nagar Haveli & Daman & Diu,WEST BENGAL
20,38,12,2024,289,Dadar & Nagar Haveli & Daman & Diu,JHARKHAND
22,38,12,2024,26,Dadar & Nagar Haveli & Daman & Diu,CHHATTISGARH
33,36,10,2025,6,TELANGANA,TAMIL NADU
18,38,10,2025,21,DADAR & NAGAR HAVELI & DAMAN & DIU,ASSAM
05,01,11,2025,30,JAMMU AND KASHMIR,UTTARAKHAND
06,01,11,2025,23,JAMMU AND KASHMIR,HARYANA
07,01,11,2025,5,JAMMU AND KASHMIR,DELHI
08,01,11,2025,4,JAMMU AND KASHMIR,RAJASTHAN
23,01,11,2025,1461,JAMMU AND KASHMIR,MADHYA PRADESH
06,02,11,2025,26,HIMACHAL PRADESH,HARYANA
07,02,11,2025,17,HIMACHAL PRADESH,DELHI
19,02,11,2025,10,HIMACHAL PRADESH,WEST BENGAL
08,03,11,2025,12,PUNJAB,RAJASTHAN
10,03,11,2025,4628,PUNJAB,BIHAR
24,03,11,2025,1,PUNJAB,GUJARAT
10,04,11,2025,13,CHANDIGARH,BIHAR
23,05,11,2025,82,UTTARAKHAND,MADHYA PRADESH
27,05,11,2025,5,UTTARAKHAND,MAHARASHTRA
02,06,11,2025,5,HARYANA,HIMACHAL PRADESH
05,06,11,2025,255,HARYANA,UTTARAKHAND
09,06,11,2025,25425,HARYANA,UTTAR PRADESH
29,06,11,2025,2,HARYANA,KARNATAKA
08,07,11,2025,3060,DELHI,RAJASTHAN
16,07,11,2025,8,DELHI,TRIPURA
21,07,11,2025,195,DELHI,ODISHA
27,07,11,2025,188,DELHI,MAHARASHTRA
29,07,11,2025,8,DELHI,KARNATAKA
10,08,11,2025,6199,RAJASTHAN,BIHAR
05,10,11,2025,69,BIHAR,UTTARAKHAND
09,10,11,2025,1277,BIHAR,UTTAR PRADESH
13,10,11,2025,15,BIHAR,NAGALAND
18,10,11,2025,213,BIHAR,ASSAM
19,16,11,2025,1,TRIPURA,WEST BENGAL
07,18,11,2025,1,ASSAM,DELHI
08,18,11,2025,1,ASSAM,RAJASTHAN
09,18,11,2025,3,ASSAM,UTTAR PRADESH
07,19,11,2025,61,WEST BENGAL,DELHI
18,19,11,2025,13,WEST BENGAL,ASSAM
27,19,11,2025,8,WEST BENGAL,MAHARASHTRA
05,20,11,2025,1,JHARKHAND,UTTARAKHAND
09,20,11,2025,62,JHARKHAND,UTTAR PRADESH
18,20,11,2025,4,JHARKHAND,ASSAM
08,23,11,2025,259,MADHYA PRADESH,RAJASTHAN
16,23,11,2025,1,MADHYA PRADESH,TRIPURA
33,24,11,2025,6,GUJARAT,TAMIL NADU
38,24,11,2025,8,GUJARAT,DADAR & NAGAR HAVELI & DAMAN & DIU
07,27,11,2025,81,MAHARASHTRA,DELHI
08,27,11,2025,695,MAHARASHTRA,RAJASTHAN
10,27,11,2025,30277,MAHARASHTRA,BIHAR
16,27,11,2025,2,MAHARASHTRA,TRIPURA
20,27,11,2025,1181,MAHARASHTRA,JHARKHAND
21,27,11,2025,48,MAHARASHTRA,ODISHA
08,28,11,2025,1,ANDHRA PRADESH,RAJASTHAN
07,29,11,2025,2,KARNATAKA,DELHI
05,30,11,2025,6,GOA,UTTARAKHAND
10,30,11,2025,900,GOA,BIHAR
18,30,11,2025,47,GOA,ASSAM
28,30,11,2025,5,GOA,ANDHRA PRADESH
09,32,11,2025,330,KERALA,UTTAR PRADESH
10,32,11,2025,1282,KERALA,BIHAR
19,32,11,2025,355,KERALA,WEST BENGAL
20,32,11,2025,270,KERALA,JHARKHAND
05,36,11,2025,3,TELANGANA,UTTARAKHAND
06,36,11,2025,35,TELANGANA,HARYANA
18,36,11,2025,57,TELANGANA,ASSAM
27,36,11,2025,1051,TELANGANA,MAHARASHTRA
33,36,11,2025,9,TELANGANA,TAMIL NADU
10,37,11,2025,2,LADAKH,BIHAR
05,38,11,2025,15,DADAR & NAGAR HAVELI & DAMAN & DIU,UTTARAKHAND
06,38,11,2025,4,DADAR & NAGAR HAVELI & DAMAN & DIU,HARYANA
10,38,11,2025,5040,DADAR & NAGAR HAVELI & DAMAN & DIU,BIHAR
23,38,11,2025,846,DADAR & NAGAR HAVELI & DAMAN & DIU,MADHYA PRADESH
24,38,11,2025,560,DADAR & NAGAR HAVELI & DAMAN & DIU,GUJARAT
27,38,11,2025,529,DADAR & NAGAR HAVELI & DAMAN & DIU,MAHARASHTRA
23,01,12,2025,692,JAMMU AND KASHMIR,MADHYA PRADESH
06,02,12,2025,15,HIMACHAL PRADESH,HARYANA
08,02,12,2025,5,HIMACHAL PRADESH,RAJASTHAN
23,03,12,2025,6,PUNJAB,MADHYA PRADESH
09,04,12,2025,11,CHANDIGARH,UTTAR PRADESH
02,06,12,2025,5,HARYANA,HIMACHAL PRADESH
07,06,12,2025,3,HARYANA,DELHI
21,06,12,2025,5,HARYANA,ODISHA
05,07,12,2025,5926,DELHI,UTTARAKHAND
18,07,12,2025,497,DELHI,ASSAM
23,07,12,2025,19238,DELHI,MADHYA PRADESH
28,07,12,2025,17,DELHI,ANDHRA PRADESH
29,07,12,2025,6,DELHI,KARNATAKA
33,07,12,2025,61,DELHI,TAMIL NADU
05,08,12,2025,24,RAJASTHAN,UTTARAKHAND
06,08,12,2025,410,RAJASTHAN,HARYANA
23,08,12,2025,1987,RAJASTHAN,MADHYA PRADESH
29,08,12,2025,3,RAJASTHAN,KARNATAKA
29,09,12,2025,4,UTTAR PRADESH,KARNATAKA
07,10,12,2025,9,BIHAR,DELHI
09,10,12,2025,1176,BIHAR,UTTAR PRADESH
22,10,12,2025,6,BIHAR,CHHATTISGARH
23,10,12,2025,126,BIHAR,MADHYA PRADESH
10,18,12,2025,78,ASSAM,BIHAR
07,19,12,2025,6,WEST BENGAL,DELHI
16,19,12,2025,2,WEST BENGAL,TRIPURA
21,19,12,2025,3,WEST BENGAL,ODISHA
27,20,12,2025,2,JHARKHAND,MAHARASHTRA
10,22,12,2025,4,CHHATTISGARH,BIHAR
23,22,12,2025,3,CHHATTISGARH,MADHYA PRADESH
27,22,12,2025,2,CHHATTISGARH,MAHARASHTRA
09,23,12,2025,1384,MADHYA PRADESH,UTTAR PRADESH
20,23,12,2025,23,MADHYA PRADESH,JHARKHAND
24,23,12,2025,3,MADHYA PRADESH,GUJARAT
27,23,12,2025,62,MADHYA PRADESH,MAHARASHTRA
10,24,12,2025,309,GUJARAT,BIHAR
23,24,12,2025,177,GUJARAT,MADHYA PRADESH
29,24,12,2025,1,GUJARAT,KARNATAKA
19,28,12,2025,5,ANDHRA PRADESH,WEST BENGAL
05,30,12,2025,2,GOA,UTTARAKHAND
09,30,12,2025,531,GOA,UTTAR PRADESH
18,30,12,2025,28,GOA,ASSAM
28,30,12,2025,2,GOA,ANDHRA PRADESH
07,32,12,2025,1,KERALA,DELHI
27,32,12,2025,27,KERALA,MAHARASHTRA
07,36,12,2025,2,TELANGANA,DELHI
10,37,12,2025,1,LADAKH,BIHAR
20,38,12,2025,27,DADAR & NAGAR HAVELI & DAMAN & DIU,JHARKHAND
09,01,1,2026,1993,JAMMU AND KASHMIR,UTTAR PRADESH
20,01,1,2026,41,JAMMU AND KASHMIR,JHARKHAND
23,01,1,2026,1612,JAMMU AND KASHMIR,MADHYA PRADESH
27,01,1,2026,3,JAMMU AND KASHMIR,MAHARASHTRA
10,02,1,2026,3707,HIMACHAL PRADESH,BIHAR
07,03,1,2026,13,PUNJAB,DELHI
09,03,1,2026,1470,PUNJAB,UTTAR PRADESH
10,03,1,2026,3054,PUNJAB,BIHAR
23,03,1,2026,36,PUNJAB,MADHYA PRADESH
29,03,1,2026,1,PUNJAB,KARNATAKA
09,05,1,2026,13373,UTTARAKHAND,UTTAR PRADESH
19,05,1,2026,1,UTTARAKHAND,WEST BENGAL
20,05,1,2026,19,UTTARAKHAND,JHARKHAND
13,06,1,2026,1,HARYANA,NAGALAND
02,07,1,2026,53,DELHI,HIMACHAL PRADESH
06,07,1,2026,6268,DELHI,HARYANA
16,07,1,2026,9,DELHI,TRIPURA
18,07,1,2026,592,DELHI,ASSAM
22,07,1,2026,28,DELHI,CHHATTISGARH
24,07,1,2026,133,DELHI,GUJARAT
27,07,1,2026,213,DELHI,MAHARASHTRA
28,07,1,2026,19,DELHI,ANDHRA PRADESH
05,08,1,2026,51,RAJASTHAN,UTTARAKHAND
18,08,1,2026,12,RAJASTHAN,ASSAM
22,08,1,2026,1,RAJASTHAN,CHHATTISGARH
27,08,1,2026,40,RAJASTHAN,MAHARASHTRA
05,09,1,2026,244,UTTAR PRADESH,UTTARAKHAND
07,09,1,2026,2032,UTTAR PRADESH,DELHI
20,09,1,2026,191,UTTAR PRADESH,JHARKHAND
21,09,1,2026,6,UTTAR PRADESH,ODISHA
18,10,1,2026,215,BIHAR,ASSAM
19,10,1,2026,153,BIHAR,WEST BENGAL
23,10,1,2026,201,BIHAR,MADHYA PRADESH
38,10,1,2026,1,BIHAR,DADAR & NAGAR HAVELI & DAMAN & DIU
21,19,1,2026,7,WEST BENGAL,ODISHA
24,19,1,2026,1,WEST BENGAL,GUJARAT
38,19,1,2026,1,WEST BENGAL,DADAR & NAGAR HAVELI & DAMAN & DIU
10,20,1,2026,2293,JHARKHAND,BIHAR
19,20,1,2026,1,JHARKHAND,WEST BENGAL
23,20,1,2026,2,JHARKHAND,MADHYA PRADESH
27,20,1,2026,10,JHARKHAND,MAHARASHTRA
07,23,1,2026,147,MADHYA PRADESH,DELHI
10,23,1,2026,2563,MADHYA PRADESH,BIHAR
18,23,1,2026,4,MADHYA PRADESH,ASSAM
38,23,1,2026,1,MADHYA PRADESH,DADAR & NAGAR HAVELI & DAMAN & DIU
07,24,1,2026,67,GUJARAT,DELHI
08,24,1,2026,1397,GUJARAT,RAJASTHAN
09,24,1,2026,13819,GUJARAT,UTTAR PRADESH
24,27,1,2026,271,MAHARASHTRA,GUJARAT
09,28,1,2026,8,ANDHRA PRADESH,UTTAR PRADESH
21,28,1,2026,1,ANDHRA PRADESH,ODISHA
06,30,1,2026,4,GOA,HARYANA
23,30,1,2026,158,GOA,MADHYA PRADESH
21,32,1,2026,10,KERALA,ODISHA
30,32,1,2026,1,KERALA,GOA
06,36,1,2026,58,TELANGANA,HARYANA
21,36,1,2026,37,TELANGANA,ODISHA
22,36,1,2026,13,TELANGANA,CHHATTISGARH
23,36,1,2026,531,TELANGANA,MADHYA PRADESH
29,36,1,2026,793,TELANGANA,KARNATAKA
06,38,1,2026,9,DADAR & NAGAR HAVELI & DAMAN & DIU,HARYANA
09,38,1,2026,3622,DADAR & NAGAR HAVELI & DAMAN & DIU,UTTAR PRADESH
18,38,1,2026,24,DADAR & NAGAR HAVELI & DAMAN & DIU,ASSAM
19,38,1,2026,1,DADAR & NAGAR HAVELI & DAMAN & DIU,WEST BENGAL
27,38,1,2026,546,DADAR & NAGAR HAVELI & DAMAN & DIU,MAHARASHTRA
23,01,2,2026,1611,JAMMU AND KASHMIR,MADHYA PRADESH
05,02,2,2026,83,HIMACHAL PRADESH,UTTARAKHAND
20,02,2,2026,79,HIMACHAL PRADESH,JHARKHAND
07,05,2,2026,138,UTTARAKHAND,DELHI
16,05,2,2026,1,UTTARAKHAND,TRIPURA
20,05,2,2026,18,UTTARAKHAND,JHARKHAND
28,06,2,2026,1,HARYANA,ANDHRA PRADESH
18,07,2,2026,649,DELHI,ASSAM
24,07,2,2026,146,DELHI,GUJARAT
29,07,2,2026,11,DELHI,KARNATAKA
06,08,2,2026,467,RAJASTHAN,HARYANA
19,08,2,2026,16,RAJASTHAN,WEST BENGAL
29,08,2,2026,4,RAJASTHAN,KARNATAKA
19,09,2,2026,6,UTTAR PRADESH,WEST BENGAL
38,09,2,2026,1,UTTAR PRADESH,DADAR & NAGAR HAVELI & DAMAN & DIU
05,10,2,2026,83,BIHAR,UTTARAKHAND
27,10,2,2026,404,BIHAR,MAHARASHTRA
33,10,2,2026,8,BIHAR,TAMIL NADU
38,10,2,2026,1,BIHAR,DADAR & NAGAR HAVELI & DAMAN & DIU
10,16,2,2026,783,TRIPURA,BIHAR
23,16,2,2026,1,TRIPURA,MADHYA PRADESH
10,17,2,2026,10,MEGHALAYA,BIHAR
10,18,2,2026,137,ASSAM,BIHAR
07,19,2,2026,55,WEST BENGAL,DELHI
21,20,2,2026,2,JHARKHAND,ODISHA
24,20,2,2026,1,JHARKHAND,GUJARAT
18,23,2,2026,4,MADHYA PRADESH,ASSAM
08,24,2,2026,1389,GUJARAT,RAJASTHAN
20,24,2,2026,238,GUJARAT,JHARKHAND
22,24,2,2026,3,GUJARAT,CHHATTISGARH
28,24,2,2026,3,GUJARAT,ANDHRA PRADESH
05,27,2,2026,110,MAHARASHTRA,UTTARAKHAND
10,27,2,2026,36405,MAHARASHTRA,BIHAR
22,27,2,2026,14,MAHARASHTRA,CHHATTISGARH
23,27,2,2026,1704,MAHARASHTRA,MADHYA PRADESH
33,27,2,2026,212,MAHARASHTRA,TAMIL NADU
38,27,2,2026,4,MAHARASHTRA,DADAR & NAGAR HAVELI & DAMAN & DIU
09,28,2,2026,6,ANDHRA PRADESH,UTTAR PRADESH
08,29,2,2026,2,KARNATAKA,RAJASTHAN
24,30,2,2026,3,GOA,GUJARAT
28,30,2,2026,7,GOA,ANDHRA PRADESH
33,30,2,2026,4,GOA,TAMIL NADU
05,32,2,2026,9,KERALA,UTTARAKHAND
08,32,2,2026,16,KERALA,RAJASTHAN
23,32,2,2026,363,KERALA,MADHYA PRADESH
27,32,2,2026,92,KERALA,MAHARASHTRA
09,33,2,2026,4,TAMIL NADU,UTTAR PRADESH
05,36,2,2026,7,TELANGANA,UTTARAKHAND
09,36,2,2026,810,TELANGANA,UTTAR PRADESH
22,36,2,2026,14,TELANGANA,CHHATTISGARH
24,36,2,2026,12,TELANGANA,GUJARAT
28,36,2,2026,2225,TELANGANA,ANDHRA PRADESH
08,38,2,2026,52,DADAR & NAGAR HAVELI & DAMAN & DIU,RAJASTHAN
18,38,2,2026,25,DADAR & NAGAR HAVELI & DAMAN & DIU,ASSAM
24,38,2,2026,443,DADAR & NAGAR HAVELI & DAMAN & DIU,GUJARAT
29,38,2,2026,1,DADAR & NAGAR HAVELI & DAMAN & DIU,KARNATAKA
33,38,2,2026,1,DADAR & NAGAR HAVELI & DAMAN & DIU,TAMIL NADU
05,01,3,2026,10,JAMMU AND KASHMIR,UTTARAKHAND
10,01,3,2026,2509,JAMMU AND KASHMIR,BIHAR
19,01,3,2026,1,JAMMU AND KASHMIR,WEST BENGAL
22,01,3,2026,11,JAMMU AND KASHMIR,CHHATTISGARH
09,02,3,2026,7760,HIMACHAL PRADESH,UTTAR PRADESH
19,02,3,2026,8,HIMACHAL PRADESH,WEST BENGAL
21,02,3,2026,2,HIMACHAL PRADESH,ODISHA
06,03,3,2026,19,PUNJAB,HARYANA
19,03,3,2026,1,PUNJAB,WEST BENGAL
33,03,3,2026,1,PUNJAB,TAMIL NADU
08,05,3,2026,18,UTTARAKHAND,RAJASTHAN
09,05,3,2026,17088,UTTARAKHAND,UTTAR PRADESH
10,05,3,2026,4894,UTTARAKHAND,BIHAR
19,05,3,2026,3,UTTARAKHAND,WEST BENGAL
21,05,3,2026,1,UTTARAKHAND,ODISHA
32,05,3,2026,1,UTTARAKHAND,KERALA
33,05,3,2026,1,UTTARAKHAND,TAMIL NADU
02,06,3,2026,6,HARYANA,HIMACHAL PRADESH
05,06,3,2026,331,HARYANA,UTTARAKHAND
07,06,3,2026,558,HARYANA,DELHI
20,06,3,2026,392,HARYANA,JHARKHAND
33,06,3,2026,1,HARYANA,TAMIL NADU
16,07,3,2026,12,DELHI,TRIPURA
19,07,3,2026,660,DELHI,WEST BENGAL
22,07,3,2026,31,DELHI,CHHATTISGARH
27,07,3,2026,226,DELHI,MAHARASHTRA
37,07,3,2026,2,DELHI,LADAKH
06,09,3,2026,488,UTTAR PRADESH,HARYANA
22,09,3,2026,4,UTTAR PRADESH,CHHATTISGARH
33,09,3,2026,1,UTTAR PRADESH,TAMIL NADU
05,10,3,2026,54,BIHAR,UTTARAKHAND
09,10,3,2026,3218,BIHAR,UTTAR PRADESH
13,10,3,2026,18,BIHAR,NAGALAND
27,10,3,2026,444,BIHAR,MAHARASHTRA
29,10,3,2026,29,BIHAR,KARNATAKA
38,10,3,2026,1,BIHAR,DADAR & NAGAR HAVELI & DAMAN & DIU
09,16,3,2026,3,TRIPURA,UTTAR PRADESH
19,16,3,2026,1,TRIPURA,WEST BENGAL
18,17,3,2026,7,MEGHALAYA,ASSAM
08,18,3,2026,1,ASSAM,RAJASTHAN
33,19,3,2026,3,WEST BENGAL,TAMIL NADU
38,19,3,2026,1,WEST BENGAL,DADAR & NAGAR HAVELI & DAMAN & DIU
19,20,3,2026,2,JHARKHAND,WEST BENGAL
22,20,3,2026,1,JHARKHAND,CHHATTISGARH
05,23,3,2026,11,MADHYA PRADESH,UTTARAKHAND
06,23,3,2026,56,MADHYA PRADESH,HARYANA
21,23,3,2026,6,MADHYA PRADESH,ODISHA
22,23,3,2026,5,MADHYA PRADESH,CHHATTISGARH
32,23,3,2026,1,MADHYA PRADESH,KERALA
38,23,3,2026,1,MADHYA PRADESH,DADAR & NAGAR HAVELI & DAMAN & DIU
19,24,3,2026,6,GUJARAT,WEST BENGAL
28,27,3,2026,32,MAHARASHTRA,ANDHRA PRADESH
29,27,3,2026,433,MAHARASHTRA,KARNATAKA
32,27,3,2026,10,MAHARASHTRA,KERALA
22,28,3,2026,1,ANDHRA PRADESH,CHHATTISGARH
08,29,3,2026,2,KARNATAKA,RAJASTHAN
09,29,3,2026,89,KARNATAKA,UTTAR PRADESH
18,29,3,2026,11,KARNATAKA,ASSAM
21,29,3,2026,2,KARNATAKA,ODISHA
33,29,3,2026,10,KARNATAKA,TAMIL NADU
09,30,3,2026,1231,GOA,UTTAR PRADESH
10,30,3,2026,1092,GOA,BIHAR
20,30,3,2026,106,GOA,JHARKHAND
22,30,3,2026,3,GOA,CHHATTISGARH
07,32,3,2026,18,KERALA,DELHI
10,32,3,2026,1479,KERALA,BIHAR
21,32,3,2026,10,KERALA,ODISHA
27,32,3,2026,102,KERALA,MAHARASHTRA
30,32,3,2026,1,KERALA,GOA
07,36,3,2026,16,TELANGANA,DELHI
05,38,3,2026,14,DADAR & NAGAR HAVELI & DAMAN & DIU,UTTARAKHAND
23,38,3,2026,808,DADAR & NAGAR HAVELI & DAMAN & DIU,MADHYA PRADESH
24,38,3,2026,397,DADAR & NAGAR HAVELI & DAMAN & DIU,GUJARAT
08,01,4,2026,2,JAMMU AND KASHMIR,RAJASTHAN
20,01,4,2026,7,JAMMU AND KASHMIR,JHARKHAND
22,01,4,2026,1,JAMMU AND KASHMIR,CHHATTISGARH
23,01,4,2026,479,JAMMU AND KASHMIR,MADHYA PRADESH
09,02,4,2026,3033,HIMACHAL PRADESH,UTTAR PRADESH
10,02,4,2026,1319,HIMACHAL PRADESH,BIHAR
06,05,4,2026,22,UTTARAKHAND,HARYANA
20,05,4,2026,7,UTTARAKHAND,JHARKHAND
27,05,4,2026,1,UTTARAKHAND,MAHARASHTRA
09,06,4,2026,17363,HARYANA,UTTAR PRADESH
06,07,4,2026,1422,DELHI,HARYANA
08,07,4,2026,2002,DELHI,RAJASTHAN
28,07,4,2026,16,DELHI,ANDHRA PRADESH
33,07,4,2026,58,DELHI,TAMIL NADU
37,07,4,2026,1,DELHI,LADAKH
05,08,4,2026,23,RAJASTHAN,UTTARAKHAND
27,08,4,2026,24,RAJASTHAN,MAHARASHTRA
05,09,4,2026,132,UTTAR PRADESH,UTTARAKHAND
06,09,4,2026,523,UTTAR PRADESH,HARYANA
18,09,4,2026,2,UTTAR PRADESH,ASSAM
29,09,4,2026,4,UTTAR PRADESH,KARNATAKA
33,09,4,2026,2,UTTAR PRADESH,TAMIL NADU
38,09,4,2026,1,UTTAR PRADESH,DADAR & NAGAR HAVELI & DAMAN & DIU
05,10,4,2026,46,BIHAR,UTTARAKHAND
11,10,4,2026,1,BIHAR,SIKKIM
09,18,4,2026,2,ASSAM,UTTAR PRADESH
09,19,4,2026,166,WEST BENGAL,UTTAR PRADESH
08,23,4,2026,204,MADHYA PRADESH,RAJASTHAN
22,23,4,2026,7,MADHYA PRADESH,CHHATTISGARH
07,24,4,2026,21,GUJARAT,DELHI
08,24,4,2026,548,GUJARAT,RAJASTHAN
18,24,4,2026,1,GUJARAT,ASSAM
19,24,4,2026,5,GUJARAT,WEST BENGAL
20,24,4,2026,46,GUJARAT,JHARKHAND
27,24,4,2026,194,GUJARAT,MAHARASHTRA
08,27,4,2026,300,MAHARASHTRA,RAJASTHAN
19,27,4,2026,48,MAHARASHTRA,WEST BENGAL
22,27,4,2026,2,MAHARASHTRA,CHHATTISGARH
29,27,4,2026,121,MAHARASHTRA,KARNATAKA
06,28,4,2026,1,ANDHRA PRADESH,HARYANA
23,29,4,2026,3,KARNATAKA,MADHYA PRADESH
33,29,4,2026,4,KARNATAKA,TAMIL NADU
06,30,4,2026,2,GOA,HARYANA
10,30,4,2026,491,GOA,BIHAR
29,30,4,2026,162,GOA,KARNATAKA
33,30,4,2026,1,GOA,TAMIL NADU
19,32,4,2026,51,KERALA,WEST BENGAL
10,36,4,2026,3288,TELANGANA,BIHAR
19,36,4,2026,4,TELANGANA,WEST BENGAL
24,36,4,2026,9,TELANGANA,GUJARAT
